n:1 mse_avg:0.00 mse_y:0.00 mse_u:0.00 mse_v:0.00 psnr_avg:inf psnr_y:inf psnr_u:inf psnr_v:inf 
n:2 mse_avg:0.00 mse_y:0.00 mse_u:0.00 mse_v:0.00 psnr_avg:inf psnr_y:inf psnr_u:inf psnr_v:inf 
n:3 mse_avg:0.00 mse_y:0.00 mse_u:0.00 mse_v:0.00 psnr_avg:inf psnr_y:inf psnr_u:inf psnr_v:inf 
n:4 mse_avg:0.00 mse_y:0.00 mse_u:0.00 mse_v:0.00 psnr_avg:inf psnr_y:inf psnr_u:inf psnr_v:inf 
n:5 mse_avg:0.00 mse_y:0.00 mse_u:0.00 mse_v:0.00 psnr_avg:inf psnr_y:inf psnr_u:inf psnr_v:inf 
n:6 mse_avg:0.00 mse_y:0.00 mse_u:0.00 mse_v:0.00 psnr_avg:inf psnr_y:inf psnr_u:inf psnr_v:inf 
n:7 mse_avg:0.00 mse_y:0.00 mse_u:0.00 mse_v:0.00 psnr_avg:inf psnr_y:inf psnr_u:inf psnr_v:inf 
n:8 mse_avg:0.00 mse_y:0.00 mse_u:0.00 mse_v:0.00 psnr_avg:inf psnr_y:inf psnr_u:inf psnr_v:inf 
n:9 mse_avg:0.00 mse_y:0.00 mse_u:0.00 mse_v:0.00 psnr_avg:inf psnr_y:inf psnr_u:inf psnr_v:inf 
n:10 mse_avg:0.00 mse_y:0.00 mse_u:0.00 mse_v:0.00 psnr_avg:inf psnr_y:inf psnr_u:inf psnr_v:inf 
n:11 mse_avg:0.00 mse_y:0.00 mse_u:0.00 mse_v:0.00 psnr_avg:inf psnr_y:inf psnr_u:inf psnr_v:inf 
n:12 mse_avg:0.00 mse_y:0.00 mse_u:0.00 mse_v:0.00 psnr_avg:inf psnr_y:inf psnr_u:inf psnr_v:inf 
n:13 mse_avg:0.00 mse_y:0.00 mse_u:0.00 mse_v:0.00 psnr_avg:inf psnr_y:inf psnr_u:inf psnr_v:inf 
n:14 mse_avg:0.00 mse_y:0.00 mse_u:0.00 mse_v:0.00 psnr_avg:inf psnr_y:inf psnr_u:inf psnr_v:inf 
n:15 mse_avg:0.00 mse_y:0.00 mse_u:0.00 mse_v:0.00 psnr_avg:inf psnr_y:inf psnr_u:inf psnr_v:inf 
n:16 mse_avg:0.00 mse_y:0.00 mse_u:0.00 mse_v:0.00 psnr_avg:inf psnr_y:inf psnr_u:inf psnr_v:inf 
n:17 mse_avg:0.00 mse_y:0.00 mse_u:0.00 mse_v:0.00 psnr_avg:inf psnr_y:inf psnr_u:inf psnr_v:inf 
n:18 mse_avg:0.00 mse_y:0.00 mse_u:0.00 mse_v:0.00 psnr_avg:inf psnr_y:inf psnr_u:inf psnr_v:inf 
n:19 mse_avg:0.00 mse_y:0.00 mse_u:0.00 mse_v:0.00 psnr_avg:inf psnr_y:inf psnr_u:inf psnr_v:inf 
n:20 mse_avg:0.00 mse_y:0.00 mse_u:0.00 mse_v:0.00 psnr_avg:inf psnr_y:inf psnr_u:inf psnr_v:inf 
n:21 mse_avg:0.00 mse_y:0.00 mse_u:0.00 mse_v:0.00 psnr_avg:inf psnr_y:inf psnr_u:inf psnr_v:inf 
n:22 mse_avg:0.00 mse_y:0.00 mse_u:0.00 mse_v:0.00 psnr_avg:inf psnr_y:inf psnr_u:inf psnr_v:inf 
n:23 mse_avg:0.00 mse_y:0.00 mse_u:0.00 mse_v:0.00 psnr_avg:inf psnr_y:inf psnr_u:inf psnr_v:inf 
n:24 mse_avg:0.00 mse_y:0.00 mse_u:0.00 mse_v:0.00 psnr_avg:inf psnr_y:inf psnr_u:inf psnr_v:inf 
n:25 mse_avg:0.00 mse_y:0.00 mse_u:0.00 mse_v:0.00 psnr_avg:inf psnr_y:inf psnr_u:inf psnr_v:inf 
n:26 mse_avg:0.00 mse_y:0.00 mse_u:0.00 mse_v:0.00 psnr_avg:inf psnr_y:inf psnr_u:inf psnr_v:inf 
n:27 mse_avg:0.00 mse_y:0.00 mse_u:0.00 mse_v:0.00 psnr_avg:inf psnr_y:inf psnr_u:inf psnr_v:inf 
n:28 mse_avg:0.00 mse_y:0.00 mse_u:0.00 mse_v:0.00 psnr_avg:inf psnr_y:inf psnr_u:inf psnr_v:inf 
n:29 mse_avg:0.00 mse_y:0.00 mse_u:0.00 mse_v:0.00 psnr_avg:inf psnr_y:inf psnr_u:inf psnr_v:inf 
n:30 mse_avg:0.00 mse_y:0.00 mse_u:0.00 mse_v:0.00 psnr_avg:97.50 psnr_y:inf psnr_u:89.71 psnr_v:inf 
n:31 mse_avg:0.00 mse_y:0.00 mse_u:0.00 mse_v:0.00 psnr_avg:97.50 psnr_y:inf psnr_u:89.71 psnr_v:inf 
n:32 mse_avg:0.00 mse_y:0.00 mse_u:0.00 mse_v:0.00 psnr_avg:inf psnr_y:inf psnr_u:inf psnr_v:inf 
n:33 mse_avg:0.00 mse_y:0.00 mse_u:0.00 mse_v:0.00 psnr_avg:inf psnr_y:inf psnr_u:inf psnr_v:inf 
n:34 mse_avg:0.00 mse_y:0.00 mse_u:0.00 mse_v:0.00 psnr_avg:inf psnr_y:inf psnr_u:inf psnr_v:inf 
n:35 mse_avg:0.00 mse_y:0.00 mse_u:0.00 mse_v:0.00 psnr_avg:inf psnr_y:inf psnr_u:inf psnr_v:inf 
n:36 mse_avg:0.00 mse_y:0.00 mse_u:0.00 mse_v:0.00 psnr_avg:97.50 psnr_y:98.75 psnr_u:inf psnr_v:92.72 
n:37 mse_avg:0.00 mse_y:0.00 mse_u:0.00 mse_v:0.00 psnr_avg:100.51 psnr_y:98.75 psnr_u:inf psnr_v:inf 
n:38 mse_avg:0.00 mse_y:0.00 mse_u:0.00 mse_v:0.00 psnr_avg:88.75 psnr_y:86.98 psnr_u:inf psnr_v:inf 
n:39 mse_avg:0.00 mse_y:0.00 mse_u:0.00 mse_v:0.00 psnr_avg:90.29 psnr_y:88.53 psnr_u:inf psnr_v:inf 
n:40 mse_avg:0.00 mse_y:0.00 mse_u:0.00 mse_v:0.00 psnr_avg:91.48 psnr_y:89.71 psnr_u:inf psnr_v:inf 
n:41 mse_avg:0.00 mse_y:0.00 mse_u:0.00 mse_v:0.00 psnr_avg:89.90 psnr_y:88.14 psnr_u:inf psnr_v:inf 
n:42 mse_avg:0.00 mse_y:0.00 mse_u:0.00 mse_v:0.00 psnr_avg:84.54 psnr_y:82.78 psnr_u:inf psnr_v:inf 
n:43 mse_avg:0.00 mse_y:0.00 mse_u:0.00 mse_v:0.00 psnr_avg:86.98 psnr_y:85.22 psnr_u:inf psnr_v:inf 
n:44 mse_avg:0.00 mse_y:0.00 mse_u:0.00 mse_v:0.00 psnr_avg:85.07 psnr_y:83.30 psnr_u:inf psnr_v:inf 
n:45 mse_avg:0.00 mse_y:0.00 mse_u:0.00 mse_v:0.00 psnr_avg:86.70 psnr_y:84.94 psnr_u:inf psnr_v:inf 
n:46 mse_avg:0.00 mse_y:0.00 mse_u:0.00 mse_v:0.00 psnr_avg:85.07 psnr_y:83.30 psnr_u:inf psnr_v:inf 
n:47 mse_avg:0.00 mse_y:0.00 mse_u:0.00 mse_v:0.00 psnr_avg:84.38 psnr_y:82.62 psnr_u:inf psnr_v:inf 
n:48 mse_avg:0.00 mse_y:0.00 mse_u:0.00 mse_v:0.00 psnr_avg:84.02 psnr_y:82.26 psnr_u:inf psnr_v:inf 
n:49 mse_avg:0.00 mse_y:0.00 mse_u:0.00 mse_v:0.00 psnr_avg:86.44 psnr_y:84.68 psnr_u:inf psnr_v:inf 
n:50 mse_avg:0.00 mse_y:0.00 mse_u:0.00 mse_v:0.00 psnr_avg:85.88 psnr_y:84.12 psnr_u:inf psnr_v:inf 
n:51 mse_avg:0.00 mse_y:0.00 mse_u:0.00 mse_v:0.00 psnr_avg:85.32 psnr_y:83.56 psnr_u:inf psnr_v:inf 
n:52 mse_avg:0.00 mse_y:0.00 mse_u:0.00 mse_v:0.00 psnr_avg:82.44 psnr_y:80.68 psnr_u:inf psnr_v:inf 
n:53 mse_avg:0.00 mse_y:0.00 mse_u:0.00 mse_v:0.00 psnr_avg:85.52 psnr_y:83.76 psnr_u:inf psnr_v:inf 
n:54 mse_avg:0.00 mse_y:0.00 mse_u:0.00 mse_v:0.00 psnr_avg:82.34 psnr_y:80.58 psnr_u:inf psnr_v:inf 
n:55 mse_avg:0.00 mse_y:0.00 mse_u:0.00 mse_v:0.00 psnr_avg:84.65 psnr_y:82.89 psnr_u:inf psnr_v:inf 
n:56 mse_avg:0.00 mse_y:0.00 mse_u:0.00 mse_v:0.00 psnr_avg:81.42 psnr_y:79.66 psnr_u:inf psnr_v:inf 
n:57 mse_avg:0.00 mse_y:0.00 mse_u:0.00 mse_v:0.00 psnr_avg:84.88 psnr_y:83.12 psnr_u:inf psnr_v:inf 
n:58 mse_avg:0.00 mse_y:0.00 mse_u:0.00 mse_v:0.00 psnr_avg:82.72 psnr_y:80.96 psnr_u:inf psnr_v:inf 
n:59 mse_avg:0.00 mse_y:0.00 mse_u:0.00 mse_v:0.00 psnr_avg:84.77 psnr_y:83.01 psnr_u:inf psnr_v:inf 
n:60 mse_avg:0.00 mse_y:0.00 mse_u:0.00 mse_v:0.00 psnr_avg:84.33 psnr_y:82.56 psnr_u:inf psnr_v:inf 
n:61 mse_avg:0.00 mse_y:0.00 mse_u:0.00 mse_v:0.00 psnr_avg:83.52 psnr_y:81.76 psnr_u:inf psnr_v:inf 
n:62 mse_avg:0.00 mse_y:0.00 mse_u:0.00 mse_v:0.00 psnr_avg:81.53 psnr_y:79.77 psnr_u:inf psnr_v:inf 
n:63 mse_avg:0.00 mse_y:0.00 mse_u:0.00 mse_v:0.00 psnr_avg:83.06 psnr_y:81.30 psnr_u:inf psnr_v:inf 
n:64 mse_avg:0.00 mse_y:0.00 mse_u:0.00 mse_v:0.00 psnr_avg:80.94 psnr_y:79.18 psnr_u:inf psnr_v:inf 
n:65 mse_avg:0.00 mse_y:0.00 mse_u:0.00 mse_v:0.00 psnr_avg:83.65 psnr_y:81.89 psnr_u:inf psnr_v:inf 
n:66 mse_avg:0.00 mse_y:0.00 mse_u:0.00 mse_v:0.00 psnr_avg:81.53 psnr_y:79.77 psnr_u:inf psnr_v:inf 
n:67 mse_avg:0.00 mse_y:0.00 mse_u:0.00 mse_v:0.00 psnr_avg:81.32 psnr_y:79.55 psnr_u:inf psnr_v:inf 
n:68 mse_avg:0.00 mse_y:0.00 mse_u:0.00 mse_v:0.00 psnr_avg:81.19 psnr_y:79.43 psnr_u:inf psnr_v:inf 
n:69 mse_avg:0.00 mse_y:0.00 mse_u:0.00 mse_v:0.00 psnr_avg:83.60 psnr_y:81.84 psnr_u:inf psnr_v:inf 
n:70 mse_avg:0.00 mse_y:0.00 mse_u:0.00 mse_v:0.00 psnr_avg:81.09 psnr_y:79.33 psnr_u:inf psnr_v:inf 
n:71 mse_avg:0.00 mse_y:0.00 mse_u:0.00 mse_v:0.00 psnr_avg:82.80 psnr_y:81.04 psnr_u:inf psnr_v:inf 
n:72 mse_avg:0.00 mse_y:0.00 mse_u:0.00 mse_v:0.00 psnr_avg:80.48 psnr_y:78.72 psnr_u:inf psnr_v:inf 
n:73 mse_avg:0.00 mse_y:0.00 mse_u:0.00 mse_v:0.00 psnr_avg:82.34 psnr_y:80.58 psnr_u:inf psnr_v:inf 
n:74 mse_avg:0.00 mse_y:0.00 mse_u:0.00 mse_v:0.00 psnr_avg:79.61 psnr_y:77.85 psnr_u:inf psnr_v:inf 
n:75 mse_avg:0.00 mse_y:0.00 mse_u:0.00 mse_v:0.00 psnr_avg:83.18 psnr_y:81.42 psnr_u:inf psnr_v:inf 
n:76 mse_avg:0.00 mse_y:0.00 mse_u:0.00 mse_v:0.00 psnr_avg:79.88 psnr_y:78.12 psnr_u:inf psnr_v:inf 
n:77 mse_avg:0.00 mse_y:0.00 mse_u:0.00 mse_v:0.00 psnr_avg:82.72 psnr_y:80.96 psnr_u:inf psnr_v:inf 
n:78 mse_avg:0.00 mse_y:0.00 mse_u:0.00 mse_v:0.00 psnr_avg:80.66 psnr_y:78.90 psnr_u:inf psnr_v:inf 
n:79 mse_avg:0.00 mse_y:0.00 mse_u:0.00 mse_v:0.00 psnr_avg:81.34 psnr_y:79.58 psnr_u:inf psnr_v:inf 
n:80 mse_avg:0.00 mse_y:0.00 mse_u:0.00 mse_v:0.00 psnr_avg:78.72 psnr_y:76.96 psnr_u:inf psnr_v:inf 
n:81 mse_avg:0.00 mse_y:0.00 mse_u:0.00 mse_v:0.00 psnr_avg:82.06 psnr_y:80.29 psnr_u:inf psnr_v:inf 
n:82 mse_avg:0.00 mse_y:0.00 mse_u:0.00 mse_v:0.00 psnr_avg:79.03 psnr_y:77.27 psnr_u:inf psnr_v:inf 
n:83 mse_avg:0.00 mse_y:0.00 mse_u:0.00 mse_v:0.00 psnr_avg:81.78 psnr_y:80.02 psnr_u:inf psnr_v:inf 
n:84 mse_avg:0.00 mse_y:0.00 mse_u:0.00 mse_v:0.00 psnr_avg:79.99 psnr_y:78.23 psnr_u:inf psnr_v:inf 
n:85 mse_avg:0.00 mse_y:0.00 mse_u:0.00 mse_v:0.00 psnr_avg:82.41 psnr_y:80.65 psnr_u:inf psnr_v:inf 
n:86 mse_avg:0.00 mse_y:0.00 mse_u:0.00 mse_v:0.00 psnr_avg:79.28 psnr_y:77.52 psnr_u:inf psnr_v:inf 
n:87 mse_avg:0.00 mse_y:0.00 mse_u:0.00 mse_v:0.00 psnr_avg:82.28 psnr_y:80.52 psnr_u:inf psnr_v:inf 
n:88 mse_avg:0.00 mse_y:0.00 mse_u:0.00 mse_v:0.00 psnr_avg:78.69 psnr_y:76.93 psnr_u:inf psnr_v:inf 
n:89 mse_avg:0.00 mse_y:0.00 mse_u:0.00 mse_v:0.00 psnr_avg:81.11 psnr_y:79.35 psnr_u:inf psnr_v:inf 
n:90 mse_avg:0.00 mse_y:0.00 mse_u:0.00 mse_v:0.00 psnr_avg:78.86 psnr_y:77.10 psnr_u:inf psnr_v:inf 
n:91 mse_avg:0.00 mse_y:0.00 mse_u:0.00 mse_v:0.00 psnr_avg:80.59 psnr_y:78.83 psnr_u:inf psnr_v:inf 
n:92 mse_avg:0.00 mse_y:0.00 mse_u:0.00 mse_v:0.00 psnr_avg:77.75 psnr_y:75.99 psnr_u:inf psnr_v:inf 
n:93 mse_avg:0.00 mse_y:0.00 mse_u:0.00 mse_v:0.00 psnr_avg:82.38 psnr_y:80.62 psnr_u:inf psnr_v:inf 
n:94 mse_avg:0.00 mse_y:0.00 mse_u:0.00 mse_v:0.00 psnr_avg:82.41 psnr_y:80.65 psnr_u:inf psnr_v:inf 
n:95 mse_avg:0.00 mse_y:0.00 mse_u:0.00 mse_v:0.00 psnr_avg:77.47 psnr_y:75.71 psnr_u:inf psnr_v:inf 
n:96 mse_avg:0.00 mse_y:0.00 mse_u:0.00 mse_v:0.00 psnr_avg:81.78 psnr_y:80.02 psnr_u:inf psnr_v:inf 
n:97 mse_avg:0.00 mse_y:0.00 mse_u:0.00 mse_v:0.00 psnr_avg:82.12 psnr_y:80.36 psnr_u:inf psnr_v:inf 
n:98 mse_avg:0.00 mse_y:0.00 mse_u:0.00 mse_v:0.00 psnr_avg:82.51 psnr_y:80.75 psnr_u:inf psnr_v:inf 
n:99 mse_avg:0.00 mse_y:0.00 mse_u:0.00 mse_v:0.00 psnr_avg:81.04 psnr_y:79.28 psnr_u:inf psnr_v:inf 
n:100 mse_avg:0.00 mse_y:0.00 mse_u:0.00 mse_v:0.00 psnr_avg:82.25 psnr_y:80.48 psnr_u:inf psnr_v:inf 
n:101 mse_avg:0.00 mse_y:0.00 mse_u:0.00 mse_v:0.00 psnr_avg:81.78 psnr_y:80.02 psnr_u:inf psnr_v:inf 
n:102 mse_avg:0.00 mse_y:0.00 mse_u:0.00 mse_v:0.00 psnr_avg:79.73 psnr_y:77.97 psnr_u:inf psnr_v:inf 
n:103 mse_avg:0.00 mse_y:0.00 mse_u:0.00 mse_v:0.00 psnr_avg:80.19 psnr_y:78.43 psnr_u:inf psnr_v:inf 
n:104 mse_avg:0.00 mse_y:0.00 mse_u:0.00 mse_v:0.00 psnr_avg:81.87 psnr_y:80.11 psnr_u:inf psnr_v:inf 
n:105 mse_avg:0.00 mse_y:0.00 mse_u:0.00 mse_v:0.00 psnr_avg:79.77 psnr_y:78.01 psnr_u:inf psnr_v:inf 
n:106 mse_avg:0.00 mse_y:0.00 mse_u:0.00 mse_v:0.00 psnr_avg:80.36 psnr_y:78.60 psnr_u:inf psnr_v:inf 
n:107 mse_avg:0.00 mse_y:0.00 mse_u:0.00 mse_v:0.00 psnr_avg:80.64 psnr_y:78.88 psnr_u:inf psnr_v:inf 
n:108 mse_avg:0.00 mse_y:0.00 mse_u:0.00 mse_v:0.00 psnr_avg:81.48 psnr_y:79.71 psnr_u:inf psnr_v:inf 
n:109 mse_avg:0.00 mse_y:0.00 mse_u:0.00 mse_v:0.00 psnr_avg:79.14 psnr_y:77.38 psnr_u:inf psnr_v:inf 
n:110 mse_avg:0.00 mse_y:0.00 mse_u:0.00 mse_v:0.00 psnr_avg:81.67 psnr_y:79.91 psnr_u:inf psnr_v:inf 
n:111 mse_avg:0.00 mse_y:0.00 mse_u:0.00 mse_v:0.00 psnr_avg:78.89 psnr_y:77.13 psnr_u:inf psnr_v:inf 
n:112 mse_avg:0.00 mse_y:0.00 mse_u:0.00 mse_v:0.00 psnr_avg:80.80 psnr_y:79.04 psnr_u:inf psnr_v:inf 
n:113 mse_avg:0.00 mse_y:0.00 mse_u:0.00 mse_v:0.00 psnr_avg:79.62 psnr_y:77.86 psnr_u:inf psnr_v:inf 
n:114 mse_avg:0.00 mse_y:0.00 mse_u:0.00 mse_v:0.00 psnr_avg:79.90 psnr_y:78.14 psnr_u:inf psnr_v:inf 
n:115 mse_avg:0.00 mse_y:0.00 mse_u:0.00 mse_v:0.00 psnr_avg:78.34 psnr_y:76.58 psnr_u:inf psnr_v:inf 
n:116 mse_avg:0.00 mse_y:0.00 mse_u:0.00 mse_v:0.00 psnr_avg:80.89 psnr_y:79.13 psnr_u:inf psnr_v:inf 
n:117 mse_avg:0.00 mse_y:0.00 mse_u:0.00 mse_v:0.00 psnr_avg:79.30 psnr_y:77.54 psnr_u:inf psnr_v:inf 
n:118 mse_avg:0.00 mse_y:0.00 mse_u:0.00 mse_v:0.00 psnr_avg:79.40 psnr_y:77.64 psnr_u:inf psnr_v:inf 
n:119 mse_avg:0.00 mse_y:0.00 mse_u:0.00 mse_v:0.00 psnr_avg:79.66 psnr_y:77.90 psnr_u:inf psnr_v:inf 
n:120 mse_avg:0.00 mse_y:0.00 mse_u:0.00 mse_v:0.00 psnr_avg:80.55 psnr_y:78.79 psnr_u:inf psnr_v:inf 
n:121 mse_avg:0.00 mse_y:0.00 mse_u:0.00 mse_v:0.00 psnr_avg:79.45 psnr_y:77.69 psnr_u:inf psnr_v:inf 
n:122 mse_avg:0.00 mse_y:0.00 mse_u:0.00 mse_v:0.00 psnr_avg:80.87 psnr_y:79.11 psnr_u:inf psnr_v:inf 
n:123 mse_avg:0.00 mse_y:0.00 mse_u:0.00 mse_v:0.00 psnr_avg:80.11 psnr_y:78.35 psnr_u:inf psnr_v:inf 
n:124 mse_avg:0.00 mse_y:0.00 mse_u:0.00 mse_v:0.00 psnr_avg:80.87 psnr_y:79.11 psnr_u:inf psnr_v:inf 
n:125 mse_avg:0.00 mse_y:0.00 mse_u:0.00 mse_v:0.00 psnr_avg:80.92 psnr_y:79.15 psnr_u:inf psnr_v:inf 
n:126 mse_avg:0.00 mse_y:0.00 mse_u:0.00 mse_v:0.00 psnr_avg:79.77 psnr_y:78.01 psnr_u:inf psnr_v:inf 
n:127 mse_avg:0.00 mse_y:0.00 mse_u:0.00 mse_v:0.00 psnr_avg:79.70 psnr_y:77.94 psnr_u:inf psnr_v:inf 
n:128 mse_avg:0.00 mse_y:0.00 mse_u:0.00 mse_v:0.00 psnr_avg:80.64 psnr_y:78.88 psnr_u:inf psnr_v:inf 
n:129 mse_avg:0.00 mse_y:0.00 mse_u:0.00 mse_v:0.00 psnr_avg:80.44 psnr_y:78.68 psnr_u:inf psnr_v:inf 
n:130 mse_avg:0.00 mse_y:0.00 mse_u:0.00 mse_v:0.00 psnr_avg:80.82 psnr_y:79.06 psnr_u:inf psnr_v:inf 
n:131 mse_avg:0.00 mse_y:0.00 mse_u:0.00 mse_v:0.00 psnr_avg:80.92 psnr_y:79.15 psnr_u:inf psnr_v:inf 
n:132 mse_avg:0.00 mse_y:0.00 mse_u:0.00 mse_v:0.00 psnr_avg:79.86 psnr_y:78.10 psnr_u:inf psnr_v:inf 
n:133 mse_avg:0.00 mse_y:0.00 mse_u:0.00 mse_v:0.00 psnr_avg:79.68 psnr_y:77.92 psnr_u:inf psnr_v:inf 
n:134 mse_avg:0.00 mse_y:0.00 mse_u:0.00 mse_v:0.00 psnr_avg:79.98 psnr_y:78.21 psnr_u:inf psnr_v:inf 
n:135 mse_avg:0.00 mse_y:0.00 mse_u:0.00 mse_v:0.00 psnr_avg:79.82 psnr_y:78.06 psnr_u:inf psnr_v:inf 
n:136 mse_avg:0.00 mse_y:0.00 mse_u:0.00 mse_v:0.00 psnr_avg:79.43 psnr_y:77.67 psnr_u:inf psnr_v:inf 
n:137 mse_avg:0.00 mse_y:0.00 mse_u:0.00 mse_v:0.00 psnr_avg:76.59 psnr_y:74.88 psnr_u:inf psnr_v:87.95 
n:138 mse_avg:0.00 mse_y:0.00 mse_u:0.00 mse_v:0.00 psnr_avg:78.97 psnr_y:77.30 psnr_u:inf psnr_v:87.95 
n:139 mse_avg:0.00 mse_y:0.00 mse_u:0.00 mse_v:0.00 psnr_avg:79.08 psnr_y:77.41 psnr_u:inf psnr_v:87.95 
n:140 mse_avg:0.00 mse_y:0.00 mse_u:0.00 mse_v:0.00 psnr_avg:79.37 psnr_y:77.71 psnr_u:inf psnr_v:87.95 
n:141 mse_avg:0.00 mse_y:0.00 mse_u:0.00 mse_v:0.00 psnr_avg:79.24 psnr_y:77.56 psnr_u:inf psnr_v:88.75 
n:142 mse_avg:0.00 mse_y:0.00 mse_u:0.00 mse_v:0.00 psnr_avg:79.04 psnr_y:77.33 psnr_u:inf psnr_v:90.96 
n:143 mse_avg:0.00 mse_y:0.00 mse_u:0.00 mse_v:0.00 psnr_avg:78.86 psnr_y:77.13 psnr_u:inf psnr_v:92.72 
n:144 mse_avg:0.00 mse_y:0.00 mse_u:0.00 mse_v:0.00 psnr_avg:78.91 psnr_y:77.16 psnr_u:inf psnr_v:95.74 
n:145 mse_avg:0.00 mse_y:0.00 mse_u:0.00 mse_v:0.00 psnr_avg:78.75 psnr_y:77.06 psnr_u:inf psnr_v:88.75 
n:146 mse_avg:0.00 mse_y:0.00 mse_u:0.00 mse_v:0.00 psnr_avg:78.60 psnr_y:76.94 psnr_u:inf psnr_v:87.28 
n:147 mse_avg:0.00 mse_y:0.00 mse_u:0.00 mse_v:0.00 psnr_avg:78.37 psnr_y:76.79 psnr_u:inf psnr_v:84.60 
n:148 mse_avg:0.00 mse_y:0.00 mse_u:0.00 mse_v:0.00 psnr_avg:78.51 psnr_y:76.87 psnr_u:inf psnr_v:86.19 
n:149 mse_avg:0.00 mse_y:0.00 mse_u:0.00 mse_v:0.00 psnr_avg:78.06 psnr_y:76.49 psnr_u:inf psnr_v:83.97 
n:150 mse_avg:0.00 mse_y:0.00 mse_u:0.00 mse_v:0.00 psnr_avg:78.36 psnr_y:76.69 psnr_u:inf psnr_v:87.28 
n:151 mse_avg:0.00 mse_y:0.00 mse_u:0.00 mse_v:0.00 psnr_avg:77.61 psnr_y:76.00 psnr_u:inf psnr_v:84.27 
n:152 mse_avg:0.00 mse_y:0.00 mse_u:0.00 mse_v:0.00 psnr_avg:78.00 psnr_y:76.39 psnr_u:inf psnr_v:84.94 
n:153 mse_avg:0.00 mse_y:0.00 mse_u:0.00 mse_v:0.00 psnr_avg:77.04 psnr_y:75.40 psnr_u:inf psnr_v:84.94 
n:154 mse_avg:0.00 mse_y:0.00 mse_u:0.00 mse_v:0.00 psnr_avg:74.96 psnr_y:73.39 psnr_u:88.75 psnr_v:81.59 
n:155 mse_avg:0.00 mse_y:0.00 mse_u:0.00 mse_v:0.00 psnr_avg:77.51 psnr_y:75.98 psnr_u:87.95 psnr_v:83.97 
n:156 mse_avg:0.00 mse_y:0.00 mse_u:0.00 mse_v:0.00 psnr_avg:77.05 psnr_y:75.59 psnr_u:87.28 psnr_v:82.31 
n:157 mse_avg:0.00 mse_y:0.00 mse_u:0.00 mse_v:0.00 psnr_avg:75.43 psnr_y:73.91 psnr_u:87.28 psnr_v:81.26 
n:158 mse_avg:0.00 mse_y:0.00 mse_u:0.00 mse_v:0.00 psnr_avg:77.38 psnr_y:75.96 psnr_u:86.70 psnr_v:82.12 
n:159 mse_avg:0.00 mse_y:0.00 mse_u:0.00 mse_v:0.00 psnr_avg:76.31 psnr_y:75.06 psnr_u:82.95 psnr_v:79.71 
n:160 mse_avg:0.00 mse_y:0.00 mse_u:0.00 mse_v:0.00 psnr_avg:76.82 psnr_y:75.54 psnr_u:83.97 psnr_v:80.42 
n:161 mse_avg:0.00 mse_y:0.00 mse_u:0.00 mse_v:0.00 psnr_avg:76.55 psnr_y:75.30 psnr_u:83.69 psnr_v:79.82 
n:162 mse_avg:0.00 mse_y:0.00 mse_u:0.00 mse_v:0.00 psnr_avg:76.02 psnr_y:74.75 psnr_u:82.95 psnr_v:79.61 
n:163 mse_avg:0.00 mse_y:0.00 mse_u:0.00 mse_v:0.00 psnr_avg:75.92 psnr_y:74.65 psnr_u:82.95 psnr_v:79.40 
n:164 mse_avg:0.00 mse_y:0.00 mse_u:0.00 mse_v:0.00 psnr_avg:76.00 psnr_y:74.71 psnr_u:82.72 psnr_v:80.05 
n:165 mse_avg:0.00 mse_y:0.00 mse_u:0.00 mse_v:0.00 psnr_avg:75.73 psnr_y:74.34 psnr_u:84.94 psnr_v:79.94 
n:166 mse_avg:0.00 mse_y:0.00 mse_u:0.00 mse_v:0.00 psnr_avg:75.82 psnr_y:74.49 psnr_u:83.18 psnr_v:80.05 
n:167 mse_avg:0.00 mse_y:0.00 mse_u:0.00 mse_v:0.00 psnr_avg:76.00 psnr_y:74.69 psnr_u:83.18 psnr_v:80.05 
n:168 mse_avg:0.00 mse_y:0.01 mse_u:0.00 mse_v:0.00 psnr_avg:71.18 psnr_y:69.56 psnr_u:83.18 psnr_v:80.05 
n:169 mse_avg:0.76 mse_y:1.08 mse_u:0.09 mse_v:0.14 psnr_avg:49.32 psnr_y:47.79 psnr_u:58.37 psnr_v:56.55 
n:170 mse_avg:0.01 mse_y:0.01 mse_u:0.00 mse_v:0.00 psnr_avg:69.52 psnr_y:68.00 psnr_u:81.93 psnr_v:75.17 
n:171 mse_avg:0.06 mse_y:0.08 mse_u:0.00 mse_v:0.01 psnr_avg:60.56 psnr_y:58.99 psnr_u:75.40 psnr_v:67.05 
n:172 mse_avg:0.02 mse_y:0.03 mse_u:0.01 mse_v:0.00 psnr_avg:65.10 psnr_y:63.73 psnr_u:69.99 psnr_v:72.17 
n:173 mse_avg:0.05 mse_y:0.08 mse_u:0.00 mse_v:0.02 psnr_avg:60.76 psnr_y:59.30 psnr_u:74.37 psnr_v:65.22 
n:174 mse_avg:0.04 mse_y:0.05 mse_u:0.01 mse_v:0.01 psnr_avg:62.66 psnr_y:61.30 psnr_u:68.12 psnr_v:68.82 
n:175 mse_avg:0.07 mse_y:0.10 mse_u:0.00 mse_v:0.02 psnr_avg:59.62 psnr_y:58.09 psnr_u:73.69 psnr_v:65.21 
n:176 mse_avg:0.04 mse_y:0.05 mse_u:0.01 mse_v:0.01 psnr_avg:62.36 psnr_y:60.99 psnr_u:67.38 psnr_v:69.39 
n:177 mse_avg:0.07 mse_y:0.10 mse_u:0.00 mse_v:0.03 psnr_avg:59.47 psnr_y:58.06 psnr_u:72.60 psnr_v:63.18 
n:178 mse_avg:0.04 mse_y:0.05 mse_u:0.03 mse_v:0.01 psnr_avg:62.07 psnr_y:61.03 psnr_u:64.01 psnr_v:67.59 
n:179 mse_avg:0.08 mse_y:0.11 mse_u:0.01 mse_v:0.03 psnr_avg:59.00 psnr_y:57.58 psnr_u:70.93 psnr_v:63.19 
n:180 mse_avg:0.04 mse_y:0.05 mse_u:0.01 mse_v:0.01 psnr_avg:62.04 psnr_y:60.78 psnr_u:66.38 psnr_v:67.65 
n:181 mse_avg:0.09 mse_y:0.13 mse_u:0.00 mse_v:0.05 psnr_avg:58.36 psnr_y:56.99 psnr_u:72.49 psnr_v:61.51 
n:182 mse_avg:0.05 mse_y:0.07 mse_u:0.04 mse_v:0.02 psnr_avg:60.87 psnr_y:59.90 psnr_u:62.51 psnr_v:66.00 
n:183 mse_avg:0.09 mse_y:0.13 mse_u:0.01 mse_v:0.04 psnr_avg:58.42 psnr_y:57.03 psnr_u:68.58 psnr_v:62.40 
n:184 mse_avg:0.05 mse_y:0.07 mse_u:0.03 mse_v:0.02 psnr_avg:61.00 psnr_y:59.87 psnr_u:64.01 psnr_v:66.04 
n:185 mse_avg:0.10 mse_y:0.13 mse_u:0.01 mse_v:0.03 psnr_avg:58.31 psnr_y:56.88 psnr_u:68.56 psnr_v:62.92 
n:186 mse_avg:0.05 mse_y:0.06 mse_u:0.03 mse_v:0.02 psnr_avg:61.17 psnr_y:60.14 psnr_u:63.77 psnr_v:65.42 
n:187 mse_avg:0.12 mse_y:0.17 mse_u:0.01 mse_v:0.03 psnr_avg:57.36 psnr_y:55.88 psnr_u:66.41 psnr_v:63.41 
n:188 mse_avg:0.06 mse_y:0.08 mse_u:0.04 mse_v:0.01 psnr_avg:60.45 psnr_y:59.34 psnr_u:62.55 psnr_v:67.00 
n:189 mse_avg:0.13 mse_y:0.18 mse_u:0.01 mse_v:0.05 psnr_avg:56.94 psnr_y:55.55 psnr_u:66.54 psnr_v:61.25 
n:190 mse_avg:0.07 mse_y:0.09 mse_u:0.05 mse_v:0.02 psnr_avg:59.71 psnr_y:58.69 psnr_u:61.37 psnr_v:65.64 
n:191 mse_avg:0.13 mse_y:0.18 mse_u:0.01 mse_v:0.04 psnr_avg:57.15 psnr_y:55.68 psnr_u:67.34 psnr_v:62.44 
n:192 mse_avg:0.05 mse_y:0.07 mse_u:0.02 mse_v:0.01 psnr_avg:61.13 psnr_y:59.90 psnr_u:64.80 psnr_v:67.03 
n:193 mse_avg:0.13 mse_y:0.19 mse_u:0.01 mse_v:0.04 psnr_avg:56.85 psnr_y:55.37 psnr_u:67.69 psnr_v:62.14 
n:194 mse_avg:0.06 mse_y:0.08 mse_u:0.04 mse_v:0.02 psnr_avg:60.13 psnr_y:59.08 psnr_u:62.10 psnr_v:65.96 
n:195 mse_avg:0.15 mse_y:0.20 mse_u:0.01 mse_v:0.04 psnr_avg:56.50 psnr_y:55.02 psnr_u:66.38 psnr_v:62.19 
n:196 mse_avg:0.07 mse_y:0.09 mse_u:0.04 mse_v:0.01 psnr_avg:59.85 psnr_y:58.72 psnr_u:62.06 psnr_v:66.74 
n:197 mse_avg:0.16 mse_y:0.23 mse_u:0.02 mse_v:0.04 psnr_avg:56.06 psnr_y:54.59 psnr_u:64.87 psnr_v:62.08 
n:198 mse_avg:0.06 mse_y:0.07 mse_u:0.06 mse_v:0.01 psnr_avg:60.20 psnr_y:59.42 psnr_u:60.31 psnr_v:66.44 
n:199 mse_avg:0.06 mse_y:0.08 mse_u:0.01 mse_v:0.03 psnr_avg:60.36 psnr_y:59.09 psnr_u:70.39 psnr_v:63.06 
n:200 mse_avg:0.02 mse_y:0.03 mse_u:0.02 mse_v:0.01 psnr_avg:64.61 psnr_y:63.75 psnr_u:65.91 psnr_v:68.71 
n:201 mse_avg:0.15 mse_y:0.21 mse_u:0.01 mse_v:0.04 psnr_avg:56.35 psnr_y:54.86 psnr_u:67.07 psnr_v:62.05 
n:202 mse_avg:0.07 mse_y:0.09 mse_u:0.04 mse_v:0.01 psnr_avg:59.77 psnr_y:58.68 psnr_u:61.71 psnr_v:66.41 
n:203 mse_avg:0.13 mse_y:0.18 mse_u:0.01 mse_v:0.03 psnr_avg:57.13 psnr_y:55.61 psnr_u:69.19 psnr_v:62.90 
n:204 mse_avg:0.06 mse_y:0.08 mse_u:0.03 mse_v:0.01 psnr_avg:60.41 psnr_y:59.17 psnr_u:63.71 psnr_v:67.10 
n:205 mse_avg:0.16 mse_y:0.23 mse_u:0.02 mse_v:0.06 psnr_avg:55.98 psnr_y:54.59 psnr_u:64.69 psnr_v:60.48 
n:206 mse_avg:0.07 mse_y:0.08 mse_u:0.04 mse_v:0.02 psnr_avg:59.94 psnr_y:58.92 psnr_u:61.65 psnr_v:65.67 
n:207 mse_avg:0.13 mse_y:0.19 mse_u:0.01 mse_v:0.03 psnr_avg:56.90 psnr_y:55.39 psnr_u:66.90 psnr_v:63.29 
n:208 mse_avg:0.06 mse_y:0.08 mse_u:0.06 mse_v:0.01 psnr_avg:60.10 psnr_y:59.20 psnr_u:60.51 psnr_v:67.95 
n:209 mse_avg:0.16 mse_y:0.22 mse_u:0.02 mse_v:0.06 psnr_avg:56.04 psnr_y:54.62 psnr_u:65.81 psnr_v:60.66 
n:210 mse_avg:0.08 mse_y:0.10 mse_u:0.07 mse_v:0.02 psnr_avg:59.19 psnr_y:58.26 psnr_u:59.97 psnr_v:65.83 
n:211 mse_avg:0.17 mse_y:0.24 mse_u:0.01 mse_v:0.04 psnr_avg:55.86 psnr_y:54.33 psnr_u:67.23 psnr_v:62.06 
n:212 mse_avg:0.08 mse_y:0.10 mse_u:0.06 mse_v:0.01 psnr_avg:59.21 psnr_y:58.12 psnr_u:60.69 psnr_v:67.51 
n:213 mse_avg:0.22 mse_y:0.30 mse_u:0.02 mse_v:0.07 psnr_avg:54.77 psnr_y:53.35 psnr_u:64.45 psnr_v:59.39 
n:214 mse_avg:0.09 mse_y:0.12 mse_u:0.07 mse_v:0.02 psnr_avg:58.41 psnr_y:57.44 psnr_u:59.73 psnr_v:64.29 
n:215 mse_avg:0.16 mse_y:0.23 mse_u:0.01 mse_v:0.05 psnr_avg:56.07 psnr_y:54.59 psnr_u:66.63 psnr_v:61.53 
n:216 mse_avg:0.07 mse_y:0.09 mse_u:0.05 mse_v:0.02 psnr_avg:59.53 psnr_y:58.63 psnr_u:60.84 psnr_v:64.21 
n:217 mse_avg:0.20 mse_y:0.28 mse_u:0.02 mse_v:0.08 psnr_avg:55.08 psnr_y:53.70 psnr_u:65.04 psnr_v:58.91 
n:218 mse_avg:0.10 mse_y:0.11 mse_u:0.11 mse_v:0.03 psnr_avg:58.23 psnr_y:57.60 psnr_u:57.75 psnr_v:64.11 
n:219 mse_avg:0.24 mse_y:0.34 mse_u:0.02 mse_v:0.06 psnr_avg:54.32 psnr_y:52.82 psnr_u:64.36 psnr_v:60.34 
n:220 mse_avg:0.11 mse_y:0.13 mse_u:0.08 mse_v:0.03 psnr_avg:57.82 psnr_y:56.91 psnr_u:58.86 psnr_v:63.20 
n:221 mse_avg:0.22 mse_y:0.30 mse_u:0.03 mse_v:0.08 psnr_avg:54.71 psnr_y:53.34 psnr_u:63.36 psnr_v:59.04 
n:222 mse_avg:0.10 mse_y:0.12 mse_u:0.07 mse_v:0.04 psnr_avg:58.11 psnr_y:57.20 psnr_u:59.68 psnr_v:62.54 
n:223 mse_avg:0.22 mse_y:0.31 mse_u:0.02 mse_v:0.08 psnr_avg:54.69 psnr_y:53.26 psnr_u:64.38 psnr_v:59.36 
n:224 mse_avg:0.09 mse_y:0.11 mse_u:0.07 mse_v:0.03 psnr_avg:58.39 psnr_y:57.54 psnr_u:59.41 psnr_v:63.00 
n:225 mse_avg:0.34 mse_y:0.45 mse_u:0.11 mse_v:0.13 psnr_avg:52.79 psnr_y:51.60 psnr_u:57.53 psnr_v:56.83 
n:226 mse_avg:0.09 mse_y:0.10 mse_u:0.10 mse_v:0.04 psnr_avg:58.58 psnr_y:58.14 psnr_u:58.20 psnr_v:61.75 
n:227 mse_avg:0.21 mse_y:0.29 mse_u:0.02 mse_v:0.06 psnr_avg:54.94 psnr_y:53.49 psnr_u:64.71 psnr_v:60.01 
n:228 mse_avg:0.09 mse_y:0.11 mse_u:0.09 mse_v:0.03 psnr_avg:58.39 psnr_y:57.63 psnr_u:58.84 psnr_v:63.21 
n:229 mse_avg:0.22 mse_y:0.30 mse_u:0.04 mse_v:0.10 psnr_avg:54.67 psnr_y:53.38 psnr_u:62.10 psnr_v:58.33 
n:230 mse_avg:0.09 mse_y:0.10 mse_u:0.08 mse_v:0.03 psnr_avg:58.79 psnr_y:58.11 psnr_u:58.93 psnr_v:63.36 
n:231 mse_avg:0.24 mse_y:0.33 mse_u:0.04 mse_v:0.10 psnr_avg:54.26 psnr_y:52.96 psnr_u:61.83 psnr_v:58.01 
n:232 mse_avg:0.11 mse_y:0.14 mse_u:0.09 mse_v:0.04 psnr_avg:57.68 psnr_y:56.83 psnr_u:58.72 psnr_v:62.26 
n:233 mse_avg:0.22 mse_y:0.30 mse_u:0.03 mse_v:0.09 psnr_avg:54.71 psnr_y:53.37 psnr_u:63.54 psnr_v:58.46 
n:234 mse_avg:0.10 mse_y:0.12 mse_u:0.08 mse_v:0.04 psnr_avg:58.19 psnr_y:57.45 psnr_u:59.08 psnr_v:61.69 
n:235 mse_avg:0.23 mse_y:0.30 mse_u:0.05 mse_v:0.10 psnr_avg:54.56 psnr_y:53.32 psnr_u:61.25 psnr_v:58.00 
n:236 mse_avg:0.10 mse_y:0.12 mse_u:0.11 mse_v:0.04 psnr_avg:57.99 psnr_y:57.46 psnr_u:57.68 psnr_v:61.91 
n:237 mse_avg:0.30 mse_y:0.41 mse_u:0.05 mse_v:0.11 psnr_avg:53.39 psnr_y:52.05 psnr_u:60.83 psnr_v:57.70 
n:238 mse_avg:0.12 mse_y:0.14 mse_u:0.10 mse_v:0.04 psnr_avg:57.41 psnr_y:56.61 psnr_u:58.10 psnr_v:62.07 
n:239 mse_avg:0.27 mse_y:0.36 mse_u:0.06 mse_v:0.12 psnr_avg:53.84 psnr_y:52.58 psnr_u:60.64 psnr_v:57.38 
n:240 mse_avg:0.12 mse_y:0.14 mse_u:0.10 mse_v:0.06 psnr_avg:57.30 psnr_y:56.64 psnr_u:57.98 psnr_v:60.35 
n:241 mse_avg:0.46 mse_y:0.61 mse_u:0.17 mse_v:0.19 psnr_avg:51.47 psnr_y:50.31 psnr_u:55.86 psnr_v:55.37 
n:242 mse_avg:0.16 mse_y:0.20 mse_u:0.08 mse_v:0.09 psnr_avg:56.06 psnr_y:55.14 psnr_u:59.29 psnr_v:58.46 
n:243 mse_avg:0.11 mse_y:0.14 mse_u:0.03 mse_v:0.03 psnr_avg:57.90 psnr_y:56.58 psnr_u:63.34 psnr_v:63.27 
n:244 mse_avg:0.61 mse_y:0.82 mse_u:0.13 mse_v:0.24 psnr_avg:50.26 psnr_y:48.97 psnr_u:56.91 psnr_v:54.31 
n:245 mse_avg:0.17 mse_y:0.22 mse_u:0.06 mse_v:0.09 psnr_avg:55.77 psnr_y:54.70 psnr_u:60.28 psnr_v:58.57 
n:246 mse_avg:0.12 mse_y:0.17 mse_u:0.02 mse_v:0.04 psnr_avg:57.24 psnr_y:55.89 psnr_u:64.28 psnr_v:61.85 
n:247 mse_avg:0.28 mse_y:0.38 mse_u:0.04 mse_v:0.10 psnr_avg:53.68 psnr_y:52.29 psnr_u:62.61 psnr_v:58.02 
n:248 mse_avg:0.12 mse_y:0.14 mse_u:0.09 mse_v:0.05 psnr_avg:57.50 psnr_y:56.75 psnr_u:58.50 psnr_v:61.05 
n:249 mse_avg:0.76 mse_y:1.02 mse_u:0.23 mse_v:0.26 psnr_avg:49.31 psnr_y:48.04 psnr_u:54.55 psnr_v:54.04 
n:250 mse_avg:0.18 mse_y:0.23 mse_u:0.06 mse_v:0.09 psnr_avg:55.70 psnr_y:54.60 psnr_u:60.40 psnr_v:58.62 
n:251 mse_avg:0.14 mse_y:0.20 mse_u:0.03 mse_v:0.04 psnr_avg:56.52 psnr_y:55.14 psnr_u:62.96 psnr_v:62.10 
n:252 mse_avg:0.47 mse_y:0.60 mse_u:0.18 mse_v:0.24 psnr_avg:51.43 psnr_y:50.37 psnr_u:55.56 psnr_v:54.32 
n:253 mse_avg:0.25 mse_y:0.30 mse_u:0.13 mse_v:0.15 psnr_avg:54.17 psnr_y:53.31 psnr_u:56.94 psnr_v:56.39 
n:254 mse_avg:0.12 mse_y:0.16 mse_u:0.04 mse_v:0.05 psnr_avg:57.36 psnr_y:56.19 psnr_u:61.85 psnr_v:61.20 
n:255 mse_avg:0.35 mse_y:0.47 mse_u:0.09 mse_v:0.12 psnr_avg:52.74 psnr_y:51.44 psnr_u:58.48 psnr_v:57.37 
n:256 mse_avg:0.10 mse_y:0.11 mse_u:0.10 mse_v:0.06 psnr_avg:58.05 psnr_y:57.56 psnr_u:58.30 psnr_v:60.47 
n:257 mse_avg:0.31 mse_y:0.42 mse_u:0.04 mse_v:0.14 psnr_avg:53.21 psnr_y:51.90 psnr_u:61.97 psnr_v:56.56 
n:258 mse_avg:0.15 mse_y:0.18 mse_u:0.13 mse_v:0.05 psnr_avg:56.40 psnr_y:55.63 psnr_u:56.90 psnr_v:61.17 
n:259 mse_avg:0.28 mse_y:0.36 mse_u:0.05 mse_v:0.17 psnr_avg:53.69 psnr_y:52.55 psnr_u:61.04 psnr_v:55.77 
n:260 mse_avg:0.13 mse_y:0.14 mse_u:0.12 mse_v:0.08 psnr_avg:57.03 psnr_y:56.54 psnr_u:57.41 psnr_v:59.23 
n:261 mse_avg:0.52 mse_y:0.68 mse_u:0.15 mse_v:0.24 psnr_avg:50.98 psnr_y:49.82 psnr_u:56.26 psnr_v:54.26 
n:262 mse_avg:0.13 mse_y:0.17 mse_u:0.08 mse_v:0.05 psnr_avg:56.86 psnr_y:55.91 psnr_u:58.94 psnr_v:60.79 
n:263 mse_avg:0.28 mse_y:0.37 mse_u:0.05 mse_v:0.15 psnr_avg:53.68 psnr_y:52.47 psnr_u:61.28 psnr_v:56.28 
n:264 mse_avg:0.12 mse_y:0.13 mse_u:0.12 mse_v:0.08 psnr_avg:57.36 psnr_y:57.02 psnr_u:57.46 psnr_v:58.89 
n:265 mse_avg:0.38 mse_y:0.49 mse_u:0.09 mse_v:0.25 psnr_avg:52.29 psnr_y:51.21 psnr_u:58.79 psnr_v:54.19 
n:266 mse_avg:0.14 mse_y:0.16 mse_u:0.10 mse_v:0.08 psnr_avg:56.82 psnr_y:56.16 psnr_u:58.11 psnr_v:58.98 
n:267 mse_avg:0.32 mse_y:0.41 mse_u:0.06 mse_v:0.18 psnr_avg:53.12 psnr_y:51.96 psnr_u:60.16 psnr_v:55.53 
n:268 mse_avg:0.14 mse_y:0.16 mse_u:0.14 mse_v:0.06 psnr_avg:56.65 psnr_y:56.11 psnr_u:56.61 psnr_v:60.04 
n:269 mse_avg:0.73 mse_y:0.94 mse_u:0.24 mse_v:0.40 psnr_avg:49.48 psnr_y:48.40 psnr_u:54.33 psnr_v:52.15 
n:270 mse_avg:0.20 mse_y:0.24 mse_u:0.09 mse_v:0.13 psnr_avg:55.19 psnr_y:54.33 psnr_u:58.44 psnr_v:57.00 
n:271 mse_avg:0.13 mse_y:0.16 mse_u:0.03 mse_v:0.06 psnr_avg:57.14 psnr_y:55.97 psnr_u:62.86 psnr_v:60.20 
n:272 mse_avg:0.61 mse_y:0.80 mse_u:0.20 mse_v:0.29 psnr_avg:50.27 psnr_y:49.12 psnr_u:55.17 psnr_v:53.51 
n:273 mse_avg:0.19 mse_y:0.23 mse_u:0.08 mse_v:0.13 psnr_avg:55.42 psnr_y:54.57 psnr_u:59.06 psnr_v:56.96 
n:274 mse_avg:0.11 mse_y:0.15 mse_u:0.04 mse_v:0.05 psnr_avg:57.54 psnr_y:56.37 psnr_u:62.46 psnr_v:61.09 
n:275 mse_avg:0.37 mse_y:0.49 mse_u:0.07 mse_v:0.19 psnr_avg:52.43 psnr_y:51.20 psnr_u:59.78 psnr_v:55.42 
n:276 mse_avg:0.15 mse_y:0.18 mse_u:0.12 mse_v:0.08 psnr_avg:56.28 psnr_y:55.57 psnr_u:57.37 psnr_v:59.27 
n:277 mse_avg:0.71 mse_y:0.92 mse_u:0.20 mse_v:0.34 psnr_avg:49.65 psnr_y:48.48 psnr_u:55.10 psnr_v:52.80 
n:278 mse_avg:0.25 mse_y:0.31 mse_u:0.12 mse_v:0.15 psnr_avg:54.16 psnr_y:53.26 psnr_u:57.33 psnr_v:56.46 
n:279 mse_avg:0.15 mse_y:0.20 mse_u:0.05 mse_v:0.07 psnr_avg:56.27 psnr_y:55.08 psnr_u:61.44 psnr_v:59.81 
n:280 mse_avg:0.46 mse_y:0.58 mse_u:0.15 mse_v:0.31 psnr_avg:51.48 psnr_y:50.52 psnr_u:56.25 psnr_v:53.24 
n:281 mse_avg:0.30 mse_y:0.35 mse_u:0.16 mse_v:0.24 psnr_avg:53.39 psnr_y:52.72 psnr_u:56.07 psnr_v:54.37 
n:282 mse_avg:0.17 mse_y:0.22 mse_u:0.05 mse_v:0.08 psnr_avg:55.80 psnr_y:54.66 psnr_u:60.82 psnr_v:58.86 
n:283 mse_avg:0.44 mse_y:0.58 mse_u:0.08 mse_v:0.27 psnr_avg:51.66 psnr_y:50.53 psnr_u:58.85 psnr_v:53.76 
n:284 mse_avg:0.14 mse_y:0.16 mse_u:0.11 mse_v:0.09 psnr_avg:56.64 psnr_y:56.06 psnr_u:57.74 psnr_v:58.55 
n:285 mse_avg:0.39 mse_y:0.51 mse_u:0.08 mse_v:0.23 psnr_avg:52.23 psnr_y:51.09 psnr_u:58.86 psnr_v:54.57 
n:286 mse_avg:0.13 mse_y:0.15 mse_u:0.12 mse_v:0.06 psnr_avg:57.07 psnr_y:56.50 psnr_u:57.35 psnr_v:60.08 
n:287 mse_avg:0.50 mse_y:0.64 mse_u:0.12 mse_v:0.31 psnr_avg:51.14 psnr_y:50.05 psnr_u:57.43 psnr_v:53.19 
n:288 mse_avg:0.15 mse_y:0.16 mse_u:0.13 mse_v:0.11 psnr_avg:56.40 psnr_y:55.98 psnr_u:56.97 psnr_v:57.80 
n:289 mse_avg:0.97 mse_y:1.27 mse_u:0.29 mse_v:0.46 psnr_avg:48.24 psnr_y:47.08 psnr_u:53.49 psnr_v:51.49 
n:290 mse_avg:0.20 mse_y:0.25 mse_u:0.08 mse_v:0.10 psnr_avg:55.22 psnr_y:54.17 psnr_u:59.32 psnr_v:58.04 
n:291 mse_avg:0.15 mse_y:0.20 mse_u:0.04 mse_v:0.06 psnr_avg:56.44 psnr_y:55.21 psnr_u:62.07 psnr_v:60.25 
n:292 mse_avg:0.41 mse_y:0.52 mse_u:0.15 mse_v:0.22 psnr_avg:52.00 psnr_y:50.95 psnr_u:56.42 psnr_v:54.68 
n:293 mse_avg:1.25 mse_y:1.62 mse_u:0.36 mse_v:0.67 psnr_avg:47.15 psnr_y:46.03 psnr_u:52.56 psnr_v:49.90 
n:294 mse_avg:0.21 mse_y:0.26 mse_u:0.06 mse_v:0.13 psnr_avg:55.00 psnr_y:53.97 psnr_u:60.01 psnr_v:57.10 
n:295 mse_avg:0.17 mse_y:0.23 mse_u:0.04 mse_v:0.09 psnr_avg:55.75 psnr_y:54.61 psnr_u:61.74 psnr_v:58.39 
n:296 mse_avg:0.73 mse_y:0.95 mse_u:0.18 mse_v:0.41 psnr_avg:49.48 psnr_y:48.35 psnr_u:55.48 psnr_v:52.00 
n:297 mse_avg:0.22 mse_y:0.27 mse_u:0.08 mse_v:0.16 psnr_avg:54.74 psnr_y:53.89 psnr_u:58.89 psnr_v:56.00 
n:298 mse_avg:0.13 mse_y:0.17 mse_u:0.04 mse_v:0.07 psnr_avg:56.96 psnr_y:55.84 psnr_u:62.38 psnr_v:59.58 
n:299 mse_avg:0.69 mse_y:0.96 mse_u:0.13 mse_v:0.18 psnr_avg:49.73 psnr_y:48.31 psnr_u:56.88 psnr_v:55.68 
n:300 mse_avg:0.64 mse_y:0.82 mse_u:0.16 mse_v:0.42 psnr_avg:50.06 psnr_y:49.00 psnr_u:56.14 psnr_v:51.94 
n:301 mse_avg:0.21 mse_y:0.25 mse_u:0.09 mse_v:0.18 psnr_avg:54.87 psnr_y:54.15 psnr_u:58.69 psnr_v:55.53 
n:302 mse_avg:0.13 mse_y:0.17 mse_u:0.04 mse_v:0.07 psnr_avg:57.02 psnr_y:55.92 psnr_u:62.50 psnr_v:59.45 
n:303 mse_avg:0.73 mse_y:0.95 mse_u:0.17 mse_v:0.44 psnr_avg:49.48 psnr_y:48.36 psnr_u:55.91 psnr_v:51.74 
n:304 mse_avg:0.27 mse_y:0.32 mse_u:0.12 mse_v:0.21 psnr_avg:53.84 psnr_y:53.08 psnr_u:57.43 psnr_v:54.83 
n:305 mse_avg:0.16 mse_y:0.21 mse_u:0.04 mse_v:0.10 psnr_avg:56.07 psnr_y:55.00 psnr_u:61.77 psnr_v:58.16 
n:306 mse_avg:0.03 mse_y:0.03 mse_u:0.02 mse_v:0.03 psnr_avg:64.01 psnr_y:63.89 psnr_u:65.22 psnr_v:63.47 
n:307 mse_avg:0.25 mse_y:0.29 mse_u:0.10 mse_v:0.21 psnr_avg:54.24 psnr_y:53.48 psnr_u:58.27 psnr_v:54.99 
n:308 mse_avg:0.15 mse_y:0.20 mse_u:0.04 mse_v:0.08 psnr_avg:56.33 psnr_y:55.21 psnr_u:62.13 psnr_v:58.85 
n:309 mse_avg:0.03 mse_y:0.03 mse_u:0.02 mse_v:0.03 psnr_avg:63.95 psnr_y:63.85 psnr_u:65.05 psnr_v:63.41 
n:310 mse_avg:0.26 mse_y:0.33 mse_u:0.13 mse_v:0.13 psnr_avg:53.90 psnr_y:52.94 psnr_u:56.85 psnr_v:56.97 
n:311 mse_avg:0.33 mse_y:0.42 mse_u:0.05 mse_v:0.25 psnr_avg:52.92 psnr_y:51.86 psnr_u:60.85 psnr_v:54.23 
n:312 mse_avg:0.02 mse_y:0.02 mse_u:0.02 mse_v:0.03 psnr_avg:64.76 psnr_y:64.85 psnr_u:65.38 psnr_v:63.93 
n:313 mse_avg:0.82 mse_y:1.07 mse_u:0.18 mse_v:0.46 psnr_avg:48.99 psnr_y:47.83 psnr_u:55.61 psnr_v:51.51 
n:314 mse_avg:0.27 mse_y:0.34 mse_u:0.09 mse_v:0.20 psnr_avg:53.75 psnr_y:52.84 psnr_u:58.41 psnr_v:55.14 
n:315 mse_avg:0.02 mse_y:0.02 mse_u:0.02 mse_v:0.03 psnr_avg:64.51 psnr_y:64.53 psnr_u:65.27 psnr_v:63.79 
n:316 mse_avg:0.03 mse_y:0.03 mse_u:0.02 mse_v:0.03 psnr_avg:64.02 psnr_y:63.91 psnr_u:64.95 psnr_v:63.64 
n:317 mse_avg:0.28 mse_y:0.34 mse_u:0.08 mse_v:0.20 psnr_avg:53.72 psnr_y:52.76 psnr_u:59.21 psnr_v:55.05 
n:318 mse_avg:0.02 mse_y:0.02 mse_u:0.02 mse_v:0.03 psnr_avg:64.55 psnr_y:64.56 psnr_u:65.15 psnr_v:64.02 
n:319 mse_avg:0.03 mse_y:0.03 mse_u:0.02 mse_v:0.03 psnr_avg:63.91 psnr_y:63.85 psnr_u:64.76 psnr_v:63.41 
n:320 mse_avg:0.27 mse_y:0.34 mse_u:0.10 mse_v:0.19 psnr_avg:53.75 psnr_y:52.86 psnr_u:58.01 psnr_v:55.25 
n:321 mse_avg:0.02 mse_y:0.02 mse_u:0.02 mse_v:0.03 psnr_avg:64.57 psnr_y:64.62 psnr_u:65.05 psnr_v:63.97 
n:322 mse_avg:0.03 mse_y:0.03 mse_u:0.02 mse_v:0.03 psnr_avg:63.94 psnr_y:63.83 psnr_u:64.93 psnr_v:63.50 
n:323 mse_avg:0.25 mse_y:0.31 mse_u:0.07 mse_v:0.20 psnr_avg:54.07 psnr_y:53.15 psnr_u:59.53 psnr_v:55.17 
n:324 mse_avg:0.02 mse_y:0.02 mse_u:0.02 mse_v:0.03 psnr_avg:64.62 psnr_y:64.69 psnr_u:65.16 psnr_v:63.91 
n:325 mse_avg:0.03 mse_y:0.03 mse_u:0.02 mse_v:0.03 psnr_avg:63.87 psnr_y:63.77 psnr_u:64.93 psnr_v:63.37 
n:326 mse_avg:0.02 mse_y:0.03 mse_u:0.02 mse_v:0.03 psnr_avg:64.20 psnr_y:64.10 psnr_u:65.19 psnr_v:63.74 
n:327 mse_avg:0.02 mse_y:0.02 mse_u:0.02 mse_v:0.03 psnr_avg:64.65 psnr_y:64.69 psnr_u:65.25 psnr_v:63.96 
n:328 mse_avg:0.03 mse_y:0.03 mse_u:0.02 mse_v:0.03 psnr_avg:63.74 psnr_y:63.68 psnr_u:64.91 psnr_v:63.03 
n:329 mse_avg:0.03 mse_y:0.03 mse_u:0.02 mse_v:0.03 psnr_avg:64.10 psnr_y:64.03 psnr_u:65.03 psnr_v:63.59 
n:330 mse_avg:0.02 mse_y:0.02 mse_u:0.02 mse_v:0.03 psnr_avg:64.74 psnr_y:64.80 psnr_u:65.34 psnr_v:64.02 
n:331 mse_avg:0.02 mse_y:0.02 mse_u:0.02 mse_v:0.03 psnr_avg:64.75 psnr_y:64.80 psnr_u:65.34 psnr_v:64.04 
n:332 mse_avg:0.02 mse_y:0.02 mse_u:0.02 mse_v:0.03 psnr_avg:64.68 psnr_y:64.77 psnr_u:65.27 psnr_v:63.88 
n:333 mse_avg:0.03 mse_y:0.03 mse_u:0.02 mse_v:0.03 psnr_avg:63.89 psnr_y:63.83 psnr_u:64.89 psnr_v:63.27 
n:334 mse_avg:0.03 mse_y:0.03 mse_u:0.02 mse_v:0.03 psnr_avg:63.91 psnr_y:63.81 psnr_u:64.95 psnr_v:63.44 
n:335 mse_avg:0.02 mse_y:0.02 mse_u:0.02 mse_v:0.03 psnr_avg:64.89 psnr_y:65.05 psnr_u:65.28 psnr_v:63.99 
n:336 mse_avg:0.02 mse_y:0.02 mse_u:0.02 mse_v:0.03 psnr_avg:64.87 psnr_y:65.03 psnr_u:65.25 psnr_v:64.00 
n:337 mse_avg:0.02 mse_y:0.02 mse_u:0.02 mse_v:0.02 psnr_avg:65.35 psnr_y:65.02 psnr_u:66.30 psnr_v:65.95 
n:338 mse_avg:0.02 mse_y:0.03 mse_u:0.02 mse_v:0.02 psnr_avg:64.67 psnr_y:64.13 psnr_u:66.26 psnr_v:65.71 
n:339 mse_avg:0.02 mse_y:0.02 mse_u:0.02 mse_v:0.02 psnr_avg:64.62 psnr_y:64.24 psnr_u:65.79 psnr_v:65.20 
n:340 mse_avg:0.02 mse_y:0.03 mse_u:0.02 mse_v:0.02 psnr_avg:64.61 psnr_y:64.12 psnr_u:66.05 psnr_v:65.54 
n:341 mse_avg:0.02 mse_y:0.02 mse_u:0.01 mse_v:0.02 psnr_avg:65.50 psnr_y:65.25 psnr_u:66.41 psnr_v:65.70 
n:342 mse_avg:0.03 mse_y:0.03 mse_u:0.02 mse_v:0.02 psnr_avg:64.15 psnr_y:63.72 psnr_u:65.95 psnr_v:64.48 
n:343 mse_avg:0.02 mse_y:0.02 mse_u:0.02 mse_v:0.02 psnr_avg:65.03 psnr_y:64.93 psnr_u:66.28 psnr_v:64.42 
n:344 mse_avg:0.03 mse_y:0.03 mse_u:0.02 mse_v:0.03 psnr_avg:63.56 psnr_y:63.09 psnr_u:65.96 psnr_v:63.69 
n:345 mse_avg:0.02 mse_y:0.02 mse_u:0.02 mse_v:0.02 psnr_avg:64.70 psnr_y:64.36 psnr_u:66.08 psnr_v:64.99 
n:346 mse_avg:0.02 mse_y:0.02 mse_u:0.02 mse_v:0.02 psnr_avg:64.87 psnr_y:64.56 psnr_u:66.20 psnr_v:65.02 
n:347 mse_avg:0.02 mse_y:0.02 mse_u:0.02 mse_v:0.02 psnr_avg:64.88 psnr_y:64.61 psnr_u:66.10 psnr_v:64.94 
n:348 mse_avg:0.02 mse_y:0.02 mse_u:0.02 mse_v:0.02 psnr_avg:64.76 psnr_y:64.47 psnr_u:65.99 psnr_v:64.87 
n:349 mse_avg:0.03 mse_y:0.03 mse_u:0.02 mse_v:0.03 psnr_avg:63.74 psnr_y:63.50 psnr_u:65.30 psnr_v:63.45 
n:350 mse_avg:0.02 mse_y:0.02 mse_u:0.02 mse_v:0.02 psnr_avg:64.42 psnr_y:64.24 psnr_u:65.51 psnr_v:64.22 
n:351 mse_avg:0.02 mse_y:0.02 mse_u:0.02 mse_v:0.02 psnr_avg:64.74 psnr_y:64.62 psnr_u:65.71 psnr_v:64.34 
n:352 mse_avg:0.02 mse_y:0.02 mse_u:0.02 mse_v:0.03 psnr_avg:64.77 psnr_y:64.76 psnr_u:65.55 psnr_v:64.15 
n:353 mse_avg:0.03 mse_y:0.03 mse_u:0.02 mse_v:0.03 psnr_avg:63.24 psnr_y:62.97 psnr_u:64.91 psnr_v:62.96 
n:354 mse_avg:0.02 mse_y:0.02 mse_u:0.02 mse_v:0.03 psnr_avg:64.26 psnr_y:64.23 psnr_u:65.22 psnr_v:63.57 
n:355 mse_avg:0.02 mse_y:0.02 mse_u:0.02 mse_v:0.03 psnr_avg:64.34 psnr_y:64.30 psnr_u:65.27 psnr_v:63.73 
n:356 mse_avg:0.03 mse_y:0.03 mse_u:0.02 mse_v:0.03 psnr_avg:63.58 psnr_y:63.47 psnr_u:64.80 psnr_v:63.01 
n:357 mse_avg:0.03 mse_y:0.03 mse_u:0.02 mse_v:0.03 psnr_avg:63.92 psnr_y:63.84 psnr_u:64.89 psnr_v:63.41 
n:358 mse_avg:0.02 mse_y:0.02 mse_u:0.02 mse_v:0.03 psnr_avg:64.21 psnr_y:64.19 psnr_u:64.99 psnr_v:63.63 
n:359 mse_avg:0.02 mse_y:0.02 mse_u:0.02 mse_v:0.03 psnr_avg:64.36 psnr_y:64.39 psnr_u:65.02 psnr_v:63.66 
n:360 mse_avg:0.02 mse_y:0.02 mse_u:0.02 mse_v:0.03 psnr_avg:64.27 psnr_y:64.33 psnr_u:64.91 psnr_v:63.52 
n:361 mse_avg:0.02 mse_y:0.02 mse_u:0.02 mse_v:0.03 psnr_avg:64.39 psnr_y:64.51 psnr_u:64.94 psnr_v:63.49 
n:362 mse_avg:0.02 mse_y:0.02 mse_u:0.02 mse_v:0.03 psnr_avg:64.35 psnr_y:64.46 psnr_u:64.87 psnr_v:63.51 
n:363 mse_avg:0.02 mse_y:0.02 mse_u:0.02 mse_v:0.03 psnr_avg:64.48 psnr_y:64.63 psnr_u:64.89 psnr_v:63.60 
n:364 mse_avg:0.03 mse_y:0.03 mse_u:0.02 mse_v:0.03 psnr_avg:63.60 psnr_y:63.61 psnr_u:64.36 psnr_v:62.91 
n:365 mse_avg:0.02 mse_y:0.02 mse_u:0.02 mse_v:0.03 psnr_avg:64.18 psnr_y:64.24 psnr_u:64.72 psnr_v:63.51 
n:366 mse_avg:0.02 mse_y:0.02 mse_u:0.02 mse_v:0.03 psnr_avg:64.28 psnr_y:64.40 psnr_u:64.78 psnr_v:63.45 
n:367 mse_avg:0.02 mse_y:0.02 mse_u:0.02 mse_v:0.03 psnr_avg:64.41 psnr_y:64.56 psnr_u:64.78 psnr_v:63.56 
n:368 mse_avg:0.02 mse_y:0.02 mse_u:0.02 mse_v:0.03 psnr_avg:64.35 psnr_y:64.49 psnr_u:64.80 psnr_v:63.49 
n:369 mse_avg:0.02 mse_y:0.02 mse_u:0.02 mse_v:0.03 psnr_avg:64.45 psnr_y:64.68 psnr_u:64.72 psnr_v:63.45 
n:370 mse_avg:0.02 mse_y:0.02 mse_u:0.02 mse_v:0.03 psnr_avg:64.39 psnr_y:64.60 psnr_u:64.65 psnr_v:63.42 
n:371 mse_avg:0.02 mse_y:0.02 mse_u:0.02 mse_v:0.03 psnr_avg:64.40 psnr_y:64.60 psnr_u:64.70 psnr_v:63.43 
n:372 mse_avg:0.02 mse_y:0.02 mse_u:0.02 mse_v:0.03 psnr_avg:64.40 psnr_y:64.60 psnr_u:64.68 psnr_v:63.47 
n:373 mse_avg:0.02 mse_y:0.02 mse_u:0.02 mse_v:0.03 psnr_avg:64.49 psnr_y:64.70 psnr_u:64.73 psnr_v:63.53 
n:374 mse_avg:0.02 mse_y:0.02 mse_u:0.02 mse_v:0.03 psnr_avg:64.52 psnr_y:64.74 psnr_u:64.76 psnr_v:63.53 
n:375 mse_avg:0.02 mse_y:0.02 mse_u:0.02 mse_v:0.03 psnr_avg:64.56 psnr_y:64.81 psnr_u:64.74 psnr_v:63.53 
n:376 mse_avg:0.02 mse_y:0.02 mse_u:0.02 mse_v:0.03 psnr_avg:64.58 psnr_y:64.83 psnr_u:64.80 psnr_v:63.54 
n:377 mse_avg:0.02 mse_y:0.02 mse_u:0.02 mse_v:0.03 psnr_avg:64.58 psnr_y:64.83 psnr_u:64.82 psnr_v:63.54 
n:378 mse_avg:0.02 mse_y:0.02 mse_u:0.02 mse_v:0.03 psnr_avg:64.59 psnr_y:64.83 psnr_u:64.84 psnr_v:63.54 
n:379 mse_avg:0.02 mse_y:0.02 mse_u:0.02 mse_v:0.03 psnr_avg:64.59 psnr_y:64.83 psnr_u:64.84 psnr_v:63.55 
n:380 mse_avg:0.02 mse_y:0.02 mse_u:0.02 mse_v:0.03 psnr_avg:64.57 psnr_y:64.80 psnr_u:64.84 psnr_v:63.54 
n:381 mse_avg:0.02 mse_y:0.02 mse_u:0.02 mse_v:0.03 psnr_avg:64.58 psnr_y:64.81 psnr_u:64.85 psnr_v:63.55 
n:382 mse_avg:0.02 mse_y:0.02 mse_u:0.02 mse_v:0.03 psnr_avg:64.60 psnr_y:64.84 psnr_u:64.84 psnr_v:63.55 
n:383 mse_avg:0.02 mse_y:0.02 mse_u:0.02 mse_v:0.03 psnr_avg:64.58 psnr_y:64.81 psnr_u:64.85 psnr_v:63.55 
n:384 mse_avg:0.01 mse_y:0.01 mse_u:0.01 mse_v:0.01 psnr_avg:67.49 psnr_y:67.27 psnr_u:69.96 psnr_v:66.60 
n:385 mse_avg:0.01 mse_y:0.01 mse_u:0.01 mse_v:0.02 psnr_avg:66.81 psnr_y:66.54 psnr_u:69.91 psnr_v:65.85 
n:386 mse_avg:0.01 mse_y:0.01 mse_u:0.01 mse_v:0.01 psnr_avg:67.55 psnr_y:67.35 psnr_u:69.96 psnr_v:66.65 
n:387 mse_avg:0.02 mse_y:0.02 mse_u:0.01 mse_v:0.03 psnr_avg:65.36 psnr_y:65.03 psnr_u:69.68 psnr_v:64.15 
n:388 mse_avg:0.02 mse_y:0.02 mse_u:0.01 mse_v:0.02 psnr_avg:65.92 psnr_y:65.50 psnr_u:70.03 psnr_v:65.10 
n:389 mse_avg:0.02 mse_y:0.02 mse_u:0.01 mse_v:0.02 psnr_avg:64.84 psnr_y:64.32 psnr_u:69.76 psnr_v:64.19 
n:390 mse_avg:0.02 mse_y:0.03 mse_u:0.01 mse_v:0.02 psnr_avg:64.58 psnr_y:63.91 psnr_u:69.82 psnr_v:64.41 
n:391 mse_avg:0.02 mse_y:0.02 mse_u:0.01 mse_v:0.03 psnr_avg:64.82 psnr_y:64.33 psnr_u:69.77 psnr_v:64.04 
n:392 mse_avg:0.02 mse_y:0.02 mse_u:0.01 mse_v:0.02 psnr_avg:65.20 psnr_y:64.75 psnr_u:69.63 psnr_v:64.37 
n:393 mse_avg:0.02 mse_y:0.02 mse_u:0.01 mse_v:0.03 psnr_avg:65.08 psnr_y:64.69 psnr_u:69.49 psnr_v:64.07 
n:394 mse_avg:0.03 mse_y:0.04 mse_u:0.01 mse_v:0.03 psnr_avg:62.89 psnr_y:62.08 psnr_u:69.03 psnr_v:63.18 
n:395 mse_avg:0.02 mse_y:0.02 mse_u:0.01 mse_v:0.03 psnr_avg:64.98 psnr_y:64.62 psnr_u:69.11 psnr_v:63.93 
n:396 mse_avg:0.02 mse_y:0.02 mse_u:0.01 mse_v:0.03 psnr_avg:65.22 psnr_y:64.90 psnr_u:69.11 psnr_v:64.13 
n:397 mse_avg:0.02 mse_y:0.02 mse_u:0.01 mse_v:0.03 psnr_avg:64.55 psnr_y:64.24 psnr_u:68.61 psnr_v:63.36 
n:398 mse_avg:0.03 mse_y:0.04 mse_u:0.01 mse_v:0.03 psnr_avg:63.09 psnr_y:62.43 psnr_u:68.21 psnr_v:62.96 
n:399 mse_avg:0.02 mse_y:0.02 mse_u:0.01 mse_v:0.03 psnr_avg:64.69 psnr_y:64.45 psnr_u:68.42 psnr_v:63.37 
n:400 mse_avg:0.02 mse_y:0.02 mse_u:0.01 mse_v:0.03 psnr_avg:64.78 psnr_y:64.66 psnr_u:68.14 psnr_v:63.25 
n:401 mse_avg:0.02 mse_y:0.02 mse_u:0.01 mse_v:0.03 psnr_avg:64.68 psnr_y:64.62 psnr_u:67.63 psnr_v:63.11 
n:402 mse_avg:0.03 mse_y:0.03 mse_u:0.01 mse_v:0.04 psnr_avg:64.00 psnr_y:63.87 psnr_u:66.78 psnr_v:62.69 
n:403 mse_avg:0.04 mse_y:0.05 mse_u:0.01 mse_v:0.04 psnr_avg:62.21 psnr_y:61.52 psnr_u:66.66 psnr_v:62.38 
n:404 mse_avg:0.02 mse_y:0.02 mse_u:0.01 mse_v:0.03 psnr_avg:64.48 psnr_y:64.40 psnr_u:67.09 psnr_v:63.08 
n:405 mse_avg:0.02 mse_y:0.02 mse_u:0.01 mse_v:0.03 psnr_avg:64.42 psnr_y:64.39 psnr_u:66.88 psnr_v:62.94 
n:406 mse_avg:0.06 mse_y:0.07 mse_u:0.02 mse_v:0.04 psnr_avg:60.72 psnr_y:59.88 psnr_u:65.52 psnr_v:61.64 
n:407 mse_avg:0.02 mse_y:0.02 mse_u:0.01 mse_v:0.03 psnr_avg:64.63 psnr_y:64.61 psnr_u:66.74 psnr_v:63.27 
n:408 mse_avg:0.02 mse_y:0.02 mse_u:0.01 mse_v:0.03 psnr_avg:64.60 psnr_y:64.59 psnr_u:66.60 psnr_v:63.28 
n:409 mse_avg:0.05 mse_y:0.07 mse_u:0.02 mse_v:0.04 psnr_avg:60.73 psnr_y:59.88 psnr_u:65.64 psnr_v:61.61 
n:410 mse_avg:0.02 mse_y:0.02 mse_u:0.01 mse_v:0.03 psnr_avg:64.73 psnr_y:64.72 psnr_u:66.75 psnr_v:63.41 
n:411 mse_avg:0.03 mse_y:0.03 mse_u:0.02 mse_v:0.03 psnr_avg:63.72 psnr_y:63.66 psnr_u:65.31 psnr_v:62.75 
n:412 mse_avg:0.05 mse_y:0.06 mse_u:0.02 mse_v:0.05 psnr_avg:61.13 psnr_y:60.51 psnr_u:64.31 psnr_v:61.57 
n:413 mse_avg:0.02 mse_y:0.02 mse_u:0.02 mse_v:0.03 psnr_avg:64.37 psnr_y:64.43 psnr_u:65.89 psnr_v:63.08 
n:414 mse_avg:0.02 mse_y:0.02 mse_u:0.02 mse_v:0.03 psnr_avg:64.45 psnr_y:64.61 psnr_u:65.74 psnr_v:63.01 
n:415 mse_avg:0.02 mse_y:0.02 mse_u:0.02 mse_v:0.03 psnr_avg:64.44 psnr_y:64.60 psnr_u:65.68 psnr_v:63.01 
n:416 mse_avg:0.04 mse_y:0.04 mse_u:0.03 mse_v:0.04 psnr_avg:62.43 psnr_y:62.28 psnr_u:64.09 psnr_v:61.71 
n:417 mse_avg:0.02 mse_y:0.02 mse_u:0.02 mse_v:0.03 psnr_avg:64.23 psnr_y:64.45 psnr_u:65.24 psnr_v:62.75 
n:418 mse_avg:0.02 mse_y:0.02 mse_u:0.02 mse_v:0.03 psnr_avg:64.37 psnr_y:64.60 psnr_u:65.37 psnr_v:62.88 
n:419 mse_avg:0.03 mse_y:0.03 mse_u:0.02 mse_v:0.04 psnr_avg:63.18 psnr_y:63.11 psnr_u:64.73 psnr_v:62.28 
n:420 mse_avg:0.02 mse_y:0.02 mse_u:0.02 mse_v:0.03 psnr_avg:64.24 psnr_y:64.51 psnr_u:65.14 psnr_v:62.70 
n:421 mse_avg:0.02 mse_y:0.02 mse_u:0.02 mse_v:0.03 psnr_avg:64.34 psnr_y:64.54 psnr_u:65.29 psnr_v:62.94 
n:422 mse_avg:0.02 mse_y:0.02 mse_u:0.02 mse_v:0.03 psnr_avg:64.31 psnr_y:64.52 psnr_u:65.26 psnr_v:62.92 
n:423 mse_avg:0.03 mse_y:0.03 mse_u:0.02 mse_v:0.03 psnr_avg:64.01 psnr_y:64.11 psnr_u:65.18 psnr_v:62.79 
n:424 mse_avg:0.02 mse_y:0.02 mse_u:0.02 mse_v:0.03 psnr_avg:64.26 psnr_y:64.46 psnr_u:65.17 psnr_v:62.89 
n:425 mse_avg:0.02 mse_y:0.02 mse_u:0.02 mse_v:0.03 psnr_avg:64.33 psnr_y:64.52 psnr_u:65.22 psnr_v:62.99 
n:426 mse_avg:0.02 mse_y:0.02 mse_u:0.02 mse_v:0.03 psnr_avg:64.22 psnr_y:64.46 psnr_u:64.98 psnr_v:62.86 
n:427 mse_avg:0.03 mse_y:0.03 mse_u:0.02 mse_v:0.04 psnr_avg:63.32 psnr_y:63.25 psnr_u:64.76 psnr_v:62.45 
n:428 mse_avg:0.03 mse_y:0.02 mse_u:0.02 mse_v:0.03 psnr_avg:64.12 psnr_y:64.33 psnr_u:64.92 psnr_v:62.80 
n:429 mse_avg:0.02 mse_y:0.02 mse_u:0.02 mse_v:0.03 psnr_avg:64.17 psnr_y:64.39 psnr_u:64.94 psnr_v:62.83 
n:430 mse_avg:0.04 mse_y:0.04 mse_u:0.03 mse_v:0.04 psnr_avg:62.62 psnr_y:62.52 psnr_u:64.14 psnr_v:61.83 
n:431 mse_avg:0.03 mse_y:0.02 mse_u:0.02 mse_v:0.03 psnr_avg:64.13 psnr_y:64.36 psnr_u:64.83 psnr_v:62.81 
n:432 mse_avg:0.02 mse_y:0.02 mse_u:0.02 mse_v:0.03 psnr_avg:64.20 psnr_y:64.43 psnr_u:64.87 psnr_v:62.90 
n:433 mse_avg:0.03 mse_y:0.02 mse_u:0.02 mse_v:0.03 psnr_avg:64.03 psnr_y:64.22 psnr_u:64.84 psnr_v:62.75 
n:434 mse_avg:0.02 mse_y:0.02 mse_u:0.02 mse_v:0.03 psnr_avg:64.19 psnr_y:64.45 psnr_u:64.81 psnr_v:62.85 
n:435 mse_avg:0.02 mse_y:0.02 mse_u:0.02 mse_v:0.03 psnr_avg:64.18 psnr_y:64.45 psnr_u:64.79 psnr_v:62.82 
n:436 mse_avg:0.03 mse_y:0.02 mse_u:0.02 mse_v:0.03 psnr_avg:64.04 psnr_y:64.24 psnr_u:64.76 psnr_v:62.81 
n:437 mse_avg:0.02 mse_y:0.02 mse_u:0.02 mse_v:0.03 psnr_avg:64.21 psnr_y:64.48 psnr_u:64.79 psnr_v:62.85 
n:438 mse_avg:0.03 mse_y:0.02 mse_u:0.02 mse_v:0.03 psnr_avg:64.11 psnr_y:64.36 psnr_u:64.66 psnr_v:62.83 
n:439 mse_avg:0.03 mse_y:0.03 mse_u:0.02 mse_v:0.04 psnr_avg:63.24 psnr_y:63.21 psnr_u:64.52 psnr_v:62.34 
n:440 mse_avg:0.03 mse_y:0.02 mse_u:0.02 mse_v:0.03 psnr_avg:64.04 psnr_y:64.29 psnr_u:64.63 psnr_v:62.74 
n:441 mse_avg:0.03 mse_y:0.02 mse_u:0.02 mse_v:0.03 psnr_avg:64.12 psnr_y:64.37 psnr_u:64.68 psnr_v:62.82 
n:442 mse_avg:0.03 mse_y:0.02 mse_u:0.02 mse_v:0.03 psnr_avg:64.12 psnr_y:64.39 psnr_u:64.67 psnr_v:62.77 
n:443 mse_avg:0.03 mse_y:0.02 mse_u:0.02 mse_v:0.03 psnr_avg:64.12 psnr_y:64.39 psnr_u:64.71 psnr_v:62.75 
n:444 mse_avg:0.03 mse_y:0.02 mse_u:0.02 mse_v:0.03 psnr_avg:64.14 psnr_y:64.42 psnr_u:64.70 psnr_v:62.76 
n:445 mse_avg:0.03 mse_y:0.02 mse_u:0.02 mse_v:0.04 psnr_avg:64.05 psnr_y:64.34 psnr_u:64.66 psnr_v:62.63 
n:446 mse_avg:0.02 mse_y:0.02 mse_u:0.02 mse_v:0.03 psnr_avg:64.18 psnr_y:64.48 psnr_u:64.69 psnr_v:62.78 
n:447 mse_avg:0.03 mse_y:0.03 mse_u:0.02 mse_v:0.04 psnr_avg:63.73 psnr_y:63.91 psnr_u:64.54 psnr_v:62.49 
n:448 mse_avg:0.03 mse_y:0.02 mse_u:0.02 mse_v:0.03 psnr_avg:64.13 psnr_y:64.40 psnr_u:64.71 psnr_v:62.77 
n:449 mse_avg:0.03 mse_y:0.02 mse_u:0.02 mse_v:0.04 psnr_avg:63.97 psnr_y:64.20 psnr_u:64.69 psnr_v:62.66 
n:450 mse_avg:0.03 mse_y:0.02 mse_u:0.02 mse_v:0.03 psnr_avg:64.15 psnr_y:64.43 psnr_u:64.72 psnr_v:62.78 
n:451 mse_avg:0.04 mse_y:0.04 mse_u:0.02 mse_v:0.04 psnr_avg:62.20 psnr_y:61.89 psnr_u:64.30 psnr_v:61.85 
n:452 mse_avg:0.03 mse_y:0.02 mse_u:0.02 mse_v:0.03 psnr_avg:64.12 psnr_y:64.36 psnr_u:64.78 psnr_v:62.79 
n:453 mse_avg:0.03 mse_y:0.02 mse_u:0.02 mse_v:0.03 psnr_avg:64.14 psnr_y:64.37 psnr_u:64.79 psnr_v:62.83 
n:454 mse_avg:0.02 mse_y:0.02 mse_u:0.02 mse_v:0.03 psnr_avg:64.18 psnr_y:64.43 psnr_u:64.83 psnr_v:62.83 
n:455 mse_avg:0.04 mse_y:0.04 mse_u:0.02 mse_v:0.04 psnr_avg:62.22 psnr_y:61.84 psnr_u:64.37 psnr_v:62.08 
n:456 mse_avg:0.03 mse_y:0.03 mse_u:0.02 mse_v:0.03 psnr_avg:63.73 psnr_y:63.72 psnr_u:64.81 psnr_v:62.91 
n:457 mse_avg:0.03 mse_y:0.03 mse_u:0.02 mse_v:0.03 psnr_avg:63.89 psnr_y:63.92 psnr_u:64.87 psnr_v:63.01 
n:458 mse_avg:0.04 mse_y:0.05 mse_u:0.02 mse_v:0.04 psnr_avg:61.83 psnr_y:61.35 psnr_u:64.38 psnr_v:61.90 
n:459 mse_avg:0.03 mse_y:0.03 mse_u:0.02 mse_v:0.03 psnr_avg:63.87 psnr_y:63.95 psnr_u:64.78 psnr_v:62.87 
n:460 mse_avg:0.03 mse_y:0.03 mse_u:0.02 mse_v:0.03 psnr_avg:63.98 psnr_y:64.05 psnr_u:64.84 psnr_v:63.02 
n:461 mse_avg:0.03 mse_y:0.03 mse_u:0.02 mse_v:0.04 psnr_avg:63.10 psnr_y:63.03 psnr_u:64.51 psnr_v:62.27 
n:462 mse_avg:0.03 mse_y:0.02 mse_u:0.02 mse_v:0.03 psnr_avg:64.11 psnr_y:64.21 psnr_u:64.89 psnr_v:63.10 
n:463 mse_avg:0.03 mse_y:0.02 mse_u:0.02 mse_v:0.03 psnr_avg:64.13 psnr_y:64.29 psnr_u:64.87 psnr_v:63.02 
n:464 mse_avg:0.03 mse_y:0.03 mse_u:0.02 mse_v:0.04 psnr_avg:62.91 psnr_y:62.84 psnr_u:64.41 psnr_v:62.03 
n:465 mse_avg:0.03 mse_y:0.02 mse_u:0.02 mse_v:0.03 psnr_avg:64.15 psnr_y:64.35 psnr_u:64.83 psnr_v:62.90 
n:466 mse_avg:0.03 mse_y:0.03 mse_u:0.02 mse_v:0.04 psnr_avg:63.19 psnr_y:63.24 psnr_u:64.40 psnr_v:62.09 
n:467 mse_avg:0.02 mse_y:0.02 mse_u:0.02 mse_v:0.03 psnr_avg:64.19 psnr_y:64.43 psnr_u:64.76 psnr_v:62.90 
n:468 mse_avg:0.03 mse_y:0.03 mse_u:0.02 mse_v:0.04 psnr_avg:63.22 psnr_y:63.23 psnr_u:64.31 psnr_v:62.31 
n:469 mse_avg:0.03 mse_y:0.03 mse_u:0.02 mse_v:0.03 psnr_avg:63.73 psnr_y:63.79 psnr_u:64.74 psnr_v:62.75 
n:470 mse_avg:0.02 mse_y:0.02 mse_u:0.02 mse_v:0.03 psnr_avg:64.22 psnr_y:64.45 psnr_u:64.77 psnr_v:62.96 
n:471 mse_avg:0.02 mse_y:0.02 mse_u:0.02 mse_v:0.03 psnr_avg:64.26 psnr_y:64.52 psnr_u:64.81 psnr_v:62.95 
n:472 mse_avg:0.03 mse_y:0.03 mse_u:0.02 mse_v:0.04 psnr_avg:63.73 psnr_y:63.86 psnr_u:64.51 psnr_v:62.62 
n:473 mse_avg:0.04 mse_y:0.04 mse_u:0.02 mse_v:0.04 psnr_avg:62.66 psnr_y:62.43 psnr_u:64.38 psnr_v:62.22 
n:474 mse_avg:0.03 mse_y:0.03 mse_u:0.02 mse_v:0.03 psnr_avg:63.83 psnr_y:63.77 psnr_u:64.83 psnr_v:63.19 
n:475 mse_avg:0.03 mse_y:0.03 mse_u:0.02 mse_v:0.04 psnr_avg:63.30 psnr_y:63.25 psnr_u:64.49 psnr_v:62.51 
n:476 mse_avg:0.03 mse_y:0.03 mse_u:0.02 mse_v:0.03 psnr_avg:63.77 psnr_y:63.75 psnr_u:64.76 psnr_v:63.03 
n:477 mse_avg:0.03 mse_y:0.03 mse_u:0.02 mse_v:0.03 psnr_avg:64.08 psnr_y:64.14 psnr_u:64.79 psnr_v:63.25 
n:478 mse_avg:0.04 mse_y:0.05 mse_u:0.02 mse_v:0.03 psnr_avg:61.93 psnr_y:61.30 psnr_u:64.64 psnr_v:62.71 
n:479 mse_avg:0.04 mse_y:0.04 mse_u:0.02 mse_v:0.03 psnr_avg:62.34 psnr_y:61.84 psnr_u:64.50 psnr_v:62.75 
n:480 mse_avg:0.05 mse_y:0.06 mse_u:0.02 mse_v:0.04 psnr_avg:61.17 psnr_y:60.44 psnr_u:64.52 psnr_v:62.07 
n:481 mse_avg:0.03 mse_y:0.03 mse_u:0.02 mse_v:0.03 psnr_avg:63.95 psnr_y:63.90 psnr_u:64.83 psnr_v:63.39 
n:482 mse_avg:0.02 mse_y:0.02 mse_u:0.02 mse_v:0.03 psnr_avg:64.20 psnr_y:64.29 psnr_u:64.80 psnr_v:63.38 
n:483 mse_avg:0.03 mse_y:0.03 mse_u:0.02 mse_v:0.03 psnr_avg:63.82 psnr_y:63.86 psnr_u:64.60 psnr_v:63.05 
n:484 mse_avg:0.04 mse_y:0.04 mse_u:0.02 mse_v:0.04 psnr_avg:62.13 psnr_y:61.75 psnr_u:64.26 psnr_v:62.05 
n:485 mse_avg:0.02 mse_y:0.02 mse_u:0.02 mse_v:0.03 psnr_avg:64.27 psnr_y:64.41 psnr_u:64.73 psnr_v:63.36 
n:486 mse_avg:0.03 mse_y:0.03 mse_u:0.02 mse_v:0.03 psnr_avg:63.79 psnr_y:63.89 psnr_u:64.44 psnr_v:62.87 
n:487 mse_avg:0.04 mse_y:0.04 mse_u:0.02 mse_v:0.04 psnr_avg:62.27 psnr_y:61.91 psnr_u:64.30 psnr_v:62.13 
n:488 mse_avg:0.02 mse_y:0.02 mse_u:0.02 mse_v:0.03 psnr_avg:64.46 psnr_y:64.67 psnr_u:64.72 psnr_v:63.48 
n:489 mse_avg:0.03 mse_y:0.03 mse_u:0.02 mse_v:0.04 psnr_avg:63.04 psnr_y:62.97 psnr_u:64.33 psnr_v:62.28 
n:490 mse_avg:0.02 mse_y:0.02 mse_u:0.02 mse_v:0.03 psnr_avg:64.59 psnr_y:64.85 psnr_u:64.70 psnr_v:63.59 
n:491 mse_avg:0.03 mse_y:0.03 mse_u:0.02 mse_v:0.03 psnr_avg:63.86 psnr_y:64.03 psnr_u:64.42 psnr_v:62.81 
n:492 mse_avg:0.04 mse_y:0.04 mse_u:0.02 mse_v:0.04 psnr_avg:62.22 psnr_y:61.83 psnr_u:64.24 psnr_v:62.22 
n:493 mse_avg:0.02 mse_y:0.02 mse_u:0.02 mse_v:0.03 psnr_avg:64.73 psnr_y:65.06 psnr_u:64.76 psnr_v:63.60 
n:494 mse_avg:0.03 mse_y:0.03 mse_u:0.02 mse_v:0.04 psnr_avg:63.70 psnr_y:63.91 psnr_u:64.36 psnr_v:62.46 
n:495 mse_avg:0.02 mse_y:0.02 mse_u:0.02 mse_v:0.03 psnr_avg:64.94 psnr_y:65.38 psnr_u:64.73 psnr_v:63.70 
n:496 mse_avg:0.02 mse_y:0.02 mse_u:0.01 mse_v:0.02 psnr_avg:65.67 psnr_y:65.44 psnr_u:66.45 psnr_v:65.89 
n:497 mse_avg:0.02 mse_y:0.02 mse_u:0.01 mse_v:0.02 psnr_avg:65.48 psnr_y:65.36 psnr_u:66.46 psnr_v:65.08 
n:498 mse_avg:0.04 mse_y:0.05 mse_u:0.02 mse_v:0.04 psnr_avg:62.02 psnr_y:61.30 psnr_u:65.81 psnr_v:62.64 
n:499 mse_avg:0.02 mse_y:0.02 mse_u:0.02 mse_v:0.02 psnr_avg:65.90 psnr_y:66.05 psnr_u:66.07 psnr_v:65.19 
n:500 mse_avg:0.02 mse_y:0.02 mse_u:0.02 mse_v:0.02 psnr_avg:65.20 psnr_y:65.25 psnr_u:66.06 psnr_v:64.30 
n:501 mse_avg:3.26 mse_y:4.64 mse_u:0.10 mse_v:0.90 psnr_avg:43.00 psnr_y:41.46 psnr_u:58.19 psnr_v:48.57 
n:502 mse_avg:1.71 mse_y:2.38 mse_u:0.06 mse_v:0.69 psnr_avg:45.79 psnr_y:44.36 psnr_u:60.09 psnr_v:49.74 
n:503 mse_avg:1.83 mse_y:2.45 mse_u:0.18 mse_v:0.98 psnr_avg:45.51 psnr_y:44.24 psnr_u:55.69 psnr_v:48.22 
n:504 mse_avg:2.15 mse_y:2.87 mse_u:0.22 mse_v:1.19 psnr_avg:44.82 psnr_y:43.56 psnr_u:54.77 psnr_v:47.39 
n:505 mse_avg:1.67 mse_y:2.30 mse_u:0.12 mse_v:0.67 psnr_avg:45.91 psnr_y:44.51 psnr_u:57.20 psnr_v:49.89 
n:506 mse_avg:2.27 mse_y:3.02 mse_u:0.24 mse_v:1.31 psnr_avg:44.57 psnr_y:43.34 psnr_u:54.37 psnr_v:46.95 
n:507 mse_avg:2.36 mse_y:3.18 mse_u:0.16 mse_v:1.25 psnr_avg:44.41 psnr_y:43.11 psnr_u:56.03 psnr_v:47.16 
n:508 mse_avg:1.78 mse_y:2.46 mse_u:0.15 mse_v:0.70 psnr_avg:45.62 psnr_y:44.21 psnr_u:56.48 psnr_v:49.70 
n:509 mse_avg:1.73 mse_y:2.25 mse_u:0.15 mse_v:1.21 psnr_avg:45.75 psnr_y:44.60 psnr_u:56.26 psnr_v:47.30 
n:510 mse_avg:2.43 mse_y:3.27 mse_u:0.25 mse_v:1.24 psnr_avg:44.28 psnr_y:42.99 psnr_u:54.18 psnr_v:47.18 
n:511 mse_avg:1.08 mse_y:1.50 mse_u:0.07 mse_v:0.45 psnr_avg:47.78 psnr_y:46.38 psnr_u:59.54 psnr_v:51.56 
n:512 mse_avg:3.20 mse_y:4.37 mse_u:0.27 mse_v:1.43 psnr_avg:43.08 psnr_y:41.72 psnr_u:53.78 psnr_v:46.59 
n:513 mse_avg:1.06 mse_y:1.49 mse_u:0.06 mse_v:0.36 psnr_avg:47.86 psnr_y:46.40 psnr_u:60.38 psnr_v:52.55 
n:514 mse_avg:2.27 mse_y:2.91 mse_u:0.35 mse_v:1.62 psnr_avg:44.58 psnr_y:43.50 psnr_u:52.69 psnr_v:46.02 
n:515 mse_avg:1.21 mse_y:1.63 mse_u:0.09 mse_v:0.63 psnr_avg:47.31 psnr_y:46.01 psnr_u:58.60 psnr_v:50.15 
n:516 mse_avg:3.45 mse_y:4.54 mse_u:0.26 mse_v:2.30 psnr_avg:42.75 psnr_y:41.56 psnr_u:54.06 psnr_v:44.51 
n:517 mse_avg:3.52 mse_y:4.58 mse_u:0.51 mse_v:2.31 psnr_avg:42.66 psnr_y:41.53 psnr_u:51.05 psnr_v:44.49 
n:518 mse_avg:2.91 mse_y:3.97 mse_u:0.11 mse_v:1.47 psnr_avg:43.49 psnr_y:42.14 psnr_u:57.81 psnr_v:46.45 
n:519 mse_avg:2.58 mse_y:3.43 mse_u:0.32 mse_v:1.43 psnr_avg:44.02 psnr_y:42.78 psnr_u:53.04 psnr_v:46.58 
n:520 mse_avg:2.00 mse_y:2.70 mse_u:0.04 mse_v:1.20 psnr_avg:45.11 psnr_y:43.82 psnr_u:62.29 psnr_v:47.34 
n:521 mse_avg:2.23 mse_y:3.08 mse_u:0.09 mse_v:0.99 psnr_avg:44.64 psnr_y:43.25 psnr_u:58.63 psnr_v:48.18 
n:522 mse_avg:2.48 mse_y:3.40 mse_u:0.19 mse_v:1.10 psnr_avg:44.18 psnr_y:42.82 psnr_u:55.24 psnr_v:47.73 
n:523 mse_avg:2.00 mse_y:2.83 mse_u:0.03 mse_v:0.65 psnr_avg:45.13 psnr_y:43.62 psnr_u:63.07 psnr_v:50.03 
n:524 mse_avg:1.87 mse_y:2.71 mse_u:0.15 mse_v:0.19 psnr_avg:45.42 psnr_y:43.79 psnr_u:56.30 psnr_v:55.33 
n:525 mse_avg:1.72 mse_y:2.51 mse_u:0.02 mse_v:0.26 psnr_avg:45.78 psnr_y:44.13 psnr_u:65.12 psnr_v:54.03 
n:526 mse_avg:1.46 mse_y:2.13 mse_u:0.19 mse_v:0.07 psnr_avg:46.48 psnr_y:44.85 psnr_u:55.30 psnr_v:59.61 
n:527 mse_avg:0.13 mse_y:0.20 mse_u:0.00 mse_v:0.01 psnr_avg:56.86 psnr_y:55.16 psnr_u:73.53 psnr_v:68.15 
n:528 mse_avg:0.00 mse_y:0.00 mse_u:0.00 mse_v:0.00 psnr_avg:73.96 psnr_y:73.23 psnr_u:74.09 psnr_v:79.20 
n:529 mse_avg:0.00 mse_y:0.00 mse_u:0.00 mse_v:0.00 psnr_avg:77.72 psnr_y:77.49 psnr_u:76.19 psnr_v:82.12 
n:530 mse_avg:0.00 mse_y:0.00 mse_u:0.00 mse_v:0.00 psnr_avg:78.27 psnr_y:77.44 psnr_u:79.50 psnr_v:82.12 
n:531 mse_avg:0.00 mse_y:0.00 mse_u:0.00 mse_v:0.00 psnr_avg:73.77 psnr_y:72.33 psnr_u:79.50 psnr_v:81.93 
n:532 mse_avg:0.04 mse_y:0.06 mse_u:0.00 mse_v:0.00 psnr_avg:61.75 psnr_y:60.03 psnr_u:75.05 psnr_v:81.76 
n:533 mse_avg:1.70 mse_y:2.53 mse_u:0.02 mse_v:0.03 psnr_avg:45.84 psnr_y:44.10 psnr_u:64.87 psnr_v:64.04 
n:534 mse_avg:1.11 mse_y:1.66 mse_u:0.03 mse_v:0.00 psnr_avg:47.67 psnr_y:45.93 psnr_u:63.55 psnr_v:71.41 
n:535 mse_avg:1.27 mse_y:1.89 mse_u:0.02 mse_v:0.03 psnr_avg:47.10 psnr_y:45.37 psnr_u:65.16 psnr_v:63.32 
n:536 mse_avg:0.78 mse_y:1.15 mse_u:0.05 mse_v:0.05 psnr_avg:49.20 psnr_y:47.53 psnr_u:60.73 psnr_v:61.13 
n:537 mse_avg:0.71 mse_y:1.06 mse_u:0.00 mse_v:0.01 psnr_avg:49.64 psnr_y:47.89 psnr_u:74.18 psnr_v:67.23 
n:538 mse_avg:0.79 mse_y:1.17 mse_u:0.03 mse_v:0.02 psnr_avg:49.15 psnr_y:47.43 psnr_u:63.11 psnr_v:65.14 
n:539 mse_avg:0.87 mse_y:1.27 mse_u:0.08 mse_v:0.06 psnr_avg:48.75 psnr_y:47.11 psnr_u:59.17 psnr_v:60.70 
n:540 mse_avg:0.62 mse_y:0.93 mse_u:0.01 mse_v:0.02 psnr_avg:50.19 psnr_y:48.45 psnr_u:70.95 psnr_v:65.90 
n:541 mse_avg:0.99 mse_y:1.45 mse_u:0.07 mse_v:0.04 psnr_avg:48.20 psnr_y:46.52 psnr_u:59.45 psnr_v:62.17 
n:542 mse_avg:1.02 mse_y:1.44 mse_u:0.16 mse_v:0.21 psnr_avg:48.05 psnr_y:46.56 psnr_u:56.13 psnr_v:54.96 
n:543 mse_avg:0.87 mse_y:1.29 mse_u:0.01 mse_v:0.02 psnr_avg:48.76 psnr_y:47.03 psnr_u:67.31 psnr_v:64.65 
n:544 mse_avg:1.11 mse_y:1.65 mse_u:0.04 mse_v:0.04 psnr_avg:47.67 psnr_y:45.96 psnr_u:61.93 psnr_v:62.67 
n:545 mse_avg:1.15 mse_y:1.65 mse_u:0.15 mse_v:0.17 psnr_avg:47.51 psnr_y:45.95 psnr_u:56.51 psnr_v:55.75 
n:546 mse_avg:1.05 mse_y:1.57 mse_u:0.01 mse_v:0.03 psnr_avg:47.90 psnr_y:46.17 psnr_u:66.68 psnr_v:63.44 
n:547 mse_avg:1.29 mse_y:1.92 mse_u:0.03 mse_v:0.04 psnr_avg:47.02 psnr_y:45.30 psnr_u:63.27 psnr_v:62.35 
n:548 mse_avg:1.30 mse_y:1.89 mse_u:0.10 mse_v:0.15 psnr_avg:47.00 psnr_y:45.38 psnr_u:58.23 psnr_v:56.35 
n:549 mse_avg:1.18 mse_y:1.76 mse_u:0.02 mse_v:0.03 psnr_avg:47.41 psnr_y:45.68 psnr_u:66.03 psnr_v:63.07 
n:550 mse_avg:1.73 mse_y:2.55 mse_u:0.10 mse_v:0.08 psnr_avg:45.74 psnr_y:44.06 psnr_u:58.12 psnr_v:59.16 
n:551 mse_avg:1.79 mse_y:2.58 mse_u:0.17 mse_v:0.24 psnr_avg:45.60 psnr_y:44.01 psnr_u:55.88 psnr_v:54.32 
n:552 mse_avg:1.61 mse_y:2.39 mse_u:0.04 mse_v:0.05 psnr_avg:46.06 psnr_y:44.34 psnr_u:62.53 psnr_v:61.49 
n:553 mse_avg:2.70 mse_y:3.98 mse_u:0.13 mse_v:0.15 psnr_avg:43.81 psnr_y:42.13 psnr_u:56.83 psnr_v:56.23 
n:554 mse_avg:1.40 mse_y:2.06 mse_u:0.06 mse_v:0.06 psnr_avg:46.68 psnr_y:44.98 psnr_u:60.33 psnr_v:60.14 
n:555 mse_avg:0.59 mse_y:0.87 mse_u:0.04 mse_v:0.05 psnr_avg:50.41 psnr_y:48.75 psnr_u:62.34 psnr_v:61.39 
n:556 mse_avg:0.45 mse_y:0.65 mse_u:0.04 mse_v:0.05 psnr_avg:51.60 psnr_y:49.97 psnr_u:62.49 psnr_v:61.42 
n:557 mse_avg:0.40 mse_y:0.58 mse_u:0.02 mse_v:0.05 psnr_avg:52.13 psnr_y:50.50 psnr_u:64.32 psnr_v:61.44 
n:558 mse_avg:0.16 mse_y:0.24 mse_u:0.00 mse_v:0.01 psnr_avg:56.05 psnr_y:54.34 psnr_u:72.51 psnr_v:69.74 
n:559 mse_avg:0.50 mse_y:0.74 mse_u:0.01 mse_v:0.01 psnr_avg:51.18 psnr_y:49.45 psnr_u:68.71 psnr_v:66.91 
n:560 mse_avg:0.17 mse_y:0.24 mse_u:0.01 mse_v:0.01 psnr_avg:55.95 psnr_y:54.30 psnr_u:66.61 psnr_v:68.04 
n:561 mse_avg:0.71 mse_y:1.03 mse_u:0.04 mse_v:0.05 psnr_avg:49.65 psnr_y:47.99 psnr_u:61.87 psnr_v:60.83 
n:562 mse_avg:0.21 mse_y:0.31 mse_u:0.01 mse_v:0.01 psnr_avg:54.88 psnr_y:53.17 psnr_u:69.45 psnr_v:69.91 
n:563 mse_avg:0.10 mse_y:0.15 mse_u:0.00 mse_v:0.01 psnr_avg:58.17 psnr_y:56.50 psnr_u:71.23 psnr_v:70.20 
n:564 mse_avg:1.68 mse_y:2.48 mse_u:0.06 mse_v:0.10 psnr_avg:45.87 psnr_y:44.18 psnr_u:60.01 psnr_v:58.17 
n:565 mse_avg:0.19 mse_y:0.29 mse_u:0.01 mse_v:0.01 psnr_avg:55.23 psnr_y:53.56 psnr_u:68.25 psnr_v:67.18 
n:566 mse_avg:0.15 mse_y:0.22 mse_u:0.01 mse_v:0.01 psnr_avg:56.33 psnr_y:54.63 psnr_u:70.77 psnr_v:69.51 
n:567 mse_avg:0.97 mse_y:1.44 mse_u:0.02 mse_v:0.03 psnr_avg:48.28 psnr_y:46.56 psnr_u:65.49 psnr_v:62.83 
n:568 mse_avg:0.24 mse_y:0.35 mse_u:0.00 mse_v:0.01 psnr_avg:54.41 psnr_y:52.68 psnr_u:72.66 psnr_v:69.51 
n:569 mse_avg:0.13 mse_y:0.19 mse_u:0.00 mse_v:0.01 psnr_avg:56.98 psnr_y:55.26 psnr_u:73.51 psnr_v:71.02 
n:570 mse_avg:1.16 mse_y:1.71 mse_u:0.04 mse_v:0.08 psnr_avg:47.48 psnr_y:45.80 psnr_u:61.67 psnr_v:58.88 
n:571 mse_avg:0.22 mse_y:0.33 mse_u:0.01 mse_v:0.01 psnr_avg:54.62 psnr_y:52.93 psnr_u:67.46 psnr_v:67.13 
n:572 mse_avg:0.15 mse_y:0.22 mse_u:0.00 mse_v:0.01 psnr_avg:56.35 psnr_y:54.65 psnr_u:72.23 psnr_v:68.50 
n:573 mse_avg:0.55 mse_y:0.82 mse_u:0.01 mse_v:0.02 psnr_avg:50.69 psnr_y:48.97 psnr_u:67.21 psnr_v:66.01 
n:574 mse_avg:0.92 mse_y:1.36 mse_u:0.03 mse_v:0.06 psnr_avg:48.49 psnr_y:46.81 psnr_u:62.77 psnr_v:60.28 
n:575 mse_avg:0.18 mse_y:0.26 mse_u:0.00 mse_v:0.01 psnr_avg:55.63 psnr_y:53.91 psnr_u:71.93 psnr_v:69.66 
n:576 mse_avg:0.10 mse_y:0.15 mse_u:0.00 mse_v:0.01 psnr_avg:58.11 psnr_y:56.43 psnr_u:71.90 psnr_v:69.78 
n:577 mse_avg:1.11 mse_y:1.63 mse_u:0.05 mse_v:0.06 psnr_avg:47.70 psnr_y:46.01 psnr_u:60.92 psnr_v:60.54 
n:578 mse_avg:0.23 mse_y:0.34 mse_u:0.01 mse_v:0.01 psnr_avg:54.55 psnr_y:52.83 psnr_u:70.34 psnr_v:70.38 
n:579 mse_avg:0.13 mse_y:0.19 mse_u:0.00 mse_v:0.00 psnr_avg:57.09 psnr_y:55.37 psnr_u:71.79 psnr_v:72.72 
n:580 mse_avg:0.60 mse_y:0.88 mse_u:0.04 mse_v:0.06 psnr_avg:50.32 psnr_y:48.68 psnr_u:62.61 psnr_v:60.32 
n:581 mse_avg:0.81 mse_y:1.21 mse_u:0.02 mse_v:0.02 psnr_avg:49.04 psnr_y:47.31 psnr_u:65.16 psnr_v:66.36 
n:582 mse_avg:0.23 mse_y:0.34 mse_u:0.00 mse_v:0.00 psnr_avg:54.50 psnr_y:52.76 psnr_u:72.92 psnr_v:71.23 
n:583 mse_avg:0.10 mse_y:0.15 mse_u:0.00 mse_v:0.00 psnr_avg:58.21 psnr_y:56.49 psnr_u:73.02 psnr_v:73.30 
n:584 mse_avg:0.57 mse_y:0.84 mse_u:0.03 mse_v:0.02 psnr_avg:50.57 psnr_y:48.88 psnr_u:63.13 psnr_v:64.73 
n:585 mse_avg:0.16 mse_y:0.23 mse_u:0.01 mse_v:0.01 psnr_avg:56.20 psnr_y:54.54 psnr_u:66.80 psnr_v:68.43 
n:586 mse_avg:0.13 mse_y:0.19 mse_u:0.00 mse_v:0.00 psnr_avg:57.01 psnr_y:55.29 psnr_u:72.41 psnr_v:72.12 
n:587 mse_avg:0.80 mse_y:1.20 mse_u:0.01 mse_v:0.02 psnr_avg:49.07 psnr_y:47.34 psnr_u:66.73 psnr_v:64.95 
n:588 mse_avg:0.21 mse_y:0.32 mse_u:0.00 mse_v:0.00 psnr_avg:54.81 psnr_y:53.07 psnr_u:72.06 psnr_v:71.99 
n:589 mse_avg:0.09 mse_y:0.13 mse_u:0.00 mse_v:0.00 psnr_avg:58.58 psnr_y:56.88 psnr_u:73.97 psnr_v:72.04 
n:590 mse_avg:0.41 mse_y:0.61 mse_u:0.01 mse_v:0.01 psnr_avg:51.99 psnr_y:50.27 psnr_u:67.13 psnr_v:67.45 
n:591 mse_avg:0.12 mse_y:0.18 mse_u:0.00 mse_v:0.01 psnr_avg:57.37 psnr_y:55.66 psnr_u:73.46 psnr_v:71.08 
n:592 mse_avg:0.80 mse_y:1.18 mse_u:0.02 mse_v:0.03 psnr_avg:49.12 psnr_y:47.41 psnr_u:65.08 psnr_v:63.95 
n:593 mse_avg:0.15 mse_y:0.22 mse_u:0.00 mse_v:0.00 psnr_avg:56.51 psnr_y:54.78 psnr_u:74.21 psnr_v:73.35 
n:594 mse_avg:0.09 mse_y:0.13 mse_u:0.00 mse_v:0.00 psnr_avg:58.84 psnr_y:57.12 psnr_u:74.21 psnr_v:73.48 
n:595 mse_avg:0.70 mse_y:1.04 mse_u:0.02 mse_v:0.02 psnr_avg:49.66 psnr_y:47.94 psnr_u:65.72 psnr_v:65.23 
n:596 mse_avg:0.26 mse_y:0.39 mse_u:0.00 mse_v:0.00 psnr_avg:53.93 psnr_y:52.19 psnr_u:71.37 psnr_v:71.81 
n:597 mse_avg:0.10 mse_y:0.14 mse_u:0.00 mse_v:0.00 psnr_avg:58.29 psnr_y:56.57 psnr_u:74.50 psnr_v:73.21 
n:598 mse_avg:0.39 mse_y:0.57 mse_u:0.02 mse_v:0.02 psnr_avg:52.23 psnr_y:50.54 psnr_u:66.10 psnr_v:65.18 
n:599 mse_avg:0.65 mse_y:0.96 mse_u:0.02 mse_v:0.02 psnr_avg:50.01 psnr_y:48.29 psnr_u:64.27 psnr_v:65.39 
n:600 mse_avg:0.27 mse_y:0.40 mse_u:0.01 mse_v:0.01 psnr_avg:53.81 psnr_y:52.11 psnr_u:67.56 psnr_v:68.36 
n:601 mse_avg:0.10 mse_y:0.15 mse_u:0.00 mse_v:0.00 psnr_avg:58.01 psnr_y:56.30 psnr_u:73.56 psnr_v:71.97 
n:602 mse_avg:0.89 mse_y:1.30 mse_u:0.02 mse_v:0.07 psnr_avg:48.66 psnr_y:46.98 psnr_u:64.49 psnr_v:59.58 
n:603 mse_avg:0.23 mse_y:0.34 mse_u:0.00 mse_v:0.01 psnr_avg:54.50 psnr_y:52.78 psnr_u:71.76 psnr_v:68.66 
n:604 mse_avg:0.10 mse_y:0.14 mse_u:0.00 mse_v:0.01 psnr_avg:58.23 psnr_y:56.57 psnr_u:71.88 psnr_v:68.73 
n:605 mse_avg:0.44 mse_y:0.65 mse_u:0.01 mse_v:0.03 psnr_avg:51.67 psnr_y:49.98 psnr_u:68.63 psnr_v:63.14 
n:606 mse_avg:0.78 mse_y:1.15 mse_u:0.03 mse_v:0.03 psnr_avg:49.22 psnr_y:47.52 psnr_u:63.66 psnr_v:62.91 
n:607 mse_avg:0.33 mse_y:0.49 mse_u:0.02 mse_v:0.01 psnr_avg:52.97 psnr_y:51.27 psnr_u:66.28 psnr_v:68.46 
n:608 mse_avg:0.12 mse_y:0.18 mse_u:0.00 mse_v:0.01 psnr_avg:57.18 psnr_y:55.47 psnr_u:72.12 psnr_v:70.99 
n:609 mse_avg:0.65 mse_y:0.95 mse_u:0.06 mse_v:0.05 psnr_avg:49.97 psnr_y:48.34 psnr_u:60.06 psnr_v:61.31 
n:610 mse_avg:0.17 mse_y:0.24 mse_u:0.01 mse_v:0.04 psnr_avg:55.95 psnr_y:54.39 psnr_u:69.15 psnr_v:62.55 
n:611 mse_avg:0.15 mse_y:0.22 mse_u:0.00 mse_v:0.00 psnr_avg:56.42 psnr_y:54.70 psnr_u:72.31 psnr_v:72.66 
n:612 mse_avg:0.83 mse_y:1.22 mse_u:0.04 mse_v:0.05 psnr_avg:48.96 psnr_y:47.27 psnr_u:62.41 psnr_v:61.43 
n:613 mse_avg:0.18 mse_y:0.26 mse_u:0.01 mse_v:0.01 psnr_avg:55.68 psnr_y:54.00 psnr_u:69.12 psnr_v:67.44 
n:614 mse_avg:0.15 mse_y:0.22 mse_u:0.00 mse_v:0.01 psnr_avg:56.43 psnr_y:54.72 psnr_u:72.37 psnr_v:70.26 
n:615 mse_avg:0.92 mse_y:1.38 mse_u:0.01 mse_v:0.02 psnr_avg:48.47 psnr_y:46.74 psnr_u:68.91 psnr_v:64.32 
n:616 mse_avg:0.21 mse_y:0.31 mse_u:0.00 mse_v:0.01 psnr_avg:55.00 psnr_y:53.27 psnr_u:73.53 psnr_v:70.27 
n:617 mse_avg:0.11 mse_y:0.16 mse_u:0.00 mse_v:0.01 psnr_avg:57.70 psnr_y:55.99 psnr_u:73.75 psnr_v:70.75 
n:618 mse_avg:0.24 mse_y:0.36 mse_u:0.01 mse_v:0.01 psnr_avg:54.29 psnr_y:52.59 psnr_u:67.39 psnr_v:68.57 
n:619 mse_avg:0.14 mse_y:0.20 mse_u:0.00 mse_v:0.01 psnr_avg:56.81 psnr_y:55.11 psnr_u:71.33 psnr_v:69.90 
n:620 mse_avg:0.84 mse_y:1.23 mse_u:0.03 mse_v:0.06 psnr_avg:48.91 psnr_y:47.23 psnr_u:63.49 psnr_v:60.32 
n:621 mse_avg:0.19 mse_y:0.28 mse_u:0.01 mse_v:0.01 psnr_avg:55.35 psnr_y:53.65 psnr_u:69.68 psnr_v:67.61 
n:622 mse_avg:0.18 mse_y:0.26 mse_u:0.00 mse_v:0.00 psnr_avg:55.64 psnr_y:53.91 psnr_u:73.53 psnr_v:72.55 
n:623 mse_avg:0.76 mse_y:1.13 mse_u:0.01 mse_v:0.01 psnr_avg:49.35 psnr_y:47.61 psnr_u:70.17 psnr_v:66.96 
n:624 mse_avg:0.16 mse_y:0.24 mse_u:0.00 mse_v:0.00 psnr_avg:55.97 psnr_y:54.24 psnr_u:73.16 psnr_v:71.99 
n:625 mse_avg:0.08 mse_y:0.12 mse_u:0.00 mse_v:0.00 psnr_avg:58.92 psnr_y:57.22 psnr_u:73.46 psnr_v:72.25 
n:626 mse_avg:0.32 mse_y:0.48 mse_u:0.01 mse_v:0.01 psnr_avg:53.03 psnr_y:51.30 psnr_u:69.39 psnr_v:69.62 
n:627 mse_avg:0.11 mse_y:0.17 mse_u:0.00 mse_v:0.00 psnr_avg:57.53 psnr_y:55.82 psnr_u:72.10 psnr_v:71.44 
n:628 mse_avg:0.60 mse_y:0.89 mse_u:0.02 mse_v:0.02 psnr_avg:50.36 psnr_y:48.65 psnr_u:64.30 psnr_v:64.73 
n:629 mse_avg:0.19 mse_y:0.28 mse_u:0.01 mse_v:0.02 psnr_avg:55.32 psnr_y:53.67 psnr_u:69.45 psnr_v:64.88 
n:630 mse_avg:0.17 mse_y:0.26 mse_u:0.00 mse_v:0.00 psnr_avg:55.76 psnr_y:54.02 psnr_u:73.61 psnr_v:72.60 
n:631 mse_avg:0.45 mse_y:0.66 mse_u:0.01 mse_v:0.02 psnr_avg:51.64 psnr_y:49.93 psnr_u:67.45 psnr_v:65.51 
n:632 mse_avg:0.17 mse_y:0.24 mse_u:0.01 mse_v:0.01 psnr_avg:55.94 psnr_y:54.26 psnr_u:68.99 psnr_v:68.41 
n:633 mse_avg:0.13 mse_y:0.19 mse_u:0.00 mse_v:0.00 psnr_avg:57.05 psnr_y:55.33 psnr_u:73.33 psnr_v:72.51 
n:634 mse_avg:0.37 mse_y:0.54 mse_u:0.01 mse_v:0.01 psnr_avg:52.49 psnr_y:50.77 psnr_u:67.77 psnr_v:67.57 
n:635 mse_avg:1.00 mse_y:1.48 mse_u:0.02 mse_v:0.02 psnr_avg:48.15 psnr_y:46.41 psnr_u:66.15 psnr_v:65.02 
n:636 mse_avg:0.19 mse_y:0.28 mse_u:0.01 mse_v:0.01 psnr_avg:55.30 psnr_y:53.60 psnr_u:70.99 psnr_v:67.10 
n:637 mse_avg:0.14 mse_y:0.20 mse_u:0.00 mse_v:0.01 psnr_avg:56.80 psnr_y:55.09 psnr_u:72.68 psnr_v:70.71 
n:638 mse_avg:0.16 mse_y:0.24 mse_u:0.00 mse_v:0.01 psnr_avg:56.05 psnr_y:54.35 psnr_u:72.51 psnr_v:67.82 
n:639 mse_avg:0.10 mse_y:0.15 mse_u:0.00 mse_v:0.00 psnr_avg:58.19 psnr_y:56.48 psnr_u:72.97 psnr_v:71.33 
n:640 mse_avg:0.53 mse_y:0.80 mse_u:0.01 mse_v:0.01 psnr_avg:50.86 psnr_y:49.12 psnr_u:68.21 psnr_v:70.01 
n:641 mse_avg:0.17 mse_y:0.26 mse_u:0.00 mse_v:0.01 psnr_avg:55.76 psnr_y:54.04 psnr_u:72.19 psnr_v:70.56 
n:642 mse_avg:0.09 mse_y:0.14 mse_u:0.00 mse_v:0.00 psnr_avg:58.36 psnr_y:56.65 psnr_u:73.21 psnr_v:72.75 
n:643 mse_avg:0.35 mse_y:0.52 mse_u:0.01 mse_v:0.01 psnr_avg:52.66 psnr_y:50.94 psnr_u:69.12 psnr_v:67.28 
n:644 mse_avg:0.20 mse_y:0.30 mse_u:0.01 mse_v:0.01 psnr_avg:55.07 psnr_y:53.35 psnr_u:71.14 psnr_v:69.46 
n:645 mse_avg:0.10 mse_y:0.15 mse_u:0.00 mse_v:0.00 psnr_avg:58.17 psnr_y:56.46 psnr_u:73.28 psnr_v:72.83 
n:646 mse_avg:0.02 mse_y:0.02 mse_u:0.00 mse_v:0.00 psnr_avg:66.01 psnr_y:64.54 psnr_u:73.35 psnr_v:73.04 
n:647 mse_avg:0.17 mse_y:0.25 mse_u:0.00 mse_v:0.00 psnr_avg:55.88 psnr_y:54.15 psnr_u:71.41 psnr_v:72.49 
n:648 mse_avg:0.20 mse_y:0.29 mse_u:0.00 mse_v:0.00 psnr_avg:55.19 psnr_y:53.46 psnr_u:71.91 psnr_v:72.55 
n:649 mse_avg:0.02 mse_y:0.02 mse_u:0.00 mse_v:0.00 psnr_avg:65.82 psnr_y:64.33 psnr_u:73.28 psnr_v:73.04 
n:650 mse_avg:0.18 mse_y:0.26 mse_u:0.00 mse_v:0.00 psnr_avg:55.65 psnr_y:53.92 psnr_u:72.43 psnr_v:72.62 
n:651 mse_avg:0.13 mse_y:0.19 mse_u:0.00 mse_v:0.00 psnr_avg:56.98 psnr_y:55.27 psnr_u:71.29 psnr_v:72.12 
n:652 mse_avg:0.02 mse_y:0.03 mse_u:0.00 mse_v:0.00 psnr_avg:65.64 psnr_y:64.15 psnr_u:73.30 psnr_v:72.97 
n:653 mse_avg:0.08 mse_y:0.12 mse_u:0.00 mse_v:0.00 psnr_avg:59.03 psnr_y:57.32 psnr_u:73.30 psnr_v:72.92 
n:654 mse_avg:0.15 mse_y:0.22 mse_u:0.00 mse_v:0.00 psnr_avg:56.34 psnr_y:54.61 psnr_u:73.06 psnr_v:71.57 
n:655 mse_avg:0.02 mse_y:0.02 mse_u:0.00 mse_v:0.00 psnr_avg:65.76 psnr_y:64.27 psnr_u:73.23 psnr_v:73.13 
n:656 mse_avg:0.02 mse_y:0.02 mse_u:0.00 mse_v:0.00 psnr_avg:65.84 psnr_y:64.35 psnr_u:73.23 psnr_v:73.13 
n:657 mse_avg:0.02 mse_y:0.03 mse_u:0.00 mse_v:0.00 psnr_avg:64.51 psnr_y:62.95 psnr_u:73.23 psnr_v:73.13 
n:658 mse_avg:0.02 mse_y:0.02 mse_u:0.00 mse_v:0.00 psnr_avg:66.21 psnr_y:64.75 psnr_u:73.28 psnr_v:73.13 
n:659 mse_avg:0.02 mse_y:0.02 mse_u:0.00 mse_v:0.00 psnr_avg:66.15 psnr_y:64.68 psnr_u:73.28 psnr_v:73.13 
n:660 mse_avg:0.02 mse_y:0.03 mse_u:0.00 mse_v:0.00 psnr_avg:64.47 psnr_y:62.91 psnr_u:73.28 psnr_v:73.13 
n:661 mse_avg:0.02 mse_y:0.02 mse_u:0.00 mse_v:0.00 psnr_avg:66.18 psnr_y:64.72 psnr_u:73.28 psnr_v:73.13 
n:662 mse_avg:0.02 mse_y:0.02 mse_u:0.00 mse_v:0.00 psnr_avg:66.17 psnr_y:64.71 psnr_u:73.28 psnr_v:73.13 
n:663 mse_avg:0.02 mse_y:0.03 mse_u:0.00 mse_v:0.00 psnr_avg:65.52 psnr_y:64.02 psnr_u:73.28 psnr_v:73.13 
n:664 mse_avg:0.02 mse_y:0.02 mse_u:0.00 mse_v:0.00 psnr_avg:66.33 psnr_y:64.81 psnr_u:75.32 psnr_v:73.48 
n:665 mse_avg:0.02 mse_y:0.02 mse_u:0.00 mse_v:0.00 psnr_avg:66.03 psnr_y:64.50 psnr_u:75.32 psnr_v:73.43 
n:666 mse_avg:0.01 mse_y:0.02 mse_u:0.00 mse_v:0.00 psnr_avg:66.95 psnr_y:65.49 psnr_u:74.84 psnr_v:73.30 
n:667 mse_avg:0.02 mse_y:0.02 mse_u:0.00 mse_v:0.00 psnr_avg:66.21 psnr_y:64.79 psnr_u:73.21 psnr_v:72.19 
n:668 mse_avg:0.01 mse_y:0.02 mse_u:0.00 mse_v:0.00 psnr_avg:67.37 psnr_y:65.88 psnr_u:75.74 psnr_v:73.80 
n:669 mse_avg:0.01 mse_y:0.02 mse_u:0.00 mse_v:0.00 psnr_avg:67.37 psnr_y:65.88 psnr_u:75.69 psnr_v:73.80 
n:670 mse_avg:0.01 mse_y:0.02 mse_u:0.00 mse_v:0.00 psnr_avg:66.54 psnr_y:65.06 psnr_u:74.87 psnr_v:72.83 
n:671 mse_avg:0.01 mse_y:0.02 mse_u:0.00 mse_v:0.00 psnr_avg:67.42 psnr_y:65.93 psnr_u:75.78 psnr_v:73.97 
n:672 mse_avg:0.01 mse_y:0.02 mse_u:0.00 mse_v:0.00 psnr_avg:66.91 psnr_y:65.39 psnr_u:76.00 psnr_v:73.89 
n:673 mse_avg:0.01 mse_y:0.02 mse_u:0.00 mse_v:0.00 psnr_avg:67.18 psnr_y:65.68 psnr_u:76.00 psnr_v:73.89 
n:674 mse_avg:0.01 mse_y:0.02 mse_u:0.00 mse_v:0.00 psnr_avg:66.50 psnr_y:64.97 psnr_u:75.56 psnr_v:73.59 
n:675 mse_avg:0.01 mse_y:0.02 mse_u:0.00 mse_v:0.00 psnr_avg:67.13 psnr_y:65.63 psnr_u:75.56 psnr_v:73.97 
n:676 mse_avg:0.02 mse_y:0.02 mse_u:0.00 mse_v:0.00 psnr_avg:65.96 psnr_y:64.59 psnr_u:72.39 psnr_v:71.34 
n:677 mse_avg:0.01 mse_y:0.02 mse_u:0.00 mse_v:0.00 psnr_avg:66.84 psnr_y:65.35 psnr_u:75.05 psnr_v:73.53 
n:678 mse_avg:0.01 mse_y:0.02 mse_u:0.00 mse_v:0.00 psnr_avg:66.93 psnr_y:65.42 psnr_u:75.44 psnr_v:73.89 
n:679 mse_avg:0.02 mse_y:0.03 mse_u:0.00 mse_v:0.00 psnr_avg:65.57 psnr_y:64.14 psnr_u:72.64 psnr_v:71.77 
n:680 mse_avg:0.01 mse_y:0.02 mse_u:0.00 mse_v:0.00 psnr_avg:66.84 psnr_y:65.34 psnr_u:75.09 psnr_v:73.72 
n:681 mse_avg:0.01 mse_y:0.02 mse_u:0.00 mse_v:0.00 psnr_avg:66.87 psnr_y:65.38 psnr_u:75.13 psnr_v:73.72 
n:682 mse_avg:0.02 mse_y:0.02 mse_u:0.00 mse_v:0.00 psnr_avg:65.96 psnr_y:64.51 psnr_u:73.46 psnr_v:72.25 
n:683 mse_avg:0.01 mse_y:0.02 mse_u:0.00 mse_v:0.00 psnr_avg:66.81 psnr_y:65.33 psnr_u:74.77 psnr_v:73.67 
n:684 mse_avg:0.02 mse_y:0.02 mse_u:0.00 mse_v:0.00 psnr_avg:66.06 psnr_y:64.66 psnr_u:73.02 psnr_v:71.65 
n:685 mse_avg:0.01 mse_y:0.02 mse_u:0.00 mse_v:0.00 psnr_avg:66.64 psnr_y:65.17 psnr_u:74.50 psnr_v:73.30 
n:686 mse_avg:0.01 mse_y:0.02 mse_u:0.00 mse_v:0.00 psnr_avg:66.81 psnr_y:65.34 psnr_u:74.34 psnr_v:73.46 
n:687 mse_avg:0.02 mse_y:0.03 mse_u:0.00 mse_v:0.01 psnr_avg:65.41 psnr_y:64.01 psnr_u:72.25 psnr_v:71.02 
n:688 mse_avg:0.01 mse_y:0.02 mse_u:0.00 mse_v:0.00 psnr_avg:66.71 psnr_y:65.24 psnr_u:74.50 psnr_v:73.26 
n:689 mse_avg:0.01 mse_y:0.02 mse_u:0.00 mse_v:0.00 psnr_avg:66.77 psnr_y:65.31 psnr_u:74.18 psnr_v:73.13 
n:690 mse_avg:0.01 mse_y:0.02 mse_u:0.00 mse_v:0.00 psnr_avg:66.80 psnr_y:65.35 psnr_u:74.12 psnr_v:73.21 
n:691 mse_avg:0.02 mse_y:0.03 mse_u:0.00 mse_v:0.00 psnr_avg:65.54 psnr_y:64.09 psnr_u:73.09 psnr_v:71.79 
n:692 mse_avg:0.01 mse_y:0.02 mse_u:0.00 mse_v:0.00 psnr_avg:66.77 psnr_y:65.32 psnr_u:74.37 psnr_v:73.18 
n:693 mse_avg:0.01 mse_y:0.02 mse_u:0.00 mse_v:0.00 psnr_avg:66.80 psnr_y:65.35 psnr_u:74.30 psnr_v:73.06 
n:694 mse_avg:0.01 mse_y:0.02 mse_u:0.00 mse_v:0.00 psnr_avg:66.73 psnr_y:65.27 psnr_u:74.30 psnr_v:73.13 
n:695 mse_avg:0.01 mse_y:0.02 mse_u:0.00 mse_v:0.00 psnr_avg:66.81 psnr_y:65.35 psnr_u:74.37 psnr_v:73.16 
n:696 mse_avg:0.02 mse_y:0.02 mse_u:0.00 mse_v:0.00 psnr_avg:66.16 psnr_y:64.76 psnr_u:72.75 psnr_v:71.90 
n:697 mse_avg:0.01 mse_y:0.02 mse_u:0.00 mse_v:0.00 psnr_avg:66.79 psnr_y:65.33 psnr_u:74.53 psnr_v:72.99 
n:698 mse_avg:0.01 mse_y:0.02 mse_u:0.00 mse_v:0.00 psnr_avg:66.80 psnr_y:65.35 psnr_u:74.43 psnr_v:72.92 
n:699 mse_avg:0.01 mse_y:0.02 mse_u:0.00 mse_v:0.00 psnr_avg:66.81 psnr_y:65.36 psnr_u:74.43 psnr_v:72.92 
n:700 mse_avg:0.02 mse_y:0.03 mse_u:0.00 mse_v:0.01 psnr_avg:65.47 psnr_y:64.13 psnr_u:71.84 psnr_v:70.46 
n:701 mse_avg:0.01 mse_y:0.02 mse_u:0.00 mse_v:0.00 psnr_avg:66.82 psnr_y:65.36 psnr_u:74.46 psnr_v:72.97 
n:702 mse_avg:0.01 mse_y:0.02 mse_u:0.00 mse_v:0.00 psnr_avg:66.84 psnr_y:65.39 psnr_u:74.46 psnr_v:73.04 
n:703 mse_avg:0.02 mse_y:0.02 mse_u:0.00 mse_v:0.00 psnr_avg:65.83 psnr_y:64.41 psnr_u:72.97 psnr_v:71.67 
n:704 mse_avg:0.01 mse_y:0.02 mse_u:0.00 mse_v:0.00 psnr_avg:66.85 psnr_y:65.39 psnr_u:74.56 psnr_v:73.02 
n:705 mse_avg:0.01 mse_y:0.02 mse_u:0.00 mse_v:0.00 psnr_avg:66.87 psnr_y:65.42 psnr_u:74.53 psnr_v:73.02 
n:706 mse_avg:0.02 mse_y:0.02 mse_u:0.00 mse_v:0.01 psnr_avg:65.80 psnr_y:64.44 psnr_u:72.10 psnr_v:71.11 
n:707 mse_avg:0.01 mse_y:0.02 mse_u:0.00 mse_v:0.00 psnr_avg:66.87 psnr_y:65.43 psnr_u:74.43 psnr_v:72.83 
n:708 mse_avg:0.02 mse_y:0.02 mse_u:0.00 mse_v:0.00 psnr_avg:66.03 psnr_y:64.57 psnr_u:74.27 psnr_v:71.83 
n:709 mse_avg:0.01 mse_y:0.02 mse_u:0.00 mse_v:0.00 psnr_avg:66.74 psnr_y:65.29 psnr_u:74.63 psnr_v:72.79 
n:710 mse_avg:0.01 mse_y:0.02 mse_u:0.00 mse_v:0.00 psnr_avg:66.82 psnr_y:65.37 psnr_u:74.70 psnr_v:72.75 
n:711 mse_avg:0.02 mse_y:0.02 mse_u:0.00 mse_v:0.00 psnr_avg:65.79 psnr_y:64.38 psnr_u:72.86 psnr_v:71.52 
n:712 mse_avg:0.01 mse_y:0.02 mse_u:0.00 mse_v:0.00 psnr_avg:66.71 psnr_y:65.27 psnr_u:74.56 psnr_v:72.64 
n:713 mse_avg:0.01 mse_y:0.02 mse_u:0.00 mse_v:0.00 psnr_avg:66.77 psnr_y:65.33 psnr_u:74.56 psnr_v:72.66 
n:714 mse_avg:0.02 mse_y:0.02 mse_u:0.00 mse_v:0.00 psnr_avg:65.78 psnr_y:64.38 psnr_u:72.75 psnr_v:71.34 
n:715 mse_avg:0.01 mse_y:0.02 mse_u:0.00 mse_v:0.00 psnr_avg:66.77 psnr_y:65.33 psnr_u:74.56 psnr_v:72.60 
n:716 mse_avg:0.01 mse_y:0.02 mse_u:0.00 mse_v:0.00 psnr_avg:66.61 psnr_y:65.17 psnr_u:74.18 psnr_v:72.58 
n:717 mse_avg:0.01 mse_y:0.02 mse_u:0.00 mse_v:0.00 psnr_avg:66.52 psnr_y:65.07 psnr_u:74.27 psnr_v:72.64 
n:718 mse_avg:0.01 mse_y:0.02 mse_u:0.00 mse_v:0.00 psnr_avg:66.83 psnr_y:65.40 psnr_u:74.34 psnr_v:72.55 
n:719 mse_avg:0.02 mse_y:0.02 mse_u:0.00 mse_v:0.00 psnr_avg:65.91 psnr_y:64.43 psnr_u:73.67 psnr_v:72.55 
n:720 mse_avg:0.01 mse_y:0.02 mse_u:0.00 mse_v:0.00 psnr_avg:66.67 psnr_y:65.21 psnr_u:74.37 psnr_v:72.81 
n:721 mse_avg:0.01 mse_y:0.02 mse_u:0.00 mse_v:0.00 psnr_avg:66.76 psnr_y:65.32 psnr_u:74.40 psnr_v:72.81 
n:722 mse_avg:0.01 mse_y:0.02 mse_u:0.00 mse_v:0.00 psnr_avg:66.75 psnr_y:65.32 psnr_u:74.09 psnr_v:72.66 
n:723 mse_avg:0.02 mse_y:0.02 mse_u:0.00 mse_v:0.00 psnr_avg:66.17 psnr_y:64.71 psnr_u:73.69 psnr_v:72.58 
n:724 mse_avg:0.02 mse_y:0.02 mse_u:0.00 mse_v:0.00 psnr_avg:66.21 psnr_y:64.77 psnr_u:73.61 psnr_v:72.17 
n:725 mse_avg:0.01 mse_y:0.02 mse_u:0.00 mse_v:0.00 psnr_avg:66.81 psnr_y:65.39 psnr_u:74.03 psnr_v:72.62 
n:726 mse_avg:0.02 mse_y:0.02 mse_u:0.00 mse_v:0.01 psnr_avg:65.97 psnr_y:64.66 psnr_u:71.97 psnr_v:70.74 
n:727 mse_avg:0.01 mse_y:0.02 mse_u:0.00 mse_v:0.00 psnr_avg:66.84 psnr_y:65.41 psnr_u:74.06 psnr_v:72.75 
n:728 mse_avg:0.02 mse_y:0.02 mse_u:0.00 mse_v:0.00 psnr_avg:66.16 psnr_y:64.69 psnr_u:74.00 psnr_v:72.68 
n:729 mse_avg:0.02 mse_y:0.02 mse_u:0.00 mse_v:0.00 psnr_avg:66.30 psnr_y:64.84 psnr_u:73.97 psnr_v:72.60 
n:730 mse_avg:0.01 mse_y:0.02 mse_u:0.00 mse_v:0.00 psnr_avg:66.84 psnr_y:65.42 psnr_u:74.06 psnr_v:72.72 
n:731 mse_avg:0.02 mse_y:0.02 mse_u:0.00 mse_v:0.00 psnr_avg:65.94 psnr_y:64.56 psnr_u:72.83 psnr_v:71.29 
n:732 mse_avg:0.01 mse_y:0.02 mse_u:0.00 mse_v:0.00 psnr_avg:66.40 psnr_y:65.00 psnr_u:73.41 psnr_v:72.01 
n:733 mse_avg:0.01 mse_y:0.02 mse_u:0.00 mse_v:0.00 psnr_avg:66.79 psnr_y:65.38 psnr_u:74.03 psnr_v:72.53 
n:734 mse_avg:0.01 mse_y:0.02 mse_u:0.00 mse_v:0.00 psnr_avg:66.67 psnr_y:65.26 psnr_u:73.75 psnr_v:72.35 
n:735 mse_avg:0.02 mse_y:0.02 mse_u:0.00 mse_v:0.00 psnr_avg:66.04 psnr_y:64.62 psnr_u:73.33 psnr_v:71.86 
n:736 mse_avg:0.01 mse_y:0.02 mse_u:0.00 mse_v:0.00 psnr_avg:66.40 psnr_y:64.96 psnr_u:73.69 psnr_v:72.39 
n:737 mse_avg:0.01 mse_y:0.02 mse_u:0.00 mse_v:0.00 psnr_avg:66.69 psnr_y:65.27 psnr_u:74.06 psnr_v:72.45 
n:738 mse_avg:0.02 mse_y:0.02 mse_u:0.00 mse_v:0.00 psnr_avg:66.09 psnr_y:64.61 psnr_u:73.80 psnr_v:72.70 
n:739 mse_avg:0.01 mse_y:0.02 mse_u:0.00 mse_v:0.00 psnr_avg:66.54 psnr_y:65.10 psnr_u:73.72 psnr_v:72.60 
n:740 mse_avg:0.01 mse_y:0.02 mse_u:0.00 mse_v:0.00 psnr_avg:66.60 psnr_y:65.16 psnr_u:74.00 psnr_v:72.75 
n:741 mse_avg:0.02 mse_y:0.02 mse_u:0.00 mse_v:0.00 psnr_avg:65.95 psnr_y:64.51 psnr_u:73.16 psnr_v:72.27 
n:742 mse_avg:0.01 mse_y:0.02 mse_u:0.00 mse_v:0.00 psnr_avg:66.60 psnr_y:65.15 psnr_u:73.95 psnr_v:72.77 
n:743 mse_avg:0.01 mse_y:0.02 mse_u:0.00 mse_v:0.00 psnr_avg:66.61 psnr_y:65.17 psnr_u:73.80 psnr_v:72.70 
n:744 mse_avg:0.02 mse_y:0.02 mse_u:0.00 mse_v:0.00 psnr_avg:65.90 psnr_y:64.43 psnr_u:73.75 psnr_v:72.39 
n:745 mse_avg:0.02 mse_y:0.02 mse_u:0.00 mse_v:0.00 psnr_avg:66.34 psnr_y:64.94 psnr_u:73.86 psnr_v:71.65 
n:746 mse_avg:0.01 mse_y:0.02 mse_u:0.00 mse_v:0.00 psnr_avg:66.70 psnr_y:65.26 psnr_u:74.06 psnr_v:72.70 
n:747 mse_avg:0.02 mse_y:0.02 mse_u:0.00 mse_v:0.00 psnr_avg:65.93 psnr_y:64.55 psnr_u:72.70 psnr_v:71.41 
n:748 mse_avg:0.01 mse_y:0.02 mse_u:0.00 mse_v:0.00 psnr_avg:66.42 psnr_y:64.98 psnr_u:73.78 psnr_v:72.60 
n:749 mse_avg:0.01 mse_y:0.02 mse_u:0.00 mse_v:0.00 psnr_avg:66.67 psnr_y:65.23 psnr_u:74.21 psnr_v:72.68 
n:750 mse_avg:0.02 mse_y:0.02 mse_u:0.00 mse_v:0.00 psnr_avg:66.34 psnr_y:64.90 psnr_u:73.86 psnr_v:72.39 
n:751 mse_avg:0.01 mse_y:0.02 mse_u:0.00 mse_v:0.00 psnr_avg:66.53 psnr_y:65.08 psnr_u:74.34 psnr_v:72.45 
n:752 mse_avg:0.01 mse_y:0.02 mse_u:0.00 mse_v:0.00 psnr_avg:66.69 psnr_y:65.27 psnr_u:74.15 psnr_v:72.39 
n:753 mse_avg:0.02 mse_y:0.02 mse_u:0.00 mse_v:0.00 psnr_avg:66.22 psnr_y:64.81 psnr_u:73.30 psnr_v:71.72 
n:754 mse_avg:0.01 mse_y:0.02 mse_u:0.00 mse_v:0.00 psnr_avg:66.62 psnr_y:65.19 psnr_u:74.24 psnr_v:72.35 
n:755 mse_avg:0.01 mse_y:0.02 mse_u:0.00 mse_v:0.00 psnr_avg:66.71 psnr_y:65.28 psnr_u:74.24 psnr_v:72.39 
n:756 mse_avg:0.02 mse_y:0.02 mse_u:0.00 mse_v:0.00 psnr_avg:65.98 psnr_y:64.52 psnr_u:73.75 psnr_v:72.23 
n:757 mse_avg:0.01 mse_y:0.02 mse_u:0.00 mse_v:0.00 psnr_avg:66.54 psnr_y:65.10 psnr_u:74.03 psnr_v:72.58 
n:758 mse_avg:0.01 mse_y:0.02 mse_u:0.00 mse_v:0.00 psnr_avg:66.71 psnr_y:65.27 psnr_u:74.21 psnr_v:72.70 
n:759 mse_avg:0.02 mse_y:0.03 mse_u:0.00 mse_v:0.00 psnr_avg:65.48 psnr_y:64.02 psnr_u:72.83 psnr_v:72.21 
n:760 mse_avg:0.02 mse_y:0.02 mse_u:0.00 mse_v:0.00 psnr_avg:66.27 psnr_y:64.81 psnr_u:73.89 psnr_v:72.58 
n:761 mse_avg:0.02 mse_y:0.02 mse_u:0.00 mse_v:0.00 psnr_avg:66.25 psnr_y:64.80 psnr_u:73.83 psnr_v:72.60 
n:762 mse_avg:0.02 mse_y:0.02 mse_u:0.00 mse_v:0.00 psnr_avg:66.05 psnr_y:64.60 psnr_u:73.48 psnr_v:72.43 
n:763 mse_avg:0.01 mse_y:0.02 mse_u:0.00 mse_v:0.00 psnr_avg:66.44 psnr_y:64.99 psnr_u:73.86 psnr_v:72.90 
n:764 mse_avg:0.01 mse_y:0.02 mse_u:0.00 mse_v:0.00 psnr_avg:66.53 psnr_y:65.08 psnr_u:73.83 psnr_v:72.95 
n:765 mse_avg:0.02 mse_y:0.02 mse_u:0.00 mse_v:0.00 psnr_avg:65.98 psnr_y:64.53 psnr_u:73.53 psnr_v:72.25 
n:766 mse_avg:0.01 mse_y:0.02 mse_u:0.00 mse_v:0.00 psnr_avg:66.58 psnr_y:65.14 psnr_u:73.83 psnr_v:72.86 
n:767 mse_avg:0.01 mse_y:0.02 mse_u:0.00 mse_v:0.00 psnr_avg:66.66 psnr_y:65.23 psnr_u:73.83 psnr_v:72.81 
n:768 mse_avg:0.02 mse_y:0.02 mse_u:0.00 mse_v:0.00 psnr_avg:65.84 psnr_y:64.37 psnr_u:73.78 psnr_v:72.14 
n:769 mse_avg:0.02 mse_y:0.02 mse_u:0.00 mse_v:0.00 psnr_avg:66.10 psnr_y:64.62 psnr_u:73.92 psnr_v:72.79 
n:770 mse_avg:0.02 mse_y:0.02 mse_u:0.00 mse_v:0.00 psnr_avg:66.09 psnr_y:64.66 psnr_u:73.51 psnr_v:72.10 
n:771 mse_avg:0.02 mse_y:0.02 mse_u:0.00 mse_v:0.00 psnr_avg:65.98 psnr_y:64.49 psnr_u:74.12 psnr_v:72.83 
n:772 mse_avg:0.02 mse_y:0.03 mse_u:0.00 mse_v:0.00 psnr_avg:65.49 psnr_y:63.99 psnr_u:73.61 psnr_v:72.62 
n:773 mse_avg:0.02 mse_y:0.02 mse_u:0.00 mse_v:0.00 psnr_avg:65.70 psnr_y:64.21 psnr_u:73.80 psnr_v:72.49 
n:774 mse_avg:0.02 mse_y:0.03 mse_u:0.00 mse_v:0.00 psnr_avg:65.11 psnr_y:63.59 psnr_u:73.41 psnr_v:72.41 
n:775 mse_avg:0.02 mse_y:0.03 mse_u:0.00 mse_v:0.00 psnr_avg:65.40 psnr_y:63.88 psnr_u:73.86 psnr_v:72.97 
n:776 mse_avg:0.01 mse_y:0.01 mse_u:0.00 mse_v:0.00 psnr_avg:68.77 psnr_y:67.27 psnr_u:76.54 psnr_v:76.05 
n:777 mse_avg:0.02 mse_y:0.02 mse_u:0.00 mse_v:0.00 psnr_avg:66.10 psnr_y:64.56 psnr_u:74.80 psnr_v:74.06 
n:778 mse_avg:0.02 mse_y:0.02 mse_u:0.00 mse_v:0.00 psnr_avg:66.08 psnr_y:64.48 psnr_u:75.96 psnr_v:75.36 
n:779 mse_avg:0.02 mse_y:0.03 mse_u:0.00 mse_v:0.00 psnr_avg:64.97 psnr_y:63.43 psnr_u:73.59 psnr_v:73.28 
n:780 mse_avg:0.02 mse_y:0.03 mse_u:0.00 mse_v:0.00 psnr_avg:65.62 psnr_y:64.02 psnr_u:75.65 psnr_v:75.09 
n:781 mse_avg:0.02 mse_y:0.02 mse_u:0.00 mse_v:0.00 psnr_avg:66.12 psnr_y:64.53 psnr_u:75.91 psnr_v:75.09 
n:782 mse_avg:0.02 mse_y:0.02 mse_u:0.00 mse_v:0.00 psnr_avg:65.94 psnr_y:64.46 psnr_u:73.43 psnr_v:73.06 
n:783 mse_avg:0.02 mse_y:0.03 mse_u:0.00 mse_v:0.00 psnr_avg:65.35 psnr_y:63.83 psnr_u:73.46 psnr_v:73.06 
n:784 mse_avg:0.01 mse_y:0.02 mse_u:0.00 mse_v:0.00 psnr_avg:66.57 psnr_y:65.03 psnr_u:75.32 psnr_v:74.50 
n:785 mse_avg:0.02 mse_y:0.03 mse_u:0.00 mse_v:0.00 psnr_avg:65.48 psnr_y:63.96 psnr_u:73.75 psnr_v:72.90 
n:786 mse_avg:0.02 mse_y:0.02 mse_u:0.00 mse_v:0.00 psnr_avg:65.82 psnr_y:64.26 psnr_u:74.98 psnr_v:74.09 
n:787 mse_avg:0.02 mse_y:0.02 mse_u:0.00 mse_v:0.00 psnr_avg:65.99 psnr_y:64.45 psnr_u:74.56 psnr_v:73.83 
n:788 mse_avg:0.02 mse_y:0.03 mse_u:0.00 mse_v:0.00 psnr_avg:65.54 psnr_y:63.97 psnr_u:74.80 psnr_v:74.00 
n:789 mse_avg:0.02 mse_y:0.03 mse_u:0.00 mse_v:0.00 psnr_avg:65.10 psnr_y:63.55 psnr_u:74.09 psnr_v:73.13 
n:790 mse_avg:0.02 mse_y:0.02 mse_u:0.00 mse_v:0.00 psnr_avg:65.91 psnr_y:64.35 psnr_u:75.13 psnr_v:74.15 
n:791 mse_avg:0.02 mse_y:0.03 mse_u:0.00 mse_v:0.00 psnr_avg:65.12 psnr_y:63.58 psnr_u:73.86 psnr_v:72.86 
n:792 mse_avg:0.02 mse_y:0.03 mse_u:0.00 mse_v:0.00 psnr_avg:65.36 psnr_y:63.78 psnr_u:74.70 psnr_v:74.27 
n:793 mse_avg:0.02 mse_y:0.03 mse_u:0.00 mse_v:0.00 psnr_avg:65.70 psnr_y:64.13 psnr_u:75.24 psnr_v:74.00 
n:794 mse_avg:0.02 mse_y:0.02 mse_u:0.00 mse_v:0.00 psnr_avg:65.73 psnr_y:64.21 psnr_u:74.09 psnr_v:73.23 
n:795 mse_avg:0.02 mse_y:0.02 mse_u:0.00 mse_v:0.00 psnr_avg:65.71 psnr_y:64.16 psnr_u:74.91 psnr_v:73.64 
n:796 mse_avg:0.02 mse_y:0.03 mse_u:0.00 mse_v:0.00 psnr_avg:64.51 psnr_y:62.95 psnr_u:74.12 psnr_v:72.33 
n:797 mse_avg:0.02 mse_y:0.03 mse_u:0.00 mse_v:0.00 psnr_avg:65.32 psnr_y:63.76 psnr_u:75.05 psnr_v:73.48 
n:798 mse_avg:0.02 mse_y:0.03 mse_u:0.00 mse_v:0.00 psnr_avg:65.58 psnr_y:64.00 psnr_u:75.28 psnr_v:74.00 
n:799 mse_avg:0.02 mse_y:0.03 mse_u:0.00 mse_v:0.00 psnr_avg:64.70 psnr_y:63.15 psnr_u:73.86 psnr_v:72.70 
n:800 mse_avg:0.02 mse_y:0.03 mse_u:0.00 mse_v:0.00 psnr_avg:65.27 psnr_y:63.71 psnr_u:74.77 psnr_v:73.33 
n:801 mse_avg:0.02 mse_y:0.03 mse_u:0.00 mse_v:0.00 psnr_avg:65.61 psnr_y:64.07 psnr_u:74.98 psnr_v:73.21 
n:802 mse_avg:0.02 mse_y:0.03 mse_u:0.00 mse_v:0.00 psnr_avg:65.68 psnr_y:64.12 psnr_u:75.09 psnr_v:73.78 
n:803 mse_avg:0.02 mse_y:0.03 mse_u:0.00 mse_v:0.00 psnr_avg:65.52 psnr_y:63.97 psnr_u:75.02 psnr_v:73.09 
n:804 mse_avg:0.02 mse_y:0.03 mse_u:0.00 mse_v:0.00 psnr_avg:65.22 psnr_y:63.69 psnr_u:74.27 psnr_v:72.53 
n:805 mse_avg:0.02 mse_y:0.03 mse_u:0.00 mse_v:0.00 psnr_avg:64.48 psnr_y:62.88 psnr_u:74.66 psnr_v:73.61 
n:806 mse_avg:0.02 mse_y:0.03 mse_u:0.00 mse_v:0.00 psnr_avg:65.39 psnr_y:63.80 psnr_u:75.91 psnr_v:73.80 
n:807 mse_avg:0.02 mse_y:0.03 mse_u:0.00 mse_v:0.00 psnr_avg:64.42 psnr_y:62.85 psnr_u:73.78 psnr_v:73.09 
n:808 mse_avg:0.02 mse_y:0.03 mse_u:0.00 mse_v:0.00 psnr_avg:65.00 psnr_y:63.43 psnr_u:74.43 psnr_v:73.41 
n:809 mse_avg:0.02 mse_y:0.03 mse_u:0.00 mse_v:0.00 psnr_avg:65.29 psnr_y:63.72 psnr_u:74.87 psnr_v:73.41 
n:810 mse_avg:0.02 mse_y:0.03 mse_u:0.00 mse_v:0.00 psnr_avg:65.25 psnr_y:63.68 psnr_u:74.80 psnr_v:73.72 
n:811 mse_avg:0.02 mse_y:0.04 mse_u:0.00 mse_v:0.00 psnr_avg:64.22 psnr_y:62.66 psnr_u:73.92 psnr_v:72.04 
n:812 mse_avg:0.02 mse_y:0.03 mse_u:0.00 mse_v:0.00 psnr_avg:65.57 psnr_y:64.01 psnr_u:74.87 psnr_v:73.61 
n:813 mse_avg:0.02 mse_y:0.02 mse_u:0.00 mse_v:0.00 psnr_avg:65.72 psnr_y:64.23 psnr_u:73.69 psnr_v:72.49 
n:814 mse_avg:0.02 mse_y:0.02 mse_u:0.00 mse_v:0.00 psnr_avg:65.85 psnr_y:64.32 psnr_u:74.91 psnr_v:73.33 
n:815 mse_avg:0.02 mse_y:0.03 mse_u:0.00 mse_v:0.00 psnr_avg:64.58 psnr_y:63.04 psnr_u:73.33 psnr_v:72.27 
n:816 mse_avg:0.02 mse_y:0.02 mse_u:0.00 mse_v:0.00 psnr_avg:65.73 psnr_y:64.19 psnr_u:74.80 psnr_v:73.26 
n:817 mse_avg:0.02 mse_y:0.03 mse_u:0.00 mse_v:0.00 psnr_avg:65.59 psnr_y:64.07 psnr_u:74.53 psnr_v:72.79 
n:818 mse_avg:0.02 mse_y:0.03 mse_u:0.00 mse_v:0.00 psnr_avg:65.52 psnr_y:63.98 psnr_u:74.18 psnr_v:73.48 
n:819 mse_avg:0.02 mse_y:0.03 mse_u:0.00 mse_v:0.00 psnr_avg:65.18 psnr_y:63.63 psnr_u:74.46 psnr_v:72.81 
n:820 mse_avg:0.02 mse_y:0.02 mse_u:0.00 mse_v:0.00 psnr_avg:66.07 psnr_y:64.54 psnr_u:74.80 psnr_v:73.61 
n:821 mse_avg:0.01 mse_y:0.02 mse_u:0.00 mse_v:0.00 psnr_avg:66.48 psnr_y:65.04 psnr_u:73.95 psnr_v:72.43 
n:822 mse_avg:0.02 mse_y:0.02 mse_u:0.00 mse_v:0.00 psnr_avg:66.11 psnr_y:64.63 psnr_u:73.95 psnr_v:72.81 
n:823 mse_avg:0.01 mse_y:0.02 mse_u:0.00 mse_v:0.00 psnr_avg:67.24 psnr_y:65.78 psnr_u:74.84 psnr_v:73.72 
n:824 mse_avg:0.01 mse_y:0.02 mse_u:0.00 mse_v:0.00 psnr_avg:67.43 psnr_y:66.00 psnr_u:74.66 psnr_v:73.59 
n:825 mse_avg:0.02 mse_y:0.02 mse_u:0.00 mse_v:0.00 psnr_avg:66.31 psnr_y:64.89 psnr_u:73.92 psnr_v:72.01 
n:826 mse_avg:0.02 mse_y:0.02 mse_u:0.00 mse_v:0.00 psnr_avg:66.04 psnr_y:64.57 psnr_u:73.95 psnr_v:72.43 
n:827 mse_avg:0.01 mse_y:0.02 mse_u:0.00 mse_v:0.00 psnr_avg:66.37 psnr_y:64.85 psnr_u:74.73 psnr_v:73.97 
n:828 mse_avg:0.01 mse_y:0.02 mse_u:0.00 mse_v:0.00 psnr_avg:66.48 psnr_y:65.06 psnr_u:73.83 psnr_v:72.39 
n:829 mse_avg:0.01 mse_y:0.02 mse_u:0.00 mse_v:0.00 psnr_avg:66.47 psnr_y:65.02 psnr_u:73.95 psnr_v:72.88 
n:830 mse_avg:0.01 mse_y:0.02 mse_u:0.00 mse_v:0.00 psnr_avg:67.35 psnr_y:65.90 psnr_u:74.63 psnr_v:73.69 
n:831 mse_avg:0.01 mse_y:0.02 mse_u:0.00 mse_v:0.00 psnr_avg:67.42 psnr_y:65.98 psnr_u:74.63 psnr_v:73.78 
n:832 mse_avg:0.01 mse_y:0.01 mse_u:0.00 mse_v:0.00 psnr_avg:69.17 psnr_y:67.54 psnr_u:83.18 psnr_v:77.81 
n:833 mse_avg:0.01 mse_y:0.01 mse_u:0.00 mse_v:0.00 psnr_avg:68.58 psnr_y:66.96 psnr_u:82.51 psnr_v:76.81 
n:834 mse_avg:0.22 mse_y:0.33 mse_u:0.00 mse_v:0.00 psnr_avg:54.65 psnr_y:52.91 psnr_u:77.61 psnr_v:71.29 
n:835 mse_avg:0.14 mse_y:0.20 mse_u:0.00 mse_v:0.00 psnr_avg:56.81 psnr_y:55.06 psnr_u:78.75 psnr_v:76.19 
n:836 mse_avg:0.21 mse_y:0.29 mse_u:0.02 mse_v:0.07 psnr_avg:55.00 psnr_y:53.57 psnr_u:65.47 psnr_v:59.57 
n:837 mse_avg:0.35 mse_y:0.44 mse_u:0.03 mse_v:0.29 psnr_avg:52.73 psnr_y:51.70 psnr_u:63.84 psnr_v:53.47 
n:838 mse_avg:0.30 mse_y:0.39 mse_u:0.01 mse_v:0.23 psnr_avg:53.42 psnr_y:52.27 psnr_u:70.36 psnr_v:54.56 
n:839 mse_avg:0.43 mse_y:0.48 mse_u:0.26 mse_v:0.40 psnr_avg:51.76 psnr_y:51.27 psnr_u:54.01 psnr_v:52.06 
n:840 mse_avg:0.29 mse_y:0.41 mse_u:0.04 mse_v:0.05 psnr_avg:53.52 psnr_y:51.99 psnr_u:62.06 psnr_v:61.07 
n:841 mse_avg:0.17 mse_y:0.25 mse_u:0.02 mse_v:0.02 psnr_avg:55.85 psnr_y:54.24 psnr_u:66.25 psnr_v:65.62 
n:842 mse_avg:0.20 mse_y:0.30 mse_u:0.00 mse_v:0.01 psnr_avg:55.10 psnr_y:53.38 psnr_u:71.36 psnr_v:69.22 
n:843 mse_avg:0.12 mse_y:0.17 mse_u:0.01 mse_v:0.01 psnr_avg:57.39 psnr_y:55.71 psnr_u:70.68 psnr_v:69.36 
n:844 mse_avg:0.24 mse_y:0.34 mse_u:0.04 mse_v:0.05 psnr_avg:54.29 psnr_y:52.84 psnr_u:61.80 psnr_v:60.75 
n:845 mse_avg:0.12 mse_y:0.18 mse_u:0.00 mse_v:0.00 psnr_avg:57.35 psnr_y:55.62 psnr_u:74.73 psnr_v:73.64 
n:846 mse_avg:0.38 mse_y:0.50 mse_u:0.14 mse_v:0.10 psnr_avg:52.37 psnr_y:51.11 psnr_u:56.56 psnr_v:58.06 
n:847 mse_avg:0.16 mse_y:0.22 mse_u:0.04 mse_v:0.04 psnr_avg:56.06 psnr_y:54.67 psnr_u:62.68 psnr_v:61.79 
n:848 mse_avg:0.13 mse_y:0.18 mse_u:0.03 mse_v:0.01 psnr_avg:57.10 psnr_y:55.57 psnr_u:63.93 psnr_v:66.92 
n:849 mse_avg:0.37 mse_y:0.51 mse_u:0.09 mse_v:0.08 psnr_avg:52.50 psnr_y:51.08 psnr_u:58.77 psnr_v:59.00 
n:850 mse_avg:0.10 mse_y:0.14 mse_u:0.01 mse_v:0.01 psnr_avg:58.32 psnr_y:56.78 psnr_u:66.81 psnr_v:66.57 
n:851 mse_avg:0.11 mse_y:0.16 mse_u:0.01 mse_v:0.01 psnr_avg:57.81 psnr_y:56.18 psnr_u:68.57 psnr_v:68.33 
n:852 mse_avg:0.27 mse_y:0.37 mse_u:0.07 mse_v:0.06 psnr_avg:53.85 psnr_y:52.48 psnr_u:59.45 psnr_v:60.06 
n:853 mse_avg:0.09 mse_y:0.13 mse_u:0.01 mse_v:0.01 psnr_avg:58.60 psnr_y:56.99 psnr_u:70.09 psnr_v:67.45 
n:854 mse_avg:0.42 mse_y:0.57 mse_u:0.13 mse_v:0.11 psnr_avg:51.87 psnr_y:50.54 psnr_u:56.92 psnr_v:57.83 
n:855 mse_avg:0.07 mse_y:0.10 mse_u:0.02 mse_v:0.01 psnr_avg:59.43 psnr_y:58.00 psnr_u:65.55 psnr_v:66.52 
n:856 mse_avg:0.06 mse_y:0.09 mse_u:0.01 mse_v:0.01 psnr_avg:60.05 psnr_y:58.51 psnr_u:67.28 psnr_v:70.14 
n:857 mse_avg:0.15 mse_y:0.21 mse_u:0.05 mse_v:0.03 psnr_avg:56.32 psnr_y:54.96 psnr_u:61.07 psnr_v:63.42 
n:858 mse_avg:0.05 mse_y:0.08 mse_u:0.00 mse_v:0.00 psnr_avg:60.89 psnr_y:59.25 psnr_u:71.91 psnr_v:71.62 
n:859 mse_avg:0.18 mse_y:0.24 mse_u:0.06 mse_v:0.05 psnr_avg:55.62 psnr_y:54.30 psnr_u:60.67 psnr_v:61.37 
n:860 mse_avg:0.07 mse_y:0.11 mse_u:0.01 mse_v:0.01 psnr_avg:59.49 psnr_y:57.88 psnr_u:70.01 psnr_v:68.61 
n:861 mse_avg:0.05 mse_y:0.07 mse_u:0.00 mse_v:0.01 psnr_avg:61.07 psnr_y:59.47 psnr_u:71.41 psnr_v:70.05 
n:862 mse_avg:0.01 mse_y:0.02 mse_u:0.00 mse_v:0.00 psnr_avg:66.47 psnr_y:65.14 psnr_u:71.20 psnr_v:72.86 
n:863 mse_avg:0.01 mse_y:0.02 mse_u:0.00 mse_v:0.00 psnr_avg:67.16 psnr_y:65.63 psnr_u:76.05 psnr_v:74.56 
n:864 mse_avg:0.02 mse_y:0.03 mse_u:0.02 mse_v:0.02 psnr_avg:64.21 psnr_y:63.75 psnr_u:64.95 psnr_v:65.75 
n:865 mse_avg:0.01 mse_y:0.01 mse_u:0.00 mse_v:0.00 psnr_avg:69.15 psnr_y:67.75 psnr_u:75.05 psnr_v:75.74 
n:866 mse_avg:0.01 mse_y:0.01 mse_u:0.00 mse_v:0.00 psnr_avg:68.27 psnr_y:67.16 psnr_u:72.21 psnr_v:71.91 
n:867 mse_avg:0.01 mse_y:0.01 mse_u:0.00 mse_v:0.00 psnr_avg:70.16 psnr_y:68.82 psnr_u:77.41 psnr_v:74.50 
n:868 mse_avg:0.13 mse_y:0.15 mse_u:0.09 mse_v:0.09 psnr_avg:56.93 psnr_y:56.30 psnr_u:58.78 psnr_v:58.38 
n:869 mse_avg:0.35 mse_y:0.44 mse_u:0.21 mse_v:0.10 psnr_avg:52.72 psnr_y:51.65 psnr_u:54.96 psnr_v:58.15 
n:870 mse_avg:0.56 mse_y:0.83 mse_u:0.02 mse_v:0.02 psnr_avg:50.63 psnr_y:48.92 psnr_u:65.47 psnr_v:65.07 
n:871 mse_avg:0.00 mse_y:0.00 mse_u:0.00 mse_v:0.00 psnr_avg:90.73 psnr_y:96.98 psnr_u:89.71 psnr_v:84.94 
n:872 mse_avg:0.00 mse_y:0.00 mse_u:0.00 mse_v:0.00 psnr_avg:84.22 psnr_y:96.98 psnr_u:77.41 psnr_v:84.27 
n:873 mse_avg:0.00 mse_y:0.00 mse_u:0.00 mse_v:0.00 psnr_avg:91.21 psnr_y:90.96 psnr_u:inf psnr_v:88.75 
n:874 mse_avg:0.00 mse_y:0.00 mse_u:0.00 mse_v:0.00 psnr_avg:87.50 psnr_y:96.98 psnr_u:80.68 psnr_v:88.75 
n:875 mse_avg:0.00 mse_y:0.00 mse_u:0.00 mse_v:0.00 psnr_avg:87.72 psnr_y:96.98 psnr_u:80.68 psnr_v:90.96 
n:876 mse_avg:0.08 mse_y:0.13 mse_u:0.00 mse_v:0.00 psnr_avg:58.87 psnr_y:57.10 psnr_u:inf psnr_v:90.96 
n:877 mse_avg:1.65 mse_y:2.46 mse_u:0.06 mse_v:0.01 psnr_avg:45.95 psnr_y:44.22 psnr_u:60.54 psnr_v:70.23 
n:878 mse_avg:2.34 mse_y:3.49 mse_u:0.07 mse_v:0.00 psnr_avg:44.44 psnr_y:42.71 psnr_u:59.56 psnr_v:73.75 
n:879 mse_avg:2.03 mse_y:3.03 mse_u:0.08 mse_v:0.01 psnr_avg:45.05 psnr_y:43.32 psnr_u:59.01 psnr_v:67.45 
n:880 mse_avg:1.47 mse_y:2.18 mse_u:0.07 mse_v:0.05 psnr_avg:46.46 psnr_y:44.75 psnr_u:59.96 psnr_v:61.32 
n:881 mse_avg:1.12 mse_y:1.67 mse_u:0.05 mse_v:0.02 psnr_avg:47.63 psnr_y:45.91 psnr_u:61.37 psnr_v:64.42 
n:882 mse_avg:1.16 mse_y:1.70 mse_u:0.10 mse_v:0.04 psnr_avg:47.49 psnr_y:45.82 psnr_u:58.09 psnr_v:61.76 
n:883 mse_avg:1.06 mse_y:1.57 mse_u:0.05 mse_v:0.02 psnr_avg:47.88 psnr_y:46.17 psnr_u:61.25 psnr_v:64.31 
n:884 mse_avg:1.09 mse_y:1.61 mse_u:0.06 mse_v:0.03 psnr_avg:47.76 psnr_y:46.05 psnr_u:60.61 psnr_v:64.04 
n:885 mse_avg:1.21 mse_y:1.77 mse_u:0.13 mse_v:0.07 psnr_avg:47.29 psnr_y:45.65 psnr_u:56.97 psnr_v:59.43 
n:886 mse_avg:1.06 mse_y:1.57 mse_u:0.05 mse_v:0.03 psnr_avg:47.87 psnr_y:46.17 psnr_u:61.02 psnr_v:63.80 
n:887 mse_avg:1.81 mse_y:2.69 mse_u:0.11 mse_v:0.03 psnr_avg:45.54 psnr_y:43.84 psnr_u:57.56 psnr_v:62.99 
n:888 mse_avg:1.33 mse_y:1.95 mse_u:0.10 mse_v:0.06 psnr_avg:46.89 psnr_y:45.22 psnr_u:58.01 psnr_v:60.19 
n:889 mse_avg:1.54 mse_y:2.28 mse_u:0.09 mse_v:0.04 psnr_avg:46.26 psnr_y:44.56 psnr_u:58.61 psnr_v:61.69 
n:890 mse_avg:1.72 mse_y:2.52 mse_u:0.17 mse_v:0.07 psnr_avg:45.78 psnr_y:44.13 psnr_u:55.71 psnr_v:59.62 
n:891 mse_avg:1.62 mse_y:2.39 mse_u:0.09 mse_v:0.05 psnr_avg:46.04 psnr_y:44.34 psnr_u:58.52 psnr_v:61.41 
n:892 mse_avg:2.33 mse_y:3.44 mse_u:0.13 mse_v:0.07 psnr_avg:44.46 psnr_y:42.76 psnr_u:57.04 psnr_v:59.62 
n:893 mse_avg:2.91 mse_y:4.28 mse_u:0.24 mse_v:0.10 psnr_avg:43.49 psnr_y:41.81 psnr_u:54.29 psnr_v:58.16 
n:894 mse_avg:3.29 mse_y:4.88 mse_u:0.13 mse_v:0.07 psnr_avg:42.97 psnr_y:41.25 psnr_u:56.91 psnr_v:59.45 
n:895 mse_avg:5.58 mse_y:8.28 mse_u:0.27 mse_v:0.07 psnr_avg:40.67 psnr_y:38.95 psnr_u:53.81 psnr_v:59.43 
n:896 mse_avg:6.13 mse_y:9.10 mse_u:0.20 mse_v:0.17 psnr_avg:40.26 psnr_y:38.54 psnr_u:55.13 psnr_v:55.93 
n:897 mse_avg:7.65 mse_y:11.39 mse_u:0.25 mse_v:0.07 psnr_avg:39.30 psnr_y:37.56 psnr_u:54.12 psnr_v:59.86 
n:898 mse_avg:8.30 mse_y:12.37 mse_u:0.17 mse_v:0.16 psnr_avg:38.94 psnr_y:37.21 psnr_u:55.73 psnr_v:56.19 
n:899 mse_avg:12.44 mse_y:18.54 mse_u:0.40 mse_v:0.11 psnr_avg:37.18 psnr_y:35.45 psnr_u:52.13 psnr_v:57.80 
n:900 mse_avg:12.02 mse_y:17.90 mse_u:0.38 mse_v:0.16 psnr_avg:37.33 psnr_y:35.60 psnr_u:52.31 psnr_v:56.02 
n:901 mse_avg:14.27 mse_y:21.30 mse_u:0.32 mse_v:0.09 psnr_avg:36.59 psnr_y:34.85 psnr_u:53.12 psnr_v:58.82 
n:902 mse_avg:20.26 mse_y:30.24 mse_u:0.44 mse_v:0.18 psnr_avg:35.06 psnr_y:33.33 psnr_u:51.71 psnr_v:55.52 
n:903 mse_avg:19.04 mse_y:28.47 mse_u:0.23 mse_v:0.09 psnr_avg:35.34 psnr_y:33.59 psnr_u:54.47 psnr_v:58.57 
n:904 mse_avg:17.41 mse_y:26.04 mse_u:0.26 mse_v:0.05 psnr_avg:35.72 psnr_y:33.97 psnr_u:53.98 psnr_v:61.19 
n:905 mse_avg:15.44 mse_y:23.10 mse_u:0.22 mse_v:0.06 psnr_avg:36.24 psnr_y:34.50 psnr_u:54.75 psnr_v:60.61 
n:906 mse_avg:15.90 mse_y:23.78 mse_u:0.25 mse_v:0.04 psnr_avg:36.12 psnr_y:34.37 psnr_u:54.23 psnr_v:62.18 
n:907 mse_avg:20.37 mse_y:30.46 mse_u:0.36 mse_v:0.05 psnr_avg:35.04 psnr_y:33.29 psnr_u:52.61 psnr_v:61.18 
n:908 mse_avg:19.71 mse_y:29.48 mse_u:0.30 mse_v:0.03 psnr_avg:35.18 psnr_y:33.44 psnr_u:53.32 psnr_v:63.44 
n:909 mse_avg:19.01 mse_y:28.47 mse_u:0.13 mse_v:0.04 psnr_avg:35.34 psnr_y:33.59 psnr_u:56.90 psnr_v:62.28 
n:910 mse_avg:20.04 mse_y:30.02 mse_u:0.13 mse_v:0.04 psnr_avg:35.11 psnr_y:33.36 psnr_u:57.07 psnr_v:62.08 
n:911 mse_avg:20.66 mse_y:30.92 mse_u:0.25 mse_v:0.04 psnr_avg:34.98 psnr_y:33.23 psnr_u:54.11 psnr_v:62.54 
n:912 mse_avg:19.10 mse_y:28.60 mse_u:0.17 mse_v:0.03 psnr_avg:35.32 psnr_y:33.57 psnr_u:55.90 psnr_v:63.21 
n:913 mse_avg:18.77 mse_y:28.10 mse_u:0.19 mse_v:0.03 psnr_avg:35.40 psnr_y:33.64 psnr_u:55.29 psnr_v:63.42 
n:914 mse_avg:18.87 mse_y:28.26 mse_u:0.13 mse_v:0.03 psnr_avg:35.37 psnr_y:33.62 psnr_u:57.10 psnr_v:63.64 
n:915 mse_avg:19.66 mse_y:29.43 mse_u:0.18 mse_v:0.04 psnr_avg:35.20 psnr_y:33.44 psnr_u:55.59 psnr_v:62.60 
n:916 mse_avg:18.48 mse_y:27.67 mse_u:0.15 mse_v:0.03 psnr_avg:35.46 psnr_y:33.71 psnr_u:56.49 psnr_v:63.86 
n:917 mse_avg:17.90 mse_y:26.80 mse_u:0.14 mse_v:0.04 psnr_avg:35.60 psnr_y:33.85 psnr_u:56.54 psnr_v:62.45 
n:918 mse_avg:17.63 mse_y:26.41 mse_u:0.12 mse_v:0.03 psnr_avg:35.67 psnr_y:33.91 psnr_u:57.29 psnr_v:63.78 
n:919 mse_avg:18.44 mse_y:27.62 mse_u:0.12 mse_v:0.02 psnr_avg:35.47 psnr_y:33.72 psnr_u:57.33 psnr_v:64.62 
n:920 mse_avg:20.03 mse_y:30.02 mse_u:0.08 mse_v:0.03 psnr_avg:35.11 psnr_y:33.36 psnr_u:59.23 psnr_v:63.98 
n:921 mse_avg:22.33 mse_y:33.43 mse_u:0.19 mse_v:0.04 psnr_avg:34.64 psnr_y:32.89 psnr_u:55.29 psnr_v:62.64 
n:922 mse_avg:21.42 mse_y:32.08 mse_u:0.12 mse_v:0.04 psnr_avg:34.82 psnr_y:33.07 psnr_u:57.42 psnr_v:62.20 
n:923 mse_avg:20.73 mse_y:31.05 mse_u:0.14 mse_v:0.03 psnr_avg:34.96 psnr_y:33.21 psnr_u:56.70 psnr_v:63.73 
n:924 mse_avg:19.91 mse_y:29.82 mse_u:0.14 mse_v:0.03 psnr_avg:35.14 psnr_y:33.39 psnr_u:56.75 psnr_v:63.32 
n:925 mse_avg:19.25 mse_y:28.82 mse_u:0.21 mse_v:0.04 psnr_avg:35.29 psnr_y:33.53 psnr_u:54.84 psnr_v:62.26 
n:926 mse_avg:21.28 mse_y:31.85 mse_u:0.22 mse_v:0.04 psnr_avg:34.85 psnr_y:33.10 psnr_u:54.65 psnr_v:61.65 
n:927 mse_avg:18.45 mse_y:27.59 mse_u:0.31 mse_v:0.02 psnr_avg:35.47 psnr_y:33.72 psnr_u:53.22 psnr_v:64.44 
n:928 mse_avg:19.86 mse_y:29.72 mse_u:0.27 mse_v:0.03 psnr_avg:35.15 psnr_y:33.40 psnr_u:53.78 psnr_v:63.95 
n:929 mse_avg:20.75 mse_y:31.07 mse_u:0.20 mse_v:0.03 psnr_avg:34.96 psnr_y:33.21 psnr_u:55.08 psnr_v:63.80 
n:930 mse_avg:22.09 mse_y:33.07 mse_u:0.23 mse_v:0.04 psnr_avg:34.69 psnr_y:32.94 psnr_u:54.48 psnr_v:62.40 
n:931 mse_avg:19.30 mse_y:28.88 mse_u:0.24 mse_v:0.03 psnr_avg:35.28 psnr_y:33.52 psnr_u:54.41 psnr_v:63.90 
n:932 mse_avg:18.50 mse_y:27.71 mse_u:0.14 mse_v:0.03 psnr_avg:35.46 psnr_y:33.70 psnr_u:56.59 psnr_v:63.91 
n:933 mse_avg:19.00 mse_y:28.42 mse_u:0.31 mse_v:0.03 psnr_avg:35.34 psnr_y:33.59 psnr_u:53.26 psnr_v:63.81 
n:934 mse_avg:19.08 mse_y:28.55 mse_u:0.21 mse_v:0.03 psnr_avg:35.33 psnr_y:33.57 psnr_u:54.98 psnr_v:62.82 
n:935 mse_avg:19.77 mse_y:29.61 mse_u:0.16 mse_v:0.03 psnr_avg:35.17 psnr_y:33.42 psnr_u:56.12 psnr_v:63.85 
n:936 mse_avg:21.65 mse_y:32.43 mse_u:0.18 mse_v:0.02 psnr_avg:34.78 psnr_y:33.02 psnr_u:55.51 psnr_v:65.13 
n:937 mse_avg:18.80 mse_y:28.14 mse_u:0.24 mse_v:0.03 psnr_avg:35.39 psnr_y:33.64 psnr_u:54.30 psnr_v:62.80 
n:938 mse_avg:19.37 mse_y:29.02 mse_u:0.11 mse_v:0.03 psnr_avg:35.26 psnr_y:33.50 psnr_u:57.89 psnr_v:63.12 
n:939 mse_avg:22.04 mse_y:33.03 mse_u:0.07 mse_v:0.03 psnr_avg:34.70 psnr_y:32.94 psnr_u:59.63 psnr_v:62.90 
n:940 mse_avg:20.51 mse_y:30.74 mse_u:0.06 mse_v:0.03 psnr_avg:35.01 psnr_y:33.25 psnr_u:60.42 psnr_v:63.71 
n:941 mse_avg:22.09 mse_y:33.12 mse_u:0.08 mse_v:0.03 psnr_avg:34.69 psnr_y:32.93 psnr_u:59.25 psnr_v:63.99 
n:942 mse_avg:20.75 mse_y:31.11 mse_u:0.05 mse_v:0.02 psnr_avg:34.96 psnr_y:33.20 psnr_u:61.40 psnr_v:64.33 
n:943 mse_avg:23.60 mse_y:35.37 mse_u:0.07 mse_v:0.02 psnr_avg:34.40 psnr_y:32.64 psnr_u:59.38 psnr_v:64.62 
n:944 mse_avg:22.64 mse_y:33.95 mse_u:0.05 mse_v:0.03 psnr_avg:34.58 psnr_y:32.82 psnr_u:60.92 psnr_v:63.53 
n:945 mse_avg:22.35 mse_y:33.50 mse_u:0.10 mse_v:0.03 psnr_avg:34.64 psnr_y:32.88 psnr_u:58.33 psnr_v:63.51 
n:946 mse_avg:21.45 mse_y:32.15 mse_u:0.07 mse_v:0.04 psnr_avg:34.82 psnr_y:33.06 psnr_u:59.64 psnr_v:62.39 
n:947 mse_avg:21.05 mse_y:31.55 mse_u:0.11 mse_v:0.03 psnr_avg:34.90 psnr_y:33.14 psnr_u:57.81 psnr_v:63.36 
n:948 mse_avg:21.51 mse_y:32.25 mse_u:0.04 mse_v:0.03 psnr_avg:34.80 psnr_y:33.05 psnr_u:61.85 psnr_v:64.14 
n:949 mse_avg:22.16 mse_y:33.22 mse_u:0.05 mse_v:0.02 psnr_avg:34.68 psnr_y:32.92 psnr_u:61.18 psnr_v:64.37 
n:950 mse_avg:21.00 mse_y:31.48 mse_u:0.04 mse_v:0.03 psnr_avg:34.91 psnr_y:33.15 psnr_u:61.99 psnr_v:64.04 
n:951 mse_avg:21.66 mse_y:32.48 mse_u:0.04 mse_v:0.02 psnr_avg:34.77 psnr_y:33.01 psnr_u:61.77 psnr_v:64.22 
n:952 mse_avg:20.48 mse_y:30.71 mse_u:0.03 mse_v:0.03 psnr_avg:35.02 psnr_y:33.26 psnr_u:63.12 psnr_v:63.89 
n:953 mse_avg:21.31 mse_y:31.96 mse_u:0.03 mse_v:0.02 psnr_avg:34.84 psnr_y:33.09 psnr_u:63.15 psnr_v:64.86 
n:954 mse_avg:25.06 mse_y:37.56 mse_u:0.07 mse_v:0.04 psnr_avg:34.14 psnr_y:32.38 psnr_u:59.82 psnr_v:62.48 
n:955 mse_avg:20.75 mse_y:31.11 mse_u:0.04 mse_v:0.02 psnr_avg:34.96 psnr_y:33.20 psnr_u:62.44 psnr_v:64.95 
n:956 mse_avg:22.32 mse_y:33.45 mse_u:0.08 mse_v:0.03 psnr_avg:34.64 psnr_y:32.89 psnr_u:59.26 psnr_v:63.60 
n:957 mse_avg:22.23 mse_y:33.32 mse_u:0.07 mse_v:0.03 psnr_avg:34.66 psnr_y:32.90 psnr_u:59.99 psnr_v:63.02 
n:958 mse_avg:22.67 mse_y:33.99 mse_u:0.08 mse_v:0.03 psnr_avg:34.58 psnr_y:32.82 psnr_u:59.06 psnr_v:63.95 
n:959 mse_avg:21.62 mse_y:32.40 mse_u:0.06 mse_v:0.03 psnr_avg:34.78 psnr_y:33.02 psnr_u:60.04 psnr_v:63.23 
n:960 mse_avg:21.42 mse_y:32.12 mse_u:0.06 mse_v:0.02 psnr_avg:34.82 psnr_y:33.06 psnr_u:60.40 psnr_v:64.61 
n:961 mse_avg:21.72 mse_y:32.56 mse_u:0.06 mse_v:0.02 psnr_avg:34.76 psnr_y:33.00 psnr_u:60.12 psnr_v:64.66 
n:962 mse_avg:22.76 mse_y:34.12 mse_u:0.04 mse_v:0.02 psnr_avg:34.56 psnr_y:32.80 psnr_u:62.49 psnr_v:64.75 
n:963 mse_avg:20.36 mse_y:30.53 mse_u:0.03 mse_v:0.02 psnr_avg:35.04 psnr_y:33.28 psnr_u:63.22 psnr_v:64.24 
n:964 mse_avg:22.95 mse_y:34.39 mse_u:0.09 mse_v:0.02 psnr_avg:34.52 psnr_y:32.77 psnr_u:58.64 psnr_v:64.17 
n:965 mse_avg:21.20 mse_y:31.78 mse_u:0.03 mse_v:0.03 psnr_avg:34.87 psnr_y:33.11 psnr_u:63.21 psnr_v:63.98 
n:966 mse_avg:22.73 mse_y:34.08 mse_u:0.05 mse_v:0.03 psnr_avg:34.56 psnr_y:32.81 psnr_u:61.30 psnr_v:63.06 
n:967 mse_avg:20.77 mse_y:31.14 mse_u:0.04 mse_v:0.03 psnr_avg:34.96 psnr_y:33.20 psnr_u:62.05 psnr_v:63.31 
n:968 mse_avg:22.30 mse_y:33.42 mse_u:0.05 mse_v:0.03 psnr_avg:34.65 psnr_y:32.89 psnr_u:61.16 psnr_v:63.77 
n:969 mse_avg:24.84 mse_y:37.19 mse_u:0.24 mse_v:0.04 psnr_avg:34.18 psnr_y:32.43 psnr_u:54.29 psnr_v:62.08 
n:970 mse_avg:20.98 mse_y:31.45 mse_u:0.04 mse_v:0.03 psnr_avg:34.91 psnr_y:33.16 psnr_u:62.14 psnr_v:64.12 
n:971 mse_avg:21.00 mse_y:31.46 mse_u:0.11 mse_v:0.03 psnr_avg:34.91 psnr_y:33.15 psnr_u:57.54 psnr_v:63.72 
n:972 mse_avg:22.71 mse_y:34.03 mse_u:0.11 mse_v:0.03 psnr_avg:34.57 psnr_y:32.81 psnr_u:57.86 psnr_v:64.05 
n:973 mse_avg:23.73 mse_y:35.54 mse_u:0.20 mse_v:0.04 psnr_avg:34.38 psnr_y:32.62 psnr_u:55.14 psnr_v:62.27 
n:974 mse_avg:23.28 mse_y:34.87 mse_u:0.18 mse_v:0.03 psnr_avg:34.46 psnr_y:32.71 psnr_u:55.65 psnr_v:63.69 
n:975 mse_avg:22.90 mse_y:34.31 mse_u:0.11 mse_v:0.03 psnr_avg:34.53 psnr_y:32.78 psnr_u:57.75 psnr_v:64.13 
n:976 mse_avg:0.04 mse_y:0.05 mse_u:0.02 mse_v:0.02 psnr_avg:62.28 psnr_y:61.36 psnr_u:64.52 psnr_v:65.62 
n:977 mse_avg:22.41 mse_y:33.59 mse_u:0.10 mse_v:0.03 psnr_avg:34.63 psnr_y:32.87 psnr_u:58.06 psnr_v:63.80 
n:978 mse_avg:20.01 mse_y:29.99 mse_u:0.06 mse_v:0.02 psnr_avg:35.12 psnr_y:33.36 psnr_u:60.24 psnr_v:64.22 
n:979 mse_avg:0.02 mse_y:0.02 mse_u:0.02 mse_v:0.01 psnr_avg:64.81 psnr_y:64.21 psnr_u:66.20 psnr_v:66.48 
n:980 mse_avg:19.71 mse_y:29.55 mse_u:0.04 mse_v:0.02 psnr_avg:35.18 psnr_y:33.42 psnr_u:62.29 psnr_v:64.58 
n:981 mse_avg:21.17 mse_y:31.73 mse_u:0.07 mse_v:0.03 psnr_avg:34.87 psnr_y:33.12 psnr_u:59.83 psnr_v:63.84 
n:982 mse_avg:0.04 mse_y:0.05 mse_u:0.02 mse_v:0.02 psnr_avg:62.36 psnr_y:61.42 psnr_u:64.78 psnr_v:65.64 
n:983 mse_avg:19.81 mse_y:29.69 mse_u:0.10 mse_v:0.03 psnr_avg:35.16 psnr_y:33.40 psnr_u:58.33 psnr_v:64.12 
n:984 mse_avg:20.44 mse_y:30.63 mse_u:0.08 mse_v:0.03 psnr_avg:35.03 psnr_y:33.27 psnr_u:58.88 psnr_v:63.62 
n:985 mse_avg:0.03 mse_y:0.04 mse_u:0.02 mse_v:0.02 psnr_avg:63.02 psnr_y:62.19 psnr_u:65.24 psnr_v:65.56 
n:986 mse_avg:0.04 mse_y:0.05 mse_u:0.02 mse_v:0.02 psnr_avg:62.03 psnr_y:61.05 psnr_u:64.88 psnr_v:65.33 
n:987 mse_avg:21.66 mse_y:32.46 mse_u:0.08 mse_v:0.03 psnr_avg:34.77 psnr_y:33.02 psnr_u:59.06 psnr_v:64.08 
n:988 mse_avg:0.04 mse_y:0.05 mse_u:0.02 mse_v:0.02 psnr_avg:62.13 psnr_y:61.18 psnr_u:64.72 psnr_v:65.35 
n:989 mse_avg:0.03 mse_y:0.04 mse_u:0.02 mse_v:0.02 psnr_avg:63.15 psnr_y:62.27 psnr_u:65.43 psnr_v:66.00 
n:990 mse_avg:18.65 mse_y:27.95 mse_u:0.05 mse_v:0.03 psnr_avg:35.42 psnr_y:33.67 psnr_u:61.49 psnr_v:63.39 
n:991 mse_avg:0.02 mse_y:0.02 mse_u:0.02 mse_v:0.01 psnr_avg:64.89 psnr_y:64.27 psnr_u:66.33 psnr_v:66.64 
n:992 mse_avg:0.04 mse_y:0.05 mse_u:0.02 mse_v:0.02 psnr_avg:61.84 psnr_y:60.85 psnr_u:64.59 psnr_v:65.41 
n:993 mse_avg:20.36 mse_y:30.51 mse_u:0.06 mse_v:0.03 psnr_avg:35.04 psnr_y:33.29 psnr_u:60.46 psnr_v:63.45 
n:994 mse_avg:0.05 mse_y:0.06 mse_u:0.03 mse_v:0.02 psnr_avg:61.54 psnr_y:60.55 psnr_u:64.03 psnr_v:65.38 
n:995 mse_avg:0.02 mse_y:0.03 mse_u:0.02 mse_v:0.02 psnr_avg:64.51 psnr_y:63.89 psnr_u:65.89 psnr_v:66.33 
n:996 mse_avg:0.03 mse_y:0.03 mse_u:0.02 mse_v:0.02 psnr_avg:63.72 psnr_y:62.94 psnr_u:65.42 psnr_v:66.36 
n:997 mse_avg:0.02 mse_y:0.03 mse_u:0.02 mse_v:0.01 psnr_avg:64.30 psnr_y:63.60 psnr_u:65.88 psnr_v:66.52 
n:998 mse_avg:0.03 mse_y:0.04 mse_u:0.02 mse_v:0.02 psnr_avg:63.34 psnr_y:62.46 psnr_u:65.58 psnr_v:66.32 
n:999 mse_avg:0.03 mse_y:0.04 mse_u:0.02 mse_v:0.02 psnr_avg:63.45 psnr_y:62.64 psnr_u:65.37 psnr_v:66.16 
n:1000 mse_avg:0.03 mse_y:0.04 mse_u:0.02 mse_v:0.02 psnr_avg:63.33 psnr_y:62.50 psnr_u:65.33 psnr_v:66.14 
n:1001 mse_avg:0.02 mse_y:0.03 mse_u:0.02 mse_v:0.01 psnr_avg:64.63 psnr_y:63.98 psnr_u:66.05 psnr_v:66.56 
n:1002 mse_avg:0.03 mse_y:0.04 mse_u:0.02 mse_v:0.01 psnr_avg:63.36 psnr_y:62.48 psnr_u:65.52 psnr_v:66.41 
n:1003 mse_avg:0.03 mse_y:0.04 mse_u:0.02 mse_v:0.02 psnr_avg:63.33 psnr_y:62.45 psnr_u:65.50 psnr_v:66.31 
n:1004 mse_avg:0.03 mse_y:0.04 mse_u:0.02 mse_v:0.01 psnr_avg:63.31 psnr_y:62.44 psnr_u:65.39 psnr_v:66.42 
n:1005 mse_avg:0.02 mse_y:0.03 mse_u:0.02 mse_v:0.02 psnr_avg:64.37 psnr_y:63.72 psnr_u:65.92 psnr_v:66.24 
n:1006 mse_avg:0.03 mse_y:0.04 mse_u:0.02 mse_v:0.02 psnr_avg:63.32 psnr_y:62.50 psnr_u:65.33 psnr_v:66.03 
n:1007 mse_avg:0.03 mse_y:0.04 mse_u:0.02 mse_v:0.02 psnr_avg:63.38 psnr_y:62.61 psnr_u:65.18 psnr_v:65.91 
n:1008 mse_avg:0.04 mse_y:0.04 mse_u:0.02 mse_v:0.02 psnr_avg:62.55 psnr_y:61.61 psnr_u:65.00 psnr_v:65.93 
n:1009 mse_avg:0.03 mse_y:0.03 mse_u:0.02 mse_v:0.02 psnr_avg:63.54 psnr_y:62.81 psnr_u:65.30 psnr_v:65.72 
n:1010 mse_avg:0.04 mse_y:0.05 mse_u:0.02 mse_v:0.01 psnr_avg:62.02 psnr_y:60.75 psnr_u:65.90 psnr_v:68.39 
n:1011 mse_avg:0.03 mse_y:0.03 mse_u:0.01 mse_v:0.01 psnr_avg:63.93 psnr_y:62.80 psnr_u:66.93 psnr_v:68.99 
n:1012 mse_avg:0.03 mse_y:0.04 mse_u:0.01 mse_v:0.01 psnr_avg:62.93 psnr_y:61.72 psnr_u:66.37 psnr_v:68.85 
n:1013 mse_avg:0.01 mse_y:0.02 mse_u:0.01 mse_v:0.01 psnr_avg:66.84 psnr_y:66.00 psnr_u:68.81 psnr_v:69.76 
n:1014 mse_avg:0.03 mse_y:0.03 mse_u:0.01 mse_v:0.01 psnr_avg:63.92 psnr_y:62.74 psnr_u:67.40 psnr_v:69.08 
n:1015 mse_avg:0.02 mse_y:0.03 mse_u:0.01 mse_v:0.01 psnr_avg:64.34 psnr_y:63.22 psnr_u:67.33 psnr_v:69.16 
n:1016 mse_avg:0.02 mse_y:0.02 mse_u:0.01 mse_v:0.01 psnr_avg:65.69 psnr_y:64.78 psnr_u:67.71 psnr_v:69.35 
n:1017 mse_avg:0.02 mse_y:0.03 mse_u:0.01 mse_v:0.01 psnr_avg:65.04 psnr_y:64.04 psnr_u:67.30 psnr_v:69.40 
n:1018 mse_avg:0.02 mse_y:0.02 mse_u:0.01 mse_v:0.01 psnr_avg:65.75 psnr_y:64.82 psnr_u:67.80 psnr_v:69.50 
n:1019 mse_avg:0.02 mse_y:0.02 mse_u:0.01 mse_v:0.01 psnr_avg:65.18 psnr_y:64.16 psnr_u:67.55 psnr_v:69.60 
n:1020 mse_avg:0.02 mse_y:0.02 mse_u:0.01 mse_v:0.01 psnr_avg:65.82 psnr_y:64.91 psnr_u:67.73 psnr_v:69.55 
n:1021 mse_avg:0.02 mse_y:0.03 mse_u:0.01 mse_v:0.01 psnr_avg:64.95 psnr_y:63.93 psnr_u:67.22 psnr_v:69.53 
n:1022 mse_avg:0.02 mse_y:0.02 mse_u:0.01 mse_v:0.01 psnr_avg:65.87 psnr_y:64.92 psnr_u:67.87 psnr_v:69.94 
n:1023 mse_avg:0.02 mse_y:0.03 mse_u:0.01 mse_v:0.01 psnr_avg:65.10 psnr_y:64.06 psnr_u:67.53 psnr_v:69.81 
n:1024 mse_avg:0.02 mse_y:0.02 mse_u:0.01 mse_v:0.01 psnr_avg:66.02 psnr_y:65.10 psnr_u:67.82 psnr_v:69.98 
n:1025 mse_avg:0.02 mse_y:0.02 mse_u:0.01 mse_v:0.01 psnr_avg:65.62 psnr_y:64.65 psnr_u:67.67 psnr_v:69.89 
n:1026 mse_avg:0.02 mse_y:0.02 mse_u:0.01 mse_v:0.01 psnr_avg:66.06 psnr_y:65.17 psnr_u:67.78 psnr_v:69.86 
n:1027 mse_avg:0.02 mse_y:0.02 mse_u:0.01 mse_v:0.01 psnr_avg:65.37 psnr_y:64.39 psnr_u:67.44 psnr_v:69.77 
n:1028 mse_avg:0.02 mse_y:0.02 mse_u:0.01 mse_v:0.01 psnr_avg:66.00 psnr_y:65.11 psnr_u:67.73 psnr_v:69.84 
n:1029 mse_avg:0.02 mse_y:0.02 mse_u:0.01 mse_v:0.01 psnr_avg:65.84 psnr_y:64.91 psnr_u:67.73 psnr_v:69.77 
n:1030 mse_avg:0.02 mse_y:0.02 mse_u:0.01 mse_v:0.01 psnr_avg:66.08 psnr_y:65.20 psnr_u:67.72 psnr_v:69.91 
n:1031 mse_avg:0.02 mse_y:0.02 mse_u:0.01 mse_v:0.01 psnr_avg:65.68 psnr_y:64.76 psnr_u:67.45 psnr_v:69.88 
n:1032 mse_avg:0.02 mse_y:0.02 mse_u:0.01 mse_v:0.01 psnr_avg:65.93 psnr_y:65.02 psnr_u:67.69 psnr_v:69.77 
n:1033 mse_avg:0.02 mse_y:0.02 mse_u:0.01 mse_v:0.01 psnr_avg:65.72 psnr_y:64.78 psnr_u:67.70 psnr_v:69.77 
n:1034 mse_avg:0.02 mse_y:0.02 mse_u:0.01 mse_v:0.01 psnr_avg:66.13 psnr_y:65.28 psnr_u:67.66 psnr_v:69.71 
n:1035 mse_avg:0.02 mse_y:0.02 mse_u:0.01 mse_v:0.01 psnr_avg:65.73 psnr_y:64.79 psnr_u:67.77 psnr_v:69.66 
n:1036 mse_avg:0.02 mse_y:0.02 mse_u:0.01 mse_v:0.01 psnr_avg:66.08 psnr_y:65.24 psnr_u:67.57 psnr_v:69.74 
n:1037 mse_avg:0.02 mse_y:0.02 mse_u:0.01 mse_v:0.01 psnr_avg:65.89 psnr_y:65.00 psnr_u:67.64 psnr_v:69.61 
n:1038 mse_avg:0.02 mse_y:0.02 mse_u:0.01 mse_v:0.01 psnr_avg:66.08 psnr_y:65.24 psnr_u:67.55 psnr_v:69.70 
n:1039 mse_avg:0.02 mse_y:0.02 mse_u:0.01 mse_v:0.01 psnr_avg:65.35 psnr_y:64.37 psnr_u:67.42 psnr_v:69.77 
n:1040 mse_avg:0.02 mse_y:0.02 mse_u:0.01 mse_v:0.01 psnr_avg:65.77 psnr_y:64.84 psnr_u:67.61 psnr_v:69.88 
n:1041 mse_avg:0.03 mse_y:0.03 mse_u:0.01 mse_v:0.01 psnr_avg:63.88 psnr_y:62.78 psnr_u:66.45 psnr_v:69.08 
n:1042 mse_avg:0.02 mse_y:0.02 mse_u:0.01 mse_v:0.01 psnr_avg:65.82 psnr_y:64.96 psnr_u:67.30 psnr_v:69.63 
n:1043 mse_avg:0.02 mse_y:0.02 mse_u:0.01 mse_v:0.01 psnr_avg:65.26 psnr_y:64.34 psnr_u:66.93 psnr_v:69.52 
n:1044 mse_avg:0.02 mse_y:0.02 mse_u:0.01 mse_v:0.01 psnr_avg:65.52 psnr_y:64.61 psnr_u:67.22 psnr_v:69.61 
n:1045 mse_avg:0.02 mse_y:0.03 mse_u:0.01 mse_v:0.01 psnr_avg:65.09 psnr_y:64.12 psnr_u:66.93 psnr_v:69.61 
n:1046 mse_avg:0.02 mse_y:0.02 mse_u:0.01 mse_v:0.01 psnr_avg:65.64 psnr_y:64.75 psnr_u:67.17 psnr_v:69.67 
n:1047 mse_avg:0.02 mse_y:0.03 mse_u:0.01 mse_v:0.01 psnr_avg:64.48 psnr_y:63.45 psnr_u:66.71 psnr_v:69.34 
n:1048 mse_avg:0.02 mse_y:0.03 mse_u:0.01 mse_v:0.01 psnr_avg:64.29 psnr_y:63.27 psnr_u:66.42 psnr_v:69.18 
n:1049 mse_avg:0.02 mse_y:0.03 mse_u:0.01 mse_v:0.01 psnr_avg:64.32 psnr_y:63.31 psnr_u:66.49 psnr_v:69.02 
n:1050 mse_avg:0.02 mse_y:0.02 mse_u:0.01 mse_v:0.01 psnr_avg:65.45 psnr_y:64.61 psnr_u:66.79 psnr_v:69.30 
n:1051 mse_avg:0.02 mse_y:0.03 mse_u:0.02 mse_v:0.01 psnr_avg:64.37 psnr_y:63.37 psnr_u:66.33 psnr_v:69.24 
n:1052 mse_avg:0.02 mse_y:0.03 mse_u:0.01 mse_v:0.01 psnr_avg:64.27 psnr_y:63.24 psnr_u:66.37 psnr_v:69.26 
n:1053 mse_avg:0.02 mse_y:0.03 mse_u:0.02 mse_v:0.01 psnr_avg:64.47 psnr_y:63.50 psnr_u:66.28 psnr_v:69.15 
n:1054 mse_avg:0.02 mse_y:0.02 mse_u:0.01 mse_v:0.01 psnr_avg:65.32 psnr_y:64.47 psnr_u:66.69 psnr_v:69.14 
n:1055 mse_avg:0.02 mse_y:0.03 mse_u:0.02 mse_v:0.01 psnr_avg:64.81 psnr_y:63.92 psnr_u:66.31 psnr_v:69.00 
n:1056 mse_avg:0.02 mse_y:0.02 mse_u:0.01 mse_v:0.01 psnr_avg:65.20 psnr_y:64.36 psnr_u:66.52 psnr_v:69.09 
n:1057 mse_avg:0.02 mse_y:0.03 mse_u:0.02 mse_v:0.01 psnr_avg:64.61 psnr_y:63.68 psnr_u:66.27 psnr_v:68.99 
n:1058 mse_avg:0.02 mse_y:0.02 mse_u:0.01 mse_v:0.01 psnr_avg:65.13 psnr_y:64.25 psnr_u:66.67 psnr_v:69.13 
n:1059 mse_avg:0.02 mse_y:0.03 mse_u:0.01 mse_v:0.01 psnr_avg:64.86 psnr_y:63.94 psnr_u:66.60 psnr_v:69.05 
n:1060 mse_avg:0.02 mse_y:0.03 mse_u:0.01 mse_v:0.01 psnr_avg:65.01 psnr_y:64.10 psnr_u:66.72 psnr_v:69.11 
n:1061 mse_avg:0.03 mse_y:0.04 mse_u:0.02 mse_v:0.01 psnr_avg:62.93 psnr_y:61.80 psnr_u:65.65 psnr_v:68.40 
n:1062 mse_avg:0.03 mse_y:0.04 mse_u:0.02 mse_v:0.01 psnr_avg:63.22 psnr_y:62.20 psnr_u:65.40 psnr_v:67.87 
n:1063 mse_avg:0.03 mse_y:0.04 mse_u:0.02 mse_v:0.01 psnr_avg:63.24 psnr_y:62.13 psnr_u:66.02 psnr_v:68.48 
n:1064 mse_avg:0.03 mse_y:0.04 mse_u:0.02 mse_v:0.01 psnr_avg:63.28 psnr_y:62.19 psnr_u:65.81 psnr_v:68.46 
n:1065 mse_avg:0.04 mse_y:0.05 mse_u:0.03 mse_v:0.02 psnr_avg:61.61 psnr_y:60.74 psnr_u:63.57 psnr_v:64.81 
n:1066 mse_avg:0.15 mse_y:0.18 mse_u:0.12 mse_v:0.07 psnr_avg:56.32 psnr_y:55.58 psnr_u:57.46 psnr_v:59.48 
n:1067 mse_avg:0.14 mse_y:0.17 mse_u:0.11 mse_v:0.08 psnr_avg:56.58 psnr_y:55.87 psnr_u:57.91 psnr_v:59.10 
n:1068 mse_avg:0.17 mse_y:0.19 mse_u:0.13 mse_v:0.10 psnr_avg:55.91 psnr_y:55.25 psnr_u:57.11 psnr_v:58.32 
n:1069 mse_avg:0.11 mse_y:0.14 mse_u:0.08 mse_v:0.05 psnr_avg:57.54 psnr_y:56.72 psnr_u:58.96 psnr_v:60.98 
n:1070 mse_avg:0.17 mse_y:0.20 mse_u:0.13 mse_v:0.11 psnr_avg:55.75 psnr_y:55.13 psnr_u:56.89 psnr_v:57.82 
n:1071 mse_avg:0.15 mse_y:0.18 mse_u:0.12 mse_v:0.10 psnr_avg:56.23 psnr_y:55.59 psnr_u:57.44 psnr_v:58.33 
n:1072 mse_avg:0.18 mse_y:0.21 mse_u:0.14 mse_v:0.10 psnr_avg:55.50 psnr_y:54.84 psnr_u:56.60 psnr_v:57.98 
n:1073 mse_avg:0.14 mse_y:0.16 mse_u:0.10 mse_v:0.08 psnr_avg:56.72 psnr_y:56.05 psnr_u:58.11 psnr_v:58.95 
n:1074 mse_avg:0.20 mse_y:0.23 mse_u:0.16 mse_v:0.13 psnr_avg:55.10 psnr_y:54.51 psnr_u:56.19 psnr_v:57.03 
n:1075 mse_avg:0.16 mse_y:0.19 mse_u:0.12 mse_v:0.09 psnr_avg:56.05 psnr_y:55.36 psnr_u:57.33 psnr_v:58.49 
n:1076 mse_avg:0.21 mse_y:0.24 mse_u:0.16 mse_v:0.14 psnr_avg:54.88 psnr_y:54.30 psnr_u:55.98 psnr_v:56.77 
n:1077 mse_avg:0.14 mse_y:0.17 mse_u:0.11 mse_v:0.09 psnr_avg:56.52 psnr_y:55.87 psnr_u:57.76 psnr_v:58.74 
n:1078 mse_avg:0.21 mse_y:0.24 mse_u:0.16 mse_v:0.13 psnr_avg:54.92 psnr_y:54.30 psnr_u:55.99 psnr_v:57.05 
n:1079 mse_avg:0.20 mse_y:0.23 mse_u:0.16 mse_v:0.13 psnr_avg:55.11 psnr_y:54.56 psnr_u:56.12 psnr_v:56.92 
n:1080 mse_avg:0.18 mse_y:0.21 mse_u:0.13 mse_v:0.09 psnr_avg:55.58 psnr_y:54.84 psnr_u:56.93 psnr_v:58.42 
n:1081 mse_avg:0.12 mse_y:0.14 mse_u:0.09 mse_v:0.07 psnr_avg:57.30 psnr_y:56.58 psnr_u:58.61 psnr_v:59.95 
n:1082 mse_avg:0.20 mse_y:0.23 mse_u:0.15 mse_v:0.11 psnr_avg:55.21 psnr_y:54.50 psnr_u:56.43 psnr_v:57.91 
n:1083 mse_avg:0.19 mse_y:0.21 mse_u:0.15 mse_v:0.11 psnr_avg:55.43 psnr_y:54.81 psnr_u:56.49 psnr_v:57.59 
n:1084 mse_avg:0.23 mse_y:0.26 mse_u:0.17 mse_v:0.12 psnr_avg:54.60 psnr_y:53.91 psnr_u:55.85 psnr_v:57.16 
n:1085 mse_avg:0.17 mse_y:0.19 mse_u:0.13 mse_v:0.11 psnr_avg:55.83 psnr_y:55.23 psnr_u:56.98 psnr_v:57.75 
n:1086 mse_avg:0.26 mse_y:0.30 mse_u:0.20 mse_v:0.14 psnr_avg:54.06 psnr_y:53.38 psnr_u:55.20 psnr_v:56.62 
n:1087 mse_avg:0.24 mse_y:0.28 mse_u:0.19 mse_v:0.15 psnr_avg:54.29 psnr_y:53.70 psnr_u:55.29 psnr_v:56.31 
n:1088 mse_avg:0.27 mse_y:0.32 mse_u:0.21 mse_v:0.15 psnr_avg:53.77 psnr_y:53.08 psnr_u:54.94 psnr_v:56.37 
n:1089 mse_avg:0.20 mse_y:0.23 mse_u:0.16 mse_v:0.14 psnr_avg:55.09 psnr_y:54.54 psnr_u:56.10 psnr_v:56.81 
n:1090 mse_avg:0.37 mse_y:0.43 mse_u:0.29 mse_v:0.21 psnr_avg:52.43 psnr_y:51.76 psnr_u:53.51 psnr_v:54.96 
n:1091 mse_avg:0.29 mse_y:0.33 mse_u:0.24 mse_v:0.20 psnr_avg:53.51 psnr_y:52.99 psnr_u:54.38 psnr_v:55.18 
n:1092 mse_avg:0.39 mse_y:0.45 mse_u:0.31 mse_v:0.23 psnr_avg:52.25 psnr_y:51.62 psnr_u:53.23 psnr_v:54.60 
n:1093 mse_avg:0.23 mse_y:0.26 mse_u:0.18 mse_v:0.15 psnr_avg:54.50 psnr_y:53.94 psnr_u:55.53 psnr_v:56.30 
n:1094 mse_avg:0.43 mse_y:0.51 mse_u:0.34 mse_v:0.23 psnr_avg:51.75 psnr_y:51.06 psnr_u:52.83 psnr_v:54.51 
n:1095 mse_avg:0.33 mse_y:0.38 mse_u:0.26 mse_v:0.20 psnr_avg:52.94 psnr_y:52.35 psnr_u:53.92 psnr_v:55.04 
n:1096 mse_avg:0.45 mse_y:0.52 mse_u:0.35 mse_v:0.25 psnr_avg:51.61 psnr_y:50.94 psnr_u:52.66 psnr_v:54.22 
n:1097 mse_avg:0.25 mse_y:0.29 mse_u:0.20 mse_v:0.17 psnr_avg:54.07 psnr_y:53.51 psnr_u:55.06 psnr_v:55.89 
n:1098 mse_avg:0.46 mse_y:0.54 mse_u:0.35 mse_v:0.25 psnr_avg:51.51 psnr_y:50.81 psnr_u:52.69 psnr_v:54.24 
n:1099 mse_avg:0.37 mse_y:0.42 mse_u:0.29 mse_v:0.23 psnr_avg:52.49 psnr_y:51.91 psnr_u:53.45 psnr_v:54.50 
n:1100 mse_avg:0.45 mse_y:0.53 mse_u:0.33 mse_v:0.23 psnr_avg:51.61 psnr_y:50.85 psnr_u:53.00 psnr_v:54.56 
n:1101 mse_avg:0.28 mse_y:0.32 mse_u:0.22 mse_v:0.18 psnr_avg:53.62 psnr_y:53.05 psnr_u:54.64 psnr_v:55.51 
n:1102 mse_avg:0.39 mse_y:0.47 mse_u:0.28 mse_v:0.19 psnr_avg:52.22 psnr_y:51.45 psnr_u:53.59 psnr_v:55.34 
n:1103 mse_avg:0.38 mse_y:0.44 mse_u:0.29 mse_v:0.21 psnr_avg:52.37 psnr_y:51.70 psnr_u:53.50 psnr_v:54.92 
n:1104 mse_avg:0.40 mse_y:0.47 mse_u:0.29 mse_v:0.20 psnr_avg:52.14 psnr_y:51.38 psnr_u:53.51 psnr_v:55.12 
n:1105 mse_avg:0.31 mse_y:0.36 mse_u:0.25 mse_v:0.20 psnr_avg:53.16 psnr_y:52.59 psnr_u:54.10 psnr_v:55.14 
n:1106 mse_avg:0.51 mse_y:0.62 mse_u:0.38 mse_v:0.24 psnr_avg:51.01 psnr_y:50.23 psnr_u:52.33 psnr_v:54.33 
n:1107 mse_avg:0.41 mse_y:0.47 mse_u:0.33 mse_v:0.24 psnr_avg:52.01 psnr_y:51.39 psnr_u:52.99 psnr_v:54.24 
n:1108 mse_avg:0.56 mse_y:0.67 mse_u:0.43 mse_v:0.27 psnr_avg:50.64 psnr_y:49.89 psnr_u:51.82 psnr_v:53.83 
n:1109 mse_avg:0.32 mse_y:0.37 mse_u:0.25 mse_v:0.20 psnr_avg:53.06 psnr_y:52.46 psnr_u:54.10 psnr_v:55.07 
n:1110 mse_avg:0.60 mse_y:0.72 mse_u:0.43 mse_v:0.28 psnr_avg:50.38 psnr_y:49.58 psnr_u:51.77 psnr_v:53.69 
n:1111 mse_avg:0.45 mse_y:0.53 mse_u:0.35 mse_v:0.24 psnr_avg:51.61 psnr_y:50.93 psnr_u:52.74 psnr_v:54.26 
n:1112 mse_avg:0.63 mse_y:0.75 mse_u:0.46 mse_v:0.28 psnr_avg:50.17 psnr_y:49.37 psnr_u:51.48 psnr_v:53.63 
n:1113 mse_avg:0.35 mse_y:0.40 mse_u:0.27 mse_v:0.21 psnr_avg:52.75 psnr_y:52.13 psnr_u:53.81 psnr_v:54.90 
n:1114 mse_avg:0.64 mse_y:0.78 mse_u:0.47 mse_v:0.28 psnr_avg:50.05 psnr_y:49.23 psnr_u:51.42 psnr_v:53.64 
n:1115 mse_avg:0.48 mse_y:0.57 mse_u:0.36 mse_v:0.26 psnr_avg:51.28 psnr_y:50.55 psnr_u:52.60 psnr_v:54.06 
n:1116 mse_avg:0.68 mse_y:0.82 mse_u:0.49 mse_v:0.30 psnr_avg:49.84 psnr_y:49.02 psnr_u:51.24 psnr_v:53.34 
n:1117 mse_avg:0.37 mse_y:0.42 mse_u:0.29 mse_v:0.23 psnr_avg:52.47 psnr_y:51.85 psnr_u:53.56 psnr_v:54.61 
n:1118 mse_avg:0.68 mse_y:0.82 mse_u:0.48 mse_v:0.30 psnr_avg:49.81 psnr_y:48.98 psnr_u:51.32 psnr_v:53.36 
n:1119 mse_avg:0.50 mse_y:0.59 mse_u:0.38 mse_v:0.26 psnr_avg:51.12 psnr_y:50.40 psnr_u:52.38 psnr_v:53.91 
n:1120 mse_avg:0.69 mse_y:0.84 mse_u:0.49 mse_v:0.30 psnr_avg:49.72 psnr_y:48.88 psnr_u:51.22 psnr_v:53.36 
n:1121 mse_avg:0.38 mse_y:0.44 mse_u:0.30 mse_v:0.23 psnr_avg:52.33 psnr_y:51.72 psnr_u:53.38 psnr_v:54.49 
n:1122 mse_avg:0.72 mse_y:0.87 mse_u:0.50 mse_v:0.30 psnr_avg:49.58 psnr_y:48.71 psnr_u:51.13 psnr_v:53.34 
n:1123 mse_avg:0.53 mse_y:0.63 mse_u:0.40 mse_v:0.28 psnr_avg:50.85 psnr_y:50.11 psnr_u:52.15 psnr_v:53.71 
n:1124 mse_avg:0.73 mse_y:0.89 mse_u:0.52 mse_v:0.31 psnr_avg:49.48 psnr_y:48.62 psnr_u:50.97 psnr_v:53.20 
n:1125 mse_avg:0.41 mse_y:0.47 mse_u:0.32 mse_v:0.24 psnr_avg:52.05 psnr_y:51.42 psnr_u:53.15 psnr_v:54.30 
n:1126 mse_avg:0.75 mse_y:0.92 mse_u:0.53 mse_v:0.31 psnr_avg:49.36 psnr_y:48.49 psnr_u:50.91 psnr_v:53.27 
n:1127 mse_avg:0.57 mse_y:0.68 mse_u:0.41 mse_v:0.28 psnr_avg:50.59 psnr_y:49.81 psnr_u:51.99 psnr_v:53.72 
n:1128 mse_avg:0.80 mse_y:0.98 mse_u:0.55 mse_v:0.32 psnr_avg:49.12 psnr_y:48.23 psnr_u:50.73 psnr_v:53.06 
n:1129 mse_avg:0.43 mse_y:0.51 mse_u:0.33 mse_v:0.24 psnr_avg:51.76 psnr_y:51.09 psnr_u:52.94 psnr_v:54.24 
n:1130 mse_avg:0.81 mse_y:1.00 mse_u:0.55 mse_v:0.32 psnr_avg:49.04 psnr_y:48.13 psnr_u:50.70 psnr_v:53.13 
n:1131 mse_avg:0.60 mse_y:0.72 mse_u:0.43 mse_v:0.28 psnr_avg:50.37 psnr_y:49.57 psnr_u:51.80 psnr_v:53.64 
n:1132 mse_avg:0.85 mse_y:1.04 mse_u:0.58 mse_v:0.32 psnr_avg:48.85 psnr_y:47.94 psnr_u:50.47 psnr_v:53.02 
n:1133 mse_avg:0.45 mse_y:0.53 mse_u:0.34 mse_v:0.25 psnr_avg:51.56 psnr_y:50.86 psnr_u:52.82 psnr_v:54.18 
n:1134 mse_avg:0.87 mse_y:1.09 mse_u:0.58 mse_v:0.32 psnr_avg:48.71 psnr_y:47.77 psnr_u:50.50 psnr_v:53.12 
n:1135 mse_avg:0.66 mse_y:0.80 mse_u:0.46 mse_v:0.30 psnr_avg:49.91 psnr_y:49.08 psnr_u:51.46 psnr_v:53.37 
n:1136 mse_avg:0.84 mse_y:1.05 mse_u:0.50 mse_v:0.31 psnr_avg:48.91 psnr_y:47.91 psnr_u:51.17 psnr_v:53.24 
n:1137 mse_avg:0.55 mse_y:0.65 mse_u:0.41 mse_v:0.29 psnr_avg:50.76 psnr_y:50.03 psnr_u:52.04 psnr_v:53.54 
n:1138 mse_avg:0.68 mse_y:0.84 mse_u:0.44 mse_v:0.27 psnr_avg:49.83 psnr_y:48.89 psnr_u:51.74 psnr_v:53.90 
n:1139 mse_avg:0.71 mse_y:0.86 mse_u:0.50 mse_v:0.31 psnr_avg:49.62 psnr_y:48.78 psnr_u:51.11 psnr_v:53.18 
n:1140 mse_avg:0.68 mse_y:0.85 mse_u:0.43 mse_v:0.27 psnr_avg:49.79 psnr_y:48.84 psnr_u:51.77 psnr_v:53.90 
n:1141 mse_avg:0.56 mse_y:0.66 mse_u:0.42 mse_v:0.30 psnr_avg:50.66 psnr_y:49.93 psnr_u:51.95 psnr_v:53.43 
n:1142 mse_avg:0.71 mse_y:0.88 mse_u:0.45 mse_v:0.28 psnr_avg:49.64 psnr_y:48.70 psnr_u:51.63 psnr_v:53.72 
n:1143 mse_avg:0.75 mse_y:0.91 mse_u:0.52 mse_v:0.32 psnr_avg:49.40 psnr_y:48.55 psnr_u:50.96 psnr_v:53.08 
n:1144 mse_avg:0.72 mse_y:0.89 mse_u:0.47 mse_v:0.28 psnr_avg:49.59 psnr_y:48.66 psnr_u:51.40 psnr_v:53.67 
n:1145 mse_avg:0.60 mse_y:0.71 mse_u:0.44 mse_v:0.31 psnr_avg:50.35 psnr_y:49.62 psnr_u:51.65 psnr_v:53.21 
n:1146 mse_avg:0.76 mse_y:0.95 mse_u:0.48 mse_v:0.28 psnr_avg:49.31 psnr_y:48.34 psnr_u:51.36 psnr_v:53.60 
n:1147 mse_avg:0.80 mse_y:0.97 mse_u:0.55 mse_v:0.33 psnr_avg:49.12 psnr_y:48.25 psnr_u:50.70 psnr_v:52.94 
n:1148 mse_avg:0.75 mse_y:0.93 mse_u:0.47 mse_v:0.30 psnr_avg:49.40 psnr_y:48.45 psnr_u:51.41 psnr_v:53.40 
n:1149 mse_avg:0.64 mse_y:0.75 mse_u:0.47 mse_v:0.33 psnr_avg:50.09 psnr_y:49.36 psnr_u:51.37 psnr_v:52.90 
n:1150 mse_avg:0.80 mse_y:0.99 mse_u:0.52 mse_v:0.31 psnr_avg:49.12 psnr_y:48.18 psnr_u:50.99 psnr_v:53.24 
n:1151 mse_avg:0.84 mse_y:1.03 mse_u:0.58 mse_v:0.35 psnr_avg:48.88 psnr_y:48.01 psnr_u:50.46 psnr_v:52.67 
n:1152 mse_avg:0.74 mse_y:0.92 mse_u:0.48 mse_v:0.29 psnr_avg:49.42 psnr_y:48.48 psnr_u:51.35 psnr_v:53.58 
n:1153 mse_avg:0.66 mse_y:0.78 mse_u:0.48 mse_v:0.33 psnr_avg:49.96 psnr_y:49.19 psnr_u:51.34 psnr_v:52.98 
n:1154 mse_avg:0.79 mse_y:0.98 mse_u:0.48 mse_v:0.30 psnr_avg:49.17 psnr_y:48.20 psnr_u:51.29 psnr_v:53.38 
n:1155 mse_avg:0.86 mse_y:1.04 mse_u:0.60 mse_v:0.36 psnr_avg:48.81 psnr_y:47.95 psnr_u:50.32 psnr_v:52.61 
n:1156 mse_avg:0.80 mse_y:1.00 mse_u:0.50 mse_v:0.31 psnr_avg:49.10 psnr_y:48.15 psnr_u:51.11 psnr_v:53.21 
n:1157 mse_avg:0.70 mse_y:0.83 mse_u:0.51 mse_v:0.35 psnr_avg:49.69 psnr_y:48.93 psnr_u:51.08 psnr_v:52.67 
n:1158 mse_avg:0.82 mse_y:1.02 mse_u:0.52 mse_v:0.32 psnr_avg:49.01 psnr_y:48.06 psnr_u:51.00 psnr_v:53.11 
n:1159 mse_avg:0.88 mse_y:1.09 mse_u:0.60 mse_v:0.36 psnr_avg:48.67 psnr_y:47.77 psnr_u:50.35 psnr_v:52.56 
n:1160 mse_avg:0.82 mse_y:1.02 mse_u:0.52 mse_v:0.29 psnr_avg:49.02 psnr_y:48.04 psnr_u:51.01 psnr_v:53.47 
n:1161 mse_avg:0.72 mse_y:0.87 mse_u:0.52 mse_v:0.35 psnr_avg:49.53 psnr_y:48.75 psnr_u:50.93 psnr_v:52.67 
n:1162 mse_avg:0.85 mse_y:1.06 mse_u:0.53 mse_v:0.31 psnr_avg:48.84 psnr_y:47.86 psnr_u:50.87 psnr_v:53.16 
n:1163 mse_avg:0.94 mse_y:1.16 mse_u:0.65 mse_v:0.36 psnr_avg:48.41 psnr_y:47.50 psnr_u:50.03 psnr_v:52.57 
n:1164 mse_avg:0.83 mse_y:1.04 mse_u:0.53 mse_v:0.31 psnr_avg:48.92 psnr_y:47.96 psnr_u:50.85 psnr_v:53.28 
n:1165 mse_avg:0.75 mse_y:0.91 mse_u:0.54 mse_v:0.35 psnr_avg:49.36 psnr_y:48.56 psnr_u:50.82 psnr_v:52.66 
n:1166 mse_avg:0.89 mse_y:1.13 mse_u:0.54 mse_v:0.32 psnr_avg:48.62 psnr_y:47.62 psnr_u:50.80 psnr_v:53.10 
n:1167 mse_avg:158.85 mse_y:236.20 mse_u:7.45 mse_v:0.84 psnr_avg:26.12 psnr_y:24.40 psnr_u:39.41 psnr_v:48.91 
n:1168 mse_avg:158.44 mse_y:235.41 mse_u:7.86 mse_v:1.14 psnr_avg:26.13 psnr_y:24.41 psnr_u:39.18 psnr_v:47.57 
n:1169 mse_avg:169.77 mse_y:252.03 mse_u:9.35 mse_v:1.13 psnr_avg:25.83 psnr_y:24.12 psnr_u:38.42 psnr_v:47.61 
n:1170 mse_avg:162.52 mse_y:241.87 mse_u:6.78 mse_v:0.89 psnr_avg:26.02 psnr_y:24.30 psnr_u:39.82 psnr_v:48.64 
n:1171 mse_avg:177.87 mse_y:264.62 mse_u:7.74 mse_v:1.00 psnr_avg:25.63 psnr_y:23.90 psnr_u:39.24 psnr_v:48.11 
n:1172 mse_avg:162.78 mse_y:242.22 mse_u:6.88 mse_v:0.89 psnr_avg:26.01 psnr_y:24.29 psnr_u:39.76 psnr_v:48.63 
n:1173 mse_avg:162.86 mse_y:241.87 mse_u:8.84 mse_v:0.84 psnr_avg:26.01 psnr_y:24.29 psnr_u:38.67 psnr_v:48.87 
n:1174 mse_avg:151.74 mse_y:225.50 mse_u:7.60 mse_v:0.81 psnr_avg:26.32 psnr_y:24.60 psnr_u:39.33 psnr_v:49.03 
n:1175 mse_avg:164.07 mse_y:243.88 mse_u:8.13 mse_v:0.82 psnr_avg:25.98 psnr_y:24.26 psnr_u:39.03 psnr_v:49.00 
n:1176 mse_avg:152.35 mse_y:226.49 mse_u:7.25 mse_v:0.89 psnr_avg:26.30 psnr_y:24.58 psnr_u:39.53 psnr_v:48.62 
n:1177 mse_avg:225.16 mse_y:330.60 mse_u:23.65 mse_v:4.93 psnr_avg:24.61 psnr_y:22.94 psnr_u:34.39 psnr_v:41.21 
n:1178 mse_avg:110.15 mse_y:163.57 mse_u:6.11 mse_v:0.54 psnr_avg:27.71 psnr_y:25.99 psnr_u:40.27 psnr_v:50.78 
n:1179 mse_avg:109.16 mse_y:162.05 mse_u:6.20 mse_v:0.60 psnr_avg:27.75 psnr_y:26.03 psnr_u:40.21 psnr_v:50.38 
n:1180 mse_avg:98.74 mse_y:146.69 mse_u:5.09 mse_v:0.57 psnr_avg:28.19 psnr_y:26.47 psnr_u:41.06 psnr_v:50.60 
n:1181 mse_avg:122.19 mse_y:181.12 mse_u:7.83 mse_v:0.82 psnr_avg:27.26 psnr_y:25.55 psnr_u:39.19 psnr_v:49.01 
n:1182 mse_avg:98.22 mse_y:145.74 mse_u:5.62 mse_v:0.71 psnr_avg:28.21 psnr_y:26.49 psnr_u:40.63 psnr_v:49.59 
n:1183 mse_avg:103.25 mse_y:153.01 mse_u:6.56 mse_v:0.91 psnr_avg:27.99 psnr_y:26.28 psnr_u:39.96 psnr_v:48.53 
n:1184 mse_avg:99.89 mse_y:148.32 mse_u:5.36 mse_v:0.70 psnr_avg:28.14 psnr_y:26.42 psnr_u:40.84 psnr_v:49.69 
n:1185 mse_avg:137.47 mse_y:204.08 mse_u:7.73 mse_v:0.74 psnr_avg:26.75 psnr_y:25.03 psnr_u:39.25 psnr_v:49.45 
n:1186 mse_avg:116.74 mse_y:173.43 mse_u:6.06 mse_v:0.65 psnr_avg:27.46 psnr_y:25.74 psnr_u:40.31 psnr_v:49.97 
n:1187 mse_avg:127.33 mse_y:189.14 mse_u:6.60 mse_v:0.83 psnr_avg:27.08 psnr_y:25.36 psnr_u:39.93 psnr_v:48.92 
n:1188 mse_avg:118.15 mse_y:175.36 mse_u:6.79 mse_v:0.66 psnr_avg:27.41 psnr_y:25.69 psnr_u:39.81 psnr_v:49.95 
n:1189 mse_avg:129.46 mse_y:191.92 mse_u:8.33 mse_v:0.79 psnr_avg:27.01 psnr_y:25.30 psnr_u:38.92 psnr_v:49.18 
n:1190 mse_avg:120.78 mse_y:179.31 mse_u:6.75 mse_v:0.68 psnr_avg:27.31 psnr_y:25.59 psnr_u:39.84 psnr_v:49.82 
n:1191 mse_avg:138.05 mse_y:204.80 mse_u:8.02 mse_v:1.08 psnr_avg:26.73 psnr_y:25.02 psnr_u:39.09 psnr_v:47.78 
n:1192 mse_avg:119.92 mse_y:178.39 mse_u:5.23 mse_v:0.74 psnr_avg:27.34 psnr_y:25.62 psnr_u:40.94 psnr_v:49.41 
n:1193 mse_avg:132.22 mse_y:196.55 mse_u:6.36 mse_v:0.76 psnr_avg:26.92 psnr_y:25.20 psnr_u:40.10 psnr_v:49.30 
n:1194 mse_avg:109.55 mse_y:162.92 mse_u:5.02 mse_v:0.59 psnr_avg:27.73 psnr_y:26.01 psnr_u:41.13 psnr_v:50.41 
n:1195 mse_avg:128.09 mse_y:190.34 mse_u:6.42 mse_v:0.77 psnr_avg:27.06 psnr_y:25.34 psnr_u:40.06 psnr_v:49.27 
n:1196 mse_avg:113.08 mse_y:168.14 mse_u:5.19 mse_v:0.72 psnr_avg:27.60 psnr_y:25.87 psnr_u:40.98 psnr_v:49.57 
n:1197 mse_avg:127.04 mse_y:188.75 mse_u:6.45 mse_v:0.77 psnr_avg:27.09 psnr_y:25.37 psnr_u:40.03 psnr_v:49.24 
n:1198 mse_avg:111.84 mse_y:166.01 mse_u:6.29 mse_v:0.71 psnr_avg:27.64 psnr_y:25.93 psnr_u:40.14 psnr_v:49.65 
n:1199 mse_avg:134.63 mse_y:199.93 mse_u:7.10 mse_v:0.95 psnr_avg:26.84 psnr_y:25.12 psnr_u:39.62 psnr_v:48.35 
n:1200 mse_avg:121.13 mse_y:180.16 mse_u:5.37 mse_v:0.80 psnr_avg:27.30 psnr_y:25.57 psnr_u:40.83 psnr_v:49.11 
n:1201 mse_avg:141.33 mse_y:210.46 mse_u:5.36 mse_v:0.81 psnr_avg:26.63 psnr_y:24.90 psnr_u:40.84 psnr_v:49.07 
n:1202 mse_avg:132.80 mse_y:197.93 mse_u:4.39 mse_v:0.70 psnr_avg:26.90 psnr_y:25.17 psnr_u:41.70 psnr_v:49.70 
n:1203 mse_avg:150.54 mse_y:224.14 mse_u:5.88 mse_v:0.81 psnr_avg:26.35 psnr_y:24.63 psnr_u:40.44 psnr_v:49.07 
n:1204 mse_avg:123.65 mse_y:184.21 mse_u:4.43 mse_v:0.61 psnr_avg:27.21 psnr_y:25.48 psnr_u:41.67 psnr_v:50.24 
n:1205 mse_avg:138.33 mse_y:205.83 mse_u:5.88 mse_v:0.78 psnr_avg:26.72 psnr_y:25.00 psnr_u:40.44 psnr_v:49.21 
n:1206 mse_avg:114.75 mse_y:170.89 mse_u:4.37 mse_v:0.59 psnr_avg:27.53 psnr_y:25.80 psnr_u:41.72 psnr_v:50.41 
n:1207 mse_avg:175.94 mse_y:261.14 mse_u:9.69 mse_v:1.38 psnr_avg:25.68 psnr_y:23.96 psnr_u:38.27 psnr_v:46.73 
n:1208 mse_avg:159.42 mse_y:237.44 mse_u:5.90 mse_v:0.86 psnr_avg:26.11 psnr_y:24.38 psnr_u:40.42 psnr_v:48.77 
n:1209 mse_avg:168.88 mse_y:251.39 mse_u:6.93 mse_v:0.79 psnr_avg:25.86 psnr_y:24.13 psnr_u:39.72 psnr_v:49.13 
n:1210 mse_avg:153.24 mse_y:228.32 mse_u:5.49 mse_v:0.66 psnr_avg:26.28 psnr_y:24.55 psnr_u:40.73 psnr_v:49.94 
n:1211 mse_avg:158.44 mse_y:235.96 mse_u:6.06 mse_v:0.76 psnr_avg:26.13 psnr_y:24.40 psnr_u:40.31 psnr_v:49.33 
n:1212 mse_avg:141.76 mse_y:211.22 mse_u:5.00 mse_v:0.65 psnr_avg:26.62 psnr_y:24.88 psnr_u:41.14 psnr_v:49.99 
n:1213 mse_avg:164.54 mse_y:244.98 mse_u:6.54 mse_v:0.76 psnr_avg:25.97 psnr_y:24.24 psnr_u:39.98 psnr_v:49.30 
n:1214 mse_avg:148.70 mse_y:221.55 mse_u:5.33 mse_v:0.68 psnr_avg:26.41 psnr_y:24.68 psnr_u:40.86 psnr_v:49.79 
n:1215 mse_avg:160.22 mse_y:238.68 mse_u:5.87 mse_v:0.73 psnr_avg:26.08 psnr_y:24.35 psnr_u:40.45 psnr_v:49.50 
n:1216 mse_avg:139.66 mse_y:208.02 mse_u:5.21 mse_v:0.67 psnr_avg:26.68 psnr_y:24.95 psnr_u:40.96 psnr_v:49.84 
n:1217 mse_avg:151.96 mse_y:226.04 mse_u:6.91 mse_v:0.73 psnr_avg:26.31 psnr_y:24.59 psnr_u:39.74 psnr_v:49.52 
n:1218 mse_avg:143.96 mse_y:214.35 mse_u:5.72 mse_v:0.67 psnr_avg:26.55 psnr_y:24.82 psnr_u:40.56 psnr_v:49.87 
n:1219 mse_avg:167.82 mse_y:250.03 mse_u:6.08 mse_v:0.77 psnr_avg:25.88 psnr_y:24.15 psnr_u:40.29 psnr_v:49.28 
n:1220 mse_avg:151.75 mse_y:226.37 mse_u:4.43 mse_v:0.58 psnr_avg:26.32 psnr_y:24.58 psnr_u:41.66 psnr_v:50.48 
n:1221 mse_avg:158.49 mse_y:236.08 mse_u:5.82 mse_v:0.77 psnr_avg:26.13 psnr_y:24.40 psnr_u:40.48 psnr_v:49.24 
n:1222 mse_avg:139.43 mse_y:207.73 mse_u:5.03 mse_v:0.65 psnr_avg:26.69 psnr_y:24.96 psnr_u:41.11 psnr_v:49.97 
n:1223 mse_avg:148.81 mse_y:221.55 mse_u:5.80 mse_v:0.85 psnr_avg:26.40 psnr_y:24.68 psnr_u:40.49 psnr_v:48.83 
n:1224 mse_avg:128.36 mse_y:191.02 mse_u:5.32 mse_v:0.73 psnr_avg:27.05 psnr_y:25.32 psnr_u:40.87 psnr_v:49.51 
n:1225 mse_avg:152.31 mse_y:226.45 mse_u:7.29 mse_v:0.79 psnr_avg:26.30 psnr_y:24.58 psnr_u:39.50 psnr_v:49.17 
n:1226 mse_avg:139.24 mse_y:207.03 mse_u:6.67 mse_v:0.65 psnr_avg:26.69 psnr_y:24.97 psnr_u:39.89 psnr_v:50.02 
n:1227 mse_avg:157.57 mse_y:234.26 mse_u:7.63 mse_v:0.77 psnr_avg:26.16 psnr_y:24.43 psnr_u:39.30 psnr_v:49.26 
n:1228 mse_avg:140.32 mse_y:208.73 mse_u:6.32 mse_v:0.66 psnr_avg:26.66 psnr_y:24.93 psnr_u:40.12 psnr_v:49.94 
n:1229 mse_avg:150.63 mse_y:223.93 mse_u:7.25 mse_v:0.83 psnr_avg:26.35 psnr_y:24.63 psnr_u:39.53 psnr_v:48.93 
n:1230 mse_avg:129.70 mse_y:192.98 mse_u:5.61 mse_v:0.65 psnr_avg:27.00 psnr_y:25.28 psnr_u:40.64 psnr_v:50.01 
n:1231 mse_avg:143.45 mse_y:213.34 mse_u:6.67 mse_v:0.69 psnr_avg:26.56 psnr_y:24.84 psnr_u:39.89 psnr_v:49.72 
n:1232 mse_avg:125.82 mse_y:187.23 mse_u:5.36 mse_v:0.63 psnr_avg:27.13 psnr_y:25.41 psnr_u:40.84 psnr_v:50.11 
n:1233 mse_avg:141.48 mse_y:210.40 mse_u:6.59 mse_v:0.72 psnr_avg:26.62 psnr_y:24.90 psnr_u:39.94 psnr_v:49.59 
n:1234 mse_avg:129.09 mse_y:191.87 mse_u:6.39 mse_v:0.63 psnr_avg:27.02 psnr_y:25.30 psnr_u:40.07 psnr_v:50.15 
n:1235 mse_avg:129.58 mse_y:191.89 mse_u:9.13 mse_v:0.77 psnr_avg:27.01 psnr_y:25.30 psnr_u:38.52 psnr_v:49.27 
n:1236 mse_avg:121.33 mse_y:180.35 mse_u:5.89 mse_v:0.69 psnr_avg:27.29 psnr_y:25.57 psnr_u:40.43 psnr_v:49.75 
n:1237 mse_avg:139.04 mse_y:206.75 mse_u:6.52 mse_v:0.68 psnr_avg:26.70 psnr_y:24.98 psnr_u:39.99 psnr_v:49.78 
n:1238 mse_avg:118.98 mse_y:176.97 mse_u:5.41 mse_v:0.62 psnr_avg:27.38 psnr_y:25.65 psnr_u:40.80 psnr_v:50.18 
n:1239 mse_avg:135.31 mse_y:201.12 mse_u:6.76 mse_v:0.64 psnr_avg:26.82 psnr_y:25.10 psnr_u:39.83 psnr_v:50.05 
n:1240 mse_avg:123.71 mse_y:183.72 mse_u:6.73 mse_v:0.67 psnr_avg:27.21 psnr_y:25.49 psnr_u:39.85 psnr_v:49.88 
n:1241 mse_avg:128.43 mse_y:190.43 mse_u:8.07 mse_v:0.79 psnr_avg:27.04 psnr_y:25.33 psnr_u:39.06 psnr_v:49.15 
n:1242 mse_avg:123.81 mse_y:183.41 mse_u:8.40 mse_v:0.78 psnr_avg:27.20 psnr_y:25.50 psnr_u:38.89 psnr_v:49.22 
n:1243 mse_avg:130.55 mse_y:194.04 mse_u:6.36 mse_v:0.78 psnr_avg:26.97 psnr_y:25.25 psnr_u:40.09 psnr_v:49.21 
n:1244 mse_avg:117.38 mse_y:174.30 mse_u:6.38 mse_v:0.72 psnr_avg:27.43 psnr_y:25.72 psnr_u:40.08 psnr_v:49.55 
n:1245 mse_avg:137.52 mse_y:204.25 mse_u:7.28 mse_v:0.86 psnr_avg:26.75 psnr_y:25.03 psnr_u:39.51 psnr_v:48.80 
n:1246 mse_avg:119.20 mse_y:177.07 mse_u:6.16 mse_v:0.76 psnr_avg:27.37 psnr_y:25.65 psnr_u:40.23 psnr_v:49.35 
n:1247 mse_avg:135.42 mse_y:200.35 mse_u:10.37 mse_v:0.77 psnr_avg:26.81 psnr_y:25.11 psnr_u:37.97 psnr_v:49.26 
n:1248 mse_avg:122.85 mse_y:182.08 mse_u:8.15 mse_v:0.68 psnr_avg:27.24 psnr_y:25.53 psnr_u:39.02 psnr_v:49.82 
n:1249 mse_avg:128.78 mse_y:190.71 mse_u:8.93 mse_v:0.95 psnr_avg:27.03 psnr_y:25.33 psnr_u:38.62 psnr_v:48.37 
n:1250 mse_avg:116.55 mse_y:172.74 mse_u:7.58 mse_v:0.75 psnr_avg:27.47 psnr_y:25.76 psnr_u:39.33 psnr_v:49.37 
n:1251 mse_avg:131.33 mse_y:194.80 mse_u:7.98 mse_v:0.81 psnr_avg:26.95 psnr_y:25.23 psnr_u:39.11 psnr_v:49.04 
n:1252 mse_avg:119.19 mse_y:176.82 mse_u:7.23 mse_v:0.65 psnr_avg:27.37 psnr_y:25.66 psnr_u:39.54 psnr_v:50.01 
n:1253 mse_avg:127.05 mse_y:188.54 mse_u:7.34 mse_v:0.80 psnr_avg:27.09 psnr_y:25.38 psnr_u:39.48 psnr_v:49.12 
n:1254 mse_avg:118.14 mse_y:175.52 mse_u:6.07 mse_v:0.68 psnr_avg:27.41 psnr_y:25.69 psnr_u:40.30 psnr_v:49.81 
n:1255 mse_avg:143.54 mse_y:213.13 mse_u:7.96 mse_v:0.74 psnr_avg:26.56 psnr_y:24.84 psnr_u:39.12 psnr_v:49.46 
n:1256 mse_avg:121.35 mse_y:180.20 mse_u:6.57 mse_v:0.71 psnr_avg:27.29 psnr_y:25.57 psnr_u:39.96 psnr_v:49.60 
n:1257 mse_avg:123.93 mse_y:183.83 mse_u:7.50 mse_v:0.77 psnr_avg:27.20 psnr_y:25.49 psnr_u:39.38 psnr_v:49.27 
n:1258 mse_avg:110.00 mse_y:163.22 mse_u:6.43 mse_v:0.66 psnr_avg:27.72 psnr_y:26.00 psnr_u:40.05 psnr_v:49.93 
n:1259 mse_avg:117.86 mse_y:174.57 mse_u:8.08 mse_v:0.77 psnr_avg:27.42 psnr_y:25.71 psnr_u:39.06 psnr_v:49.24 
n:1260 mse_avg:109.58 mse_y:162.55 mse_u:6.62 mse_v:0.68 psnr_avg:27.73 psnr_y:26.02 psnr_u:39.92 psnr_v:49.82 
n:1261 mse_avg:134.93 mse_y:200.20 mse_u:7.91 mse_v:0.89 psnr_avg:26.83 psnr_y:25.12 psnr_u:39.15 psnr_v:48.64 
n:1262 mse_avg:118.82 mse_y:176.68 mse_u:5.52 mse_v:0.70 psnr_avg:27.38 psnr_y:25.66 psnr_u:40.71 psnr_v:49.68 
n:1263 mse_avg:128.11 mse_y:190.50 mse_u:5.87 mse_v:0.80 psnr_avg:27.05 psnr_y:25.33 psnr_u:40.44 psnr_v:49.11 
n:1264 mse_avg:112.16 mse_y:166.75 mse_u:5.27 mse_v:0.67 psnr_avg:27.63 psnr_y:25.91 psnr_u:40.91 psnr_v:49.87 
n:1265 mse_avg:129.28 mse_y:192.08 mse_u:6.53 mse_v:0.87 psnr_avg:27.02 psnr_y:25.30 psnr_u:39.98 psnr_v:48.74 
n:1266 mse_avg:113.49 mse_y:168.75 mse_u:5.24 mse_v:0.70 psnr_avg:27.58 psnr_y:25.86 psnr_u:40.94 psnr_v:49.65 
n:1267 mse_avg:131.90 mse_y:195.58 mse_u:8.17 mse_v:0.88 psnr_avg:26.93 psnr_y:25.22 psnr_u:39.01 psnr_v:48.68 
n:1268 mse_avg:113.52 mse_y:168.48 mse_u:6.45 mse_v:0.74 psnr_avg:27.58 psnr_y:25.87 psnr_u:40.03 psnr_v:49.42 
n:1269 mse_avg:129.63 mse_y:192.44 mse_u:7.18 mse_v:0.84 psnr_avg:27.00 psnr_y:25.29 psnr_u:39.57 psnr_v:48.91 
n:1270 mse_avg:114.79 mse_y:170.69 mse_u:5.27 mse_v:0.74 psnr_avg:27.53 psnr_y:25.81 psnr_u:40.92 psnr_v:49.44 
n:1271 mse_avg:132.02 mse_y:196.21 mse_u:6.54 mse_v:0.77 psnr_avg:26.92 psnr_y:25.20 psnr_u:39.98 psnr_v:49.24 
n:1272 mse_avg:119.21 mse_y:177.19 mse_u:5.81 mse_v:0.70 psnr_avg:27.37 psnr_y:25.65 psnr_u:40.49 psnr_v:49.69 
n:1273 mse_avg:142.69 mse_y:212.09 mse_u:6.86 mse_v:0.93 psnr_avg:26.59 psnr_y:24.87 psnr_u:39.77 psnr_v:48.47 
n:1274 mse_avg:128.19 mse_y:190.71 mse_u:5.62 mse_v:0.71 psnr_avg:27.05 psnr_y:25.33 psnr_u:40.63 psnr_v:49.62 
n:1275 mse_avg:146.23 mse_y:217.36 mse_u:7.12 mse_v:0.83 psnr_avg:26.48 psnr_y:24.76 psnr_u:39.61 psnr_v:48.94 
n:1276 mse_avg:131.08 mse_y:194.80 mse_u:6.50 mse_v:0.77 psnr_avg:26.96 psnr_y:25.23 psnr_u:40.00 psnr_v:49.26 
n:1277 mse_avg:147.17 mse_y:218.66 mse_u:7.47 mse_v:0.86 psnr_avg:26.45 psnr_y:24.73 psnr_u:39.39 psnr_v:48.79 
n:1278 mse_avg:133.50 mse_y:198.40 mse_u:6.68 mse_v:0.76 psnr_avg:26.88 psnr_y:25.16 psnr_u:39.88 psnr_v:49.35 
n:1279 mse_avg:138.11 mse_y:204.98 mse_u:7.83 mse_v:0.91 psnr_avg:26.73 psnr_y:25.01 psnr_u:39.19 psnr_v:48.53 
n:1280 mse_avg:126.08 mse_y:187.22 mse_u:6.79 mse_v:0.79 psnr_avg:27.12 psnr_y:25.41 psnr_u:39.81 psnr_v:49.14 
n:1281 mse_avg:143.01 mse_y:212.21 mse_u:8.27 mse_v:0.94 psnr_avg:26.58 psnr_y:24.86 psnr_u:38.95 psnr_v:48.42 
n:1282 mse_avg:120.01 mse_y:178.09 mse_u:6.96 mse_v:0.76 psnr_avg:27.34 psnr_y:25.62 psnr_u:39.70 psnr_v:49.29 
n:1283 mse_avg:139.20 mse_y:206.78 mse_u:7.17 mse_v:0.86 psnr_avg:26.69 psnr_y:24.98 psnr_u:39.57 psnr_v:48.80 
n:1284 mse_avg:120.23 mse_y:178.71 mse_u:5.90 mse_v:0.65 psnr_avg:27.33 psnr_y:25.61 psnr_u:40.42 psnr_v:50.01 
n:1285 mse_avg:144.27 mse_y:214.31 mse_u:7.58 mse_v:0.81 psnr_avg:26.54 psnr_y:24.82 psnr_u:39.33 psnr_v:49.07 
n:1286 mse_avg:120.78 mse_y:179.59 mse_u:5.67 mse_v:0.67 psnr_avg:27.31 psnr_y:25.59 psnr_u:40.59 psnr_v:49.87 
n:1287 mse_avg:129.48 mse_y:192.46 mse_u:6.35 mse_v:0.69 psnr_avg:27.01 psnr_y:25.29 psnr_u:40.11 psnr_v:49.75 
n:1288 mse_avg:112.50 mse_y:167.08 mse_u:5.99 mse_v:0.67 psnr_avg:27.62 psnr_y:25.90 psnr_u:40.36 psnr_v:49.84 
n:1289 mse_avg:131.34 mse_y:195.01 mse_u:7.13 mse_v:0.87 psnr_avg:26.95 psnr_y:25.23 psnr_u:39.60 psnr_v:48.72 
n:1290 mse_avg:111.08 mse_y:165.06 mse_u:5.46 mse_v:0.81 psnr_avg:27.67 psnr_y:25.95 psnr_u:40.76 psnr_v:49.04 
n:1291 mse_avg:124.09 mse_y:184.54 mse_u:5.58 mse_v:0.76 psnr_avg:27.19 psnr_y:25.47 psnr_u:40.66 psnr_v:49.32 
n:1292 mse_avg:110.74 mse_y:164.63 mse_u:5.22 mse_v:0.71 psnr_avg:27.69 psnr_y:25.97 psnr_u:40.95 psnr_v:49.64 
n:1293 mse_avg:125.15 mse_y:185.86 mse_u:6.48 mse_v:0.99 psnr_avg:27.16 psnr_y:25.44 psnr_u:40.02 psnr_v:48.16 
n:1294 mse_avg:115.15 mse_y:171.20 mse_u:5.33 mse_v:0.77 psnr_avg:27.52 psnr_y:25.80 psnr_u:40.86 psnr_v:49.25 
n:1295 mse_avg:126.44 mse_y:187.93 mse_u:6.06 mse_v:0.85 psnr_avg:27.11 psnr_y:25.39 psnr_u:40.30 psnr_v:48.82 
n:1296 mse_avg:110.19 mse_y:163.77 mse_u:5.32 mse_v:0.72 psnr_avg:27.71 psnr_y:25.99 psnr_u:40.87 psnr_v:49.53 
n:1297 mse_avg:114.78 mse_y:170.28 mse_u:6.76 mse_v:0.78 psnr_avg:27.53 psnr_y:25.82 psnr_u:39.83 psnr_v:49.20 
n:1298 mse_avg:111.17 mse_y:165.19 mse_u:5.55 mse_v:0.73 psnr_avg:27.67 psnr_y:25.95 psnr_u:40.69 psnr_v:49.49 
n:1299 mse_avg:115.10 mse_y:170.98 mse_u:6.02 mse_v:0.65 psnr_avg:27.52 psnr_y:25.80 psnr_u:40.34 psnr_v:50.00 
n:1300 mse_avg:120.50 mse_y:178.95 mse_u:6.30 mse_v:0.87 psnr_avg:27.32 psnr_y:25.60 psnr_u:40.13 psnr_v:48.75 
n:1301 mse_avg:111.12 mse_y:165.05 mse_u:5.75 mse_v:0.78 psnr_avg:27.67 psnr_y:25.95 psnr_u:40.53 psnr_v:49.22 
n:1302 mse_avg:126.27 mse_y:187.55 mse_u:6.68 mse_v:0.75 psnr_avg:27.12 psnr_y:25.40 psnr_u:39.88 psnr_v:49.36 
n:1303 mse_avg:111.05 mse_y:164.92 mse_u:5.90 mse_v:0.75 psnr_avg:27.68 psnr_y:25.96 psnr_u:40.42 psnr_v:49.36 
n:1304 mse_avg:122.44 mse_y:181.94 mse_u:6.15 mse_v:0.72 psnr_avg:27.25 psnr_y:25.53 psnr_u:40.24 psnr_v:49.58 
n:1305 mse_avg:110.68 mse_y:164.33 mse_u:5.99 mse_v:0.74 psnr_avg:27.69 psnr_y:25.97 psnr_u:40.36 psnr_v:49.45 
n:1306 mse_avg:2.47 mse_y:3.33 mse_u:1.09 mse_v:0.40 psnr_avg:44.21 psnr_y:42.91 psnr_u:47.77 psnr_v:52.09 
n:1307 mse_avg:2967.73 mse_y:4269.13 mse_u:568.03 mse_v:161.82 psnr_avg:13.41 psnr_y:11.83 psnr_u:20.59 psnr_v:26.04 
n:1308 mse_avg:34.46 mse_y:51.37 mse_u:0.95 mse_v:0.31 psnr_avg:32.76 psnr_y:31.02 psnr_u:48.34 psnr_v:53.27 
n:1309 mse_avg:0.55 mse_y:0.72 mse_u:0.24 mse_v:0.14 psnr_avg:50.76 psnr_y:49.54 psnr_u:54.29 psnr_v:56.72 
n:1310 mse_avg:29.99 mse_y:44.67 mse_u:0.97 mse_v:0.30 psnr_avg:33.36 psnr_y:31.63 psnr_u:48.26 psnr_v:53.34 
n:1311 mse_avg:33.47 mse_y:49.80 mse_u:1.24 mse_v:0.37 psnr_avg:32.88 psnr_y:31.16 psnr_u:47.18 psnr_v:52.42 
n:1312 mse_avg:0.82 mse_y:1.10 mse_u:0.33 mse_v:0.18 psnr_avg:49.00 psnr_y:47.72 psnr_u:52.97 psnr_v:55.60 
n:1313 mse_avg:34.50 mse_y:51.24 mse_u:1.51 mse_v:0.55 psnr_avg:32.75 psnr_y:31.03 psnr_u:46.35 psnr_v:50.72 
n:1314 mse_avg:28.70 mse_y:42.60 mse_u:1.40 mse_v:0.43 psnr_avg:33.55 psnr_y:31.84 psnr_u:46.67 psnr_v:51.84 
n:1315 mse_avg:0.54 mse_y:0.66 mse_u:0.35 mse_v:0.23 psnr_avg:50.84 psnr_y:49.94 psnr_u:52.75 psnr_v:54.56 
n:1316 mse_avg:0.79 mse_y:1.04 mse_u:0.37 mse_v:0.22 psnr_avg:49.14 psnr_y:47.95 psnr_u:52.42 psnr_v:54.74 
n:1317 mse_avg:33.11 mse_y:49.14 mse_u:1.53 mse_v:0.57 psnr_avg:32.93 psnr_y:31.22 psnr_u:46.27 psnr_v:50.58 
n:1318 mse_avg:0.60 mse_y:0.75 mse_u:0.35 mse_v:0.22 psnr_avg:50.37 psnr_y:49.37 psnr_u:52.69 psnr_v:54.64 
n:1319 mse_avg:0.53 mse_y:0.68 mse_u:0.30 mse_v:0.19 psnr_avg:50.87 psnr_y:49.83 psnr_u:53.34 psnr_v:55.30 
n:1320 mse_avg:29.91 mse_y:44.45 mse_u:1.18 mse_v:0.46 psnr_avg:33.37 psnr_y:31.65 psnr_u:47.42 psnr_v:51.46 
n:1321 mse_avg:0.47 mse_y:0.58 mse_u:0.29 mse_v:0.20 psnr_avg:51.43 psnr_y:50.49 psnr_u:53.50 psnr_v:55.17 
n:1322 mse_avg:0.58 mse_y:0.72 mse_u:0.37 mse_v:0.25 psnr_avg:50.48 psnr_y:49.57 psnr_u:52.41 psnr_v:54.23 
n:1323 mse_avg:35.53 mse_y:52.61 mse_u:2.04 mse_v:0.68 psnr_avg:32.63 psnr_y:30.92 psnr_u:45.03 psnr_v:49.82 
n:1324 mse_avg:0.57 mse_y:0.69 mse_u:0.37 mse_v:0.25 psnr_avg:50.60 psnr_y:49.71 psnr_u:52.47 psnr_v:54.18 
n:1325 mse_avg:0.48 mse_y:0.59 mse_u:0.30 mse_v:0.20 psnr_avg:51.32 psnr_y:50.40 psnr_u:53.29 psnr_v:55.05 
n:1326 mse_avg:0.56 mse_y:0.70 mse_u:0.36 mse_v:0.24 psnr_avg:50.62 psnr_y:49.70 psnr_u:52.60 psnr_v:54.41 
n:1327 mse_avg:0.49 mse_y:0.61 mse_u:0.31 mse_v:0.21 psnr_avg:51.19 psnr_y:50.26 psnr_u:53.28 psnr_v:54.96 
n:1328 mse_avg:0.56 mse_y:0.69 mse_u:0.35 mse_v:0.23 psnr_avg:50.67 psnr_y:49.73 psnr_u:52.74 psnr_v:54.57 
n:1329 mse_avg:0.49 mse_y:0.61 mse_u:0.30 mse_v:0.20 psnr_avg:51.23 psnr_y:50.29 psnr_u:53.33 psnr_v:55.04 
n:1330 mse_avg:0.55 mse_y:0.69 mse_u:0.33 mse_v:0.22 psnr_avg:50.69 psnr_y:49.71 psnr_u:52.99 psnr_v:54.64 
n:1331 mse_avg:0.52 mse_y:0.66 mse_u:0.29 mse_v:0.20 psnr_avg:50.96 psnr_y:49.94 psnr_u:53.48 psnr_v:55.10 
n:1332 mse_avg:0.64 mse_y:0.82 mse_u:0.34 mse_v:0.23 psnr_avg:50.07 psnr_y:49.00 psnr_u:52.79 psnr_v:54.57 
n:1333 mse_avg:0.52 mse_y:0.65 mse_u:0.31 mse_v:0.21 psnr_avg:50.99 psnr_y:50.01 psnr_u:53.26 psnr_v:55.00 
n:1334 mse_avg:0.68 mse_y:0.87 mse_u:0.38 mse_v:0.25 psnr_avg:49.79 psnr_y:48.76 psnr_u:52.29 psnr_v:54.23 
n:1335 mse_avg:1.35 mse_y:1.78 mse_u:0.65 mse_v:0.34 psnr_avg:46.82 psnr_y:45.62 psnr_u:50.00 psnr_v:52.85 
n:1336 mse_avg:0.86 mse_y:1.11 mse_u:0.45 mse_v:0.26 psnr_avg:48.80 psnr_y:47.69 psnr_u:51.57 psnr_v:53.95 
n:1337 mse_avg:1.23 mse_y:1.65 mse_u:0.52 mse_v:0.27 psnr_avg:47.23 psnr_y:45.96 psnr_u:51.00 psnr_v:53.77 
n:1338 mse_avg:0.54 mse_y:0.66 mse_u:0.35 mse_v:0.24 psnr_avg:50.84 psnr_y:49.95 psnr_u:52.75 psnr_v:54.38 
n:1339 mse_avg:1.15 mse_y:1.55 mse_u:0.43 mse_v:0.26 psnr_avg:47.53 psnr_y:46.23 psnr_u:51.79 psnr_v:54.04 
n:1340 mse_avg:0.84 mse_y:1.11 mse_u:0.34 mse_v:0.23 psnr_avg:48.91 psnr_y:47.67 psnr_u:52.80 psnr_v:54.58 
n:1341 mse_avg:1.17 mse_y:1.59 mse_u:0.40 mse_v:0.25 psnr_avg:47.45 psnr_y:46.12 psnr_u:52.09 psnr_v:54.11 
n:1342 mse_avg:0.67 mse_y:0.84 mse_u:0.38 mse_v:0.25 psnr_avg:49.90 psnr_y:48.89 psnr_u:52.28 psnr_v:54.12 
n:1343 mse_avg:0.59 mse_y:0.75 mse_u:0.31 mse_v:0.21 psnr_avg:50.42 psnr_y:49.35 psnr_u:53.26 psnr_v:54.88 
n:1344 mse_avg:0.64 mse_y:0.81 mse_u:0.36 mse_v:0.24 psnr_avg:50.05 psnr_y:49.02 psnr_u:52.52 psnr_v:54.37 
n:1345 mse_avg:0.58 mse_y:0.74 mse_u:0.30 mse_v:0.21 psnr_avg:50.53 psnr_y:49.46 psnr_u:53.39 psnr_v:54.87 
n:1346 mse_avg:0.81 mse_y:1.05 mse_u:0.36 mse_v:0.25 psnr_avg:49.07 psnr_y:47.90 psnr_u:52.52 psnr_v:54.12 
n:1347 mse_avg:0.59 mse_y:0.76 mse_u:0.30 mse_v:0.22 psnr_avg:50.42 psnr_y:49.35 psnr_u:53.36 psnr_v:54.66 
n:1348 mse_avg:0.67 mse_y:0.84 mse_u:0.38 mse_v:0.27 psnr_avg:49.87 psnr_y:48.88 psnr_u:52.33 psnr_v:53.76 
n:1349 mse_avg:0.55 mse_y:0.70 mse_u:0.29 mse_v:0.22 psnr_avg:50.70 psnr_y:49.67 psnr_u:53.45 psnr_v:54.61 
n:1350 mse_avg:0.64 mse_y:0.81 mse_u:0.36 mse_v:0.26 psnr_avg:50.04 psnr_y:49.02 psnr_u:52.62 psnr_v:54.05 
n:1351 mse_avg:0.59 mse_y:0.76 mse_u:0.29 mse_v:0.23 psnr_avg:50.42 psnr_y:49.35 psnr_u:53.44 psnr_v:54.61 
n:1352 mse_avg:0.79 mse_y:1.03 mse_u:0.36 mse_v:0.26 psnr_avg:49.16 psnr_y:48.00 psnr_u:52.63 psnr_v:54.00 
n:1353 mse_avg:0.54 mse_y:0.68 mse_u:0.30 mse_v:0.23 psnr_avg:50.82 psnr_y:49.83 psnr_u:53.40 psnr_v:54.51 
n:1354 mse_avg:0.66 mse_y:0.83 mse_u:0.38 mse_v:0.29 psnr_avg:49.91 psnr_y:48.95 psnr_u:52.32 psnr_v:53.55 
n:1355 mse_avg:0.60 mse_y:0.77 mse_u:0.30 mse_v:0.24 psnr_avg:50.34 psnr_y:49.29 psnr_u:53.30 psnr_v:54.26 
n:1356 mse_avg:0.79 mse_y:1.03 mse_u:0.36 mse_v:0.27 psnr_avg:49.14 psnr_y:48.00 psnr_u:52.53 psnr_v:53.84 
n:1357 mse_avg:0.57 mse_y:0.72 mse_u:0.30 mse_v:0.24 psnr_avg:50.58 psnr_y:49.57 psnr_u:53.34 psnr_v:54.32 
n:1358 mse_avg:0.67 mse_y:0.84 mse_u:0.37 mse_v:0.29 psnr_avg:49.85 psnr_y:48.87 psnr_u:52.41 psnr_v:53.52 
n:1359 mse_avg:0.64 mse_y:0.82 mse_u:0.33 mse_v:0.25 psnr_avg:50.06 psnr_y:49.00 psnr_u:53.00 psnr_v:54.18 
n:1360 mse_avg:0.79 mse_y:1.02 mse_u:0.37 mse_v:0.28 psnr_avg:49.17 psnr_y:48.05 psnr_u:52.39 psnr_v:53.71 
n:1361 mse_avg:0.59 mse_y:0.73 mse_u:0.33 mse_v:0.26 psnr_avg:50.45 psnr_y:49.48 psnr_u:52.98 psnr_v:54.06 
n:1362 mse_avg:0.67 mse_y:0.83 mse_u:0.38 mse_v:0.29 psnr_avg:49.88 psnr_y:48.93 psnr_u:52.29 psnr_v:53.44 
n:1363 mse_avg:0.67 mse_y:0.85 mse_u:0.33 mse_v:0.25 psnr_avg:49.90 psnr_y:48.82 psnr_u:52.95 psnr_v:54.09 
n:1364 mse_avg:0.80 mse_y:1.04 mse_u:0.37 mse_v:0.28 psnr_avg:49.08 psnr_y:47.95 psnr_u:52.43 psnr_v:53.61 
n:1365 mse_avg:0.61 mse_y:0.77 mse_u:0.31 mse_v:0.25 psnr_avg:50.30 psnr_y:49.26 psnr_u:53.17 psnr_v:54.16 
n:1366 mse_avg:0.67 mse_y:0.83 mse_u:0.38 mse_v:0.30 psnr_avg:49.88 psnr_y:48.93 psnr_u:52.31 psnr_v:53.41 
n:1367 mse_avg:0.69 mse_y:0.88 mse_u:0.32 mse_v:0.25 psnr_avg:49.77 psnr_y:48.67 psnr_u:53.04 psnr_v:54.11 
n:1368 mse_avg:0.79 mse_y:1.03 mse_u:0.37 mse_v:0.28 psnr_avg:49.14 psnr_y:48.02 psnr_u:52.45 psnr_v:53.66 
n:1369 mse_avg:0.59 mse_y:0.74 mse_u:0.33 mse_v:0.25 psnr_avg:50.42 psnr_y:49.43 psnr_u:53.01 psnr_v:54.08 
n:1370 mse_avg:0.67 mse_y:0.84 mse_u:0.39 mse_v:0.30 psnr_avg:49.86 psnr_y:48.91 psnr_u:52.27 psnr_v:53.37 
n:1371 mse_avg:0.70 mse_y:0.90 mse_u:0.32 mse_v:0.25 psnr_avg:49.71 psnr_y:48.60 psnr_u:53.04 psnr_v:54.08 
n:1372 mse_avg:0.79 mse_y:1.03 mse_u:0.37 mse_v:0.27 psnr_avg:49.13 psnr_y:47.99 psnr_u:52.49 psnr_v:53.79 
n:1373 mse_avg:0.62 mse_y:0.79 mse_u:0.31 mse_v:0.25 psnr_avg:50.21 psnr_y:49.17 psnr_u:53.17 psnr_v:54.11 
n:1374 mse_avg:0.67 mse_y:0.84 mse_u:0.37 mse_v:0.29 psnr_avg:49.87 psnr_y:48.90 psnr_u:52.41 psnr_v:53.46 
n:1375 mse_avg:0.67 mse_y:0.87 mse_u:0.31 mse_v:0.25 psnr_avg:49.86 psnr_y:48.75 psnr_u:53.24 psnr_v:54.10 
n:1376 mse_avg:0.80 mse_y:1.03 mse_u:0.36 mse_v:0.28 psnr_avg:49.12 psnr_y:47.99 psnr_u:52.51 psnr_v:53.63 
n:1377 mse_avg:0.64 mse_y:0.82 mse_u:0.31 mse_v:0.25 psnr_avg:50.09 psnr_y:49.01 psnr_u:53.25 psnr_v:54.09 
n:1378 mse_avg:0.68 mse_y:0.86 mse_u:0.37 mse_v:0.29 psnr_avg:49.79 psnr_y:48.80 psnr_u:52.44 psnr_v:53.50 
n:1379 mse_avg:0.57 mse_y:0.71 mse_u:0.31 mse_v:0.26 psnr_avg:50.56 psnr_y:49.59 psnr_u:53.17 psnr_v:53.97 
n:1380 mse_avg:0.64 mse_y:0.80 mse_u:0.35 mse_v:0.28 psnr_avg:50.07 psnr_y:49.08 psnr_u:52.72 psnr_v:53.71 
n:1381 mse_avg:0.60 mse_y:0.76 mse_u:0.29 mse_v:0.25 psnr_avg:50.37 psnr_y:49.31 psnr_u:53.48 psnr_v:54.23 
n:1382 mse_avg:0.63 mse_y:0.79 mse_u:0.34 mse_v:0.27 psnr_avg:50.17 psnr_y:49.17 psnr_u:52.85 psnr_v:53.89 
n:1383 mse_avg:0.60 mse_y:0.77 mse_u:0.30 mse_v:0.24 psnr_avg:50.32 psnr_y:49.27 psnr_u:53.41 psnr_v:54.25 
n:1384 mse_avg:0.62 mse_y:0.78 mse_u:0.34 mse_v:0.26 psnr_avg:50.19 psnr_y:49.19 psnr_u:52.86 psnr_v:53.91 
n:1385 mse_avg:0.60 mse_y:0.76 mse_u:0.29 mse_v:0.24 psnr_avg:50.37 psnr_y:49.31 psnr_u:53.44 psnr_v:54.34 
n:1386 mse_avg:0.60 mse_y:0.76 mse_u:0.32 mse_v:0.26 psnr_avg:50.33 psnr_y:49.33 psnr_u:53.02 psnr_v:54.02 
n:1387 mse_avg:0.55 mse_y:0.69 mse_u:0.29 mse_v:0.24 psnr_avg:50.75 psnr_y:49.76 psnr_u:53.51 psnr_v:54.32 
n:1388 mse_avg:0.60 mse_y:0.75 mse_u:0.32 mse_v:0.25 psnr_avg:50.37 psnr_y:49.36 psnr_u:53.14 psnr_v:54.11 
n:1389 mse_avg:0.69 mse_y:0.91 mse_u:0.30 mse_v:0.24 psnr_avg:49.71 psnr_y:48.56 psnr_u:53.34 psnr_v:54.31 
n:1390 mse_avg:0.74 mse_y:0.96 mse_u:0.33 mse_v:0.26 psnr_avg:49.45 psnr_y:48.30 psnr_u:53.01 psnr_v:54.01 
n:1391 mse_avg:0.58 mse_y:0.73 mse_u:0.30 mse_v:0.24 psnr_avg:50.51 psnr_y:49.48 psnr_u:53.42 psnr_v:54.29 
n:1392 mse_avg:0.64 mse_y:0.81 mse_u:0.35 mse_v:0.27 psnr_avg:50.06 psnr_y:49.07 psnr_u:52.64 psnr_v:53.81 
n:1393 mse_avg:0.63 mse_y:0.80 mse_u:0.31 mse_v:0.26 psnr_avg:50.17 psnr_y:49.12 psnr_u:53.16 psnr_v:54.04 
n:1394 mse_avg:0.75 mse_y:0.96 mse_u:0.36 mse_v:0.28 psnr_avg:49.41 psnr_y:48.31 psnr_u:52.58 psnr_v:53.69 
n:1395 mse_avg:0.84 mse_y:1.11 mse_u:0.35 mse_v:0.27 psnr_avg:48.87 psnr_y:47.68 psnr_u:52.75 psnr_v:53.78 
n:1396 mse_avg:0.63 mse_y:0.78 mse_u:0.36 mse_v:0.29 psnr_avg:50.15 psnr_y:49.22 psnr_u:52.54 psnr_v:53.51 
n:1397 mse_avg:1.01 mse_y:1.36 mse_u:0.37 mse_v:0.28 psnr_avg:48.07 psnr_y:46.80 psnr_u:52.46 psnr_v:53.61 
n:1398 mse_avg:0.59 mse_y:0.74 mse_u:0.31 mse_v:0.26 psnr_avg:50.42 psnr_y:49.43 psnr_u:53.17 psnr_v:53.98 
n:1399 mse_avg:0.66 mse_y:0.83 mse_u:0.36 mse_v:0.28 psnr_avg:49.95 psnr_y:48.95 psnr_u:52.63 psnr_v:53.64 
n:1400 mse_avg:0.53 mse_y:0.66 mse_u:0.31 mse_v:0.25 psnr_avg:50.86 psnr_y:49.94 psnr_u:53.22 psnr_v:54.10 
n:1401 mse_avg:0.62 mse_y:0.78 mse_u:0.34 mse_v:0.27 psnr_avg:50.21 psnr_y:49.22 psnr_u:52.86 psnr_v:53.86 
n:1402 mse_avg:0.54 mse_y:0.68 mse_u:0.30 mse_v:0.25 psnr_avg:50.78 psnr_y:49.82 psnr_u:53.32 psnr_v:54.16 
n:1403 mse_avg:0.61 mse_y:0.77 mse_u:0.33 mse_v:0.26 psnr_avg:50.28 psnr_y:49.29 psnr_u:52.93 psnr_v:53.90 
n:1404 mse_avg:0.56 mse_y:0.70 mse_u:0.30 mse_v:0.25 psnr_avg:50.63 psnr_y:49.65 psnr_u:53.32 psnr_v:54.14 
n:1405 mse_avg:0.76 mse_y:0.98 mse_u:0.34 mse_v:0.27 psnr_avg:49.35 psnr_y:48.21 psnr_u:52.82 psnr_v:53.83 
n:1406 mse_avg:0.56 mse_y:0.70 mse_u:0.30 mse_v:0.26 psnr_avg:50.66 psnr_y:49.70 psnr_u:53.30 psnr_v:54.03 
n:1407 mse_avg:0.66 mse_y:0.83 mse_u:0.37 mse_v:0.29 psnr_avg:49.91 psnr_y:48.94 psnr_u:52.42 psnr_v:53.50 
n:1408 mse_avg:0.64 mse_y:0.81 mse_u:0.33 mse_v:0.26 psnr_avg:50.07 psnr_y:49.05 psnr_u:52.92 psnr_v:53.90 
n:1409 mse_avg:0.78 mse_y:1.01 mse_u:0.38 mse_v:0.28 psnr_avg:49.19 psnr_y:48.09 psnr_u:52.38 psnr_v:53.61 
n:1410 mse_avg:0.86 mse_y:1.13 mse_u:0.36 mse_v:0.28 psnr_avg:48.78 psnr_y:47.60 psnr_u:52.54 psnr_v:53.65 
n:1411 mse_avg:0.66 mse_y:0.82 mse_u:0.39 mse_v:0.30 psnr_avg:49.91 psnr_y:48.98 psnr_u:52.17 psnr_v:53.40 
n:1412 mse_avg:1.07 mse_y:1.43 mse_u:0.40 mse_v:0.31 psnr_avg:47.82 psnr_y:46.57 psnr_u:52.13 psnr_v:53.19 
n:1413 mse_avg:0.68 mse_y:0.87 mse_u:0.34 mse_v:0.27 psnr_avg:49.80 psnr_y:48.75 psnr_u:52.77 psnr_v:53.76 
n:1414 mse_avg:0.71 mse_y:0.88 mse_u:0.40 mse_v:0.31 psnr_avg:49.64 psnr_y:48.68 psnr_u:52.10 psnr_v:53.22 
n:1415 mse_avg:0.64 mse_y:0.80 mse_u:0.33 mse_v:0.28 psnr_avg:50.09 psnr_y:49.10 psnr_u:52.90 psnr_v:53.64 
n:1416 mse_avg:0.66 mse_y:0.83 mse_u:0.38 mse_v:0.30 psnr_avg:49.91 psnr_y:48.95 psnr_u:52.33 psnr_v:53.40 
n:1417 mse_avg:0.63 mse_y:0.80 mse_u:0.35 mse_v:0.28 psnr_avg:50.10 psnr_y:49.12 psnr_u:52.72 psnr_v:53.69 
n:1418 mse_avg:0.66 mse_y:0.81 mse_u:0.38 mse_v:0.29 psnr_avg:49.97 psnr_y:49.02 psnr_u:52.34 psnr_v:53.46 
n:1419 mse_avg:0.64 mse_y:0.80 mse_u:0.36 mse_v:0.28 psnr_avg:50.07 psnr_y:49.09 psnr_u:52.56 psnr_v:53.74 
n:1420 mse_avg:0.62 mse_y:0.78 mse_u:0.34 mse_v:0.27 psnr_avg:50.20 psnr_y:49.21 psnr_u:52.85 psnr_v:53.84 
n:1421 mse_avg:0.65 mse_y:0.81 mse_u:0.37 mse_v:0.30 psnr_avg:50.02 psnr_y:49.07 psnr_u:52.49 psnr_v:53.41 
n:1422 mse_avg:0.57 mse_y:0.70 mse_u:0.33 mse_v:0.27 psnr_avg:50.58 psnr_y:49.67 psnr_u:52.92 psnr_v:53.77 
n:1423 mse_avg:0.65 mse_y:0.80 mse_u:0.36 mse_v:0.29 psnr_avg:50.03 psnr_y:49.07 psnr_u:52.52 psnr_v:53.53 
n:1424 mse_avg:0.72 mse_y:0.94 mse_u:0.34 mse_v:0.27 psnr_avg:49.53 psnr_y:48.42 psnr_u:52.85 psnr_v:53.83 
n:1425 mse_avg:0.84 mse_y:1.08 mse_u:0.38 mse_v:0.30 psnr_avg:48.91 psnr_y:47.78 psnr_u:52.29 psnr_v:53.41 
n:1426 mse_avg:0.61 mse_y:0.76 mse_u:0.34 mse_v:0.28 psnr_avg:50.30 psnr_y:49.35 psnr_u:52.82 psnr_v:53.73 
n:1427 mse_avg:0.70 mse_y:0.87 mse_u:0.42 mse_v:0.32 psnr_avg:49.66 psnr_y:48.74 psnr_u:51.91 psnr_v:53.12 
n:1428 mse_avg:0.71 mse_y:0.90 mse_u:0.36 mse_v:0.28 psnr_avg:49.63 psnr_y:48.58 psnr_u:52.57 psnr_v:53.61 
n:1429 mse_avg:0.84 mse_y:1.09 mse_u:0.41 mse_v:0.31 psnr_avg:48.87 psnr_y:47.77 psnr_u:51.99 psnr_v:53.27 
n:1430 mse_avg:0.67 mse_y:0.85 mse_u:0.35 mse_v:0.29 psnr_avg:49.85 psnr_y:48.84 psnr_u:52.67 psnr_v:53.57 
n:1431 mse_avg:0.72 mse_y:0.89 mse_u:0.43 mse_v:0.33 psnr_avg:49.57 psnr_y:48.65 psnr_u:51.84 psnr_v:52.98 
n:1432 mse_avg:0.74 mse_y:0.94 mse_u:0.38 mse_v:0.30 psnr_avg:49.43 psnr_y:48.39 psnr_u:52.39 psnr_v:53.36 
n:1433 mse_avg:0.88 mse_y:1.13 mse_u:0.43 mse_v:0.33 psnr_avg:48.70 psnr_y:47.61 psnr_u:51.75 psnr_v:52.97 
n:1434 mse_avg:0.67 mse_y:0.83 mse_u:0.38 mse_v:0.30 psnr_avg:49.88 psnr_y:48.92 psnr_u:52.31 psnr_v:53.39 
n:1435 mse_avg:0.75 mse_y:0.92 mse_u:0.45 mse_v:0.35 psnr_avg:49.40 psnr_y:48.49 psnr_u:51.61 psnr_v:52.72 
n:1436 mse_avg:0.62 mse_y:0.76 mse_u:0.37 mse_v:0.30 psnr_avg:50.22 psnr_y:49.33 psnr_u:52.41 psnr_v:53.36 
n:1437 mse_avg:0.69 mse_y:0.85 mse_u:0.42 mse_v:0.32 psnr_avg:49.76 psnr_y:48.86 psnr_u:51.94 psnr_v:53.12 
n:1438 mse_avg:0.76 mse_y:0.97 mse_u:0.37 mse_v:0.29 psnr_avg:49.35 psnr_y:48.27 psnr_u:52.45 psnr_v:53.45 
n:1439 mse_avg:0.90 mse_y:1.16 mse_u:0.43 mse_v:0.31 psnr_avg:48.60 psnr_y:47.49 psnr_u:51.81 psnr_v:53.18 
n:1440 mse_avg:0.67 mse_y:0.84 mse_u:0.37 mse_v:0.30 psnr_avg:49.87 psnr_y:48.90 psnr_u:52.45 psnr_v:53.42 
n:1441 mse_avg:0.73 mse_y:0.91 mse_u:0.43 mse_v:0.33 psnr_avg:49.49 psnr_y:48.56 psnr_u:51.78 psnr_v:52.94 
n:1442 mse_avg:0.63 mse_y:0.77 mse_u:0.38 mse_v:0.31 psnr_avg:50.16 psnr_y:49.27 psnr_u:52.36 psnr_v:53.26 
n:1443 mse_avg:0.96 mse_y:1.27 mse_u:0.41 mse_v:0.30 psnr_avg:48.29 psnr_y:47.10 psnr_u:51.95 psnr_v:53.41 
n:1444 mse_avg:0.70 mse_y:0.87 mse_u:0.44 mse_v:0.32 psnr_avg:49.66 psnr_y:48.75 psnr_u:51.73 psnr_v:53.13 
n:1445 mse_avg:0.67 mse_y:0.84 mse_u:0.39 mse_v:0.30 psnr_avg:49.86 psnr_y:48.90 psnr_u:52.26 psnr_v:53.41 
n:1446 mse_avg:0.68 mse_y:0.84 mse_u:0.41 mse_v:0.31 psnr_avg:49.81 psnr_y:48.88 psnr_u:52.04 psnr_v:53.26 
n:1447 mse_avg:0.70 mse_y:0.88 mse_u:0.38 mse_v:0.29 psnr_avg:49.68 psnr_y:48.67 psnr_u:52.36 psnr_v:53.46 
n:1448 mse_avg:0.92 mse_y:1.19 mse_u:0.44 mse_v:0.33 psnr_avg:48.49 psnr_y:47.38 psnr_u:51.70 psnr_v:52.94 
n:1449 mse_avg:1.00 mse_y:1.32 mse_u:0.42 mse_v:0.31 psnr_avg:48.11 psnr_y:46.91 psnr_u:51.93 psnr_v:53.17 
n:1450 mse_avg:0.72 mse_y:0.89 mse_u:0.44 mse_v:0.36 psnr_avg:49.53 psnr_y:48.65 psnr_u:51.74 psnr_v:52.59 
n:1451 mse_avg:1.18 mse_y:1.56 mse_u:0.48 mse_v:0.36 psnr_avg:47.42 psnr_y:46.20 psnr_u:51.36 psnr_v:52.63 
n:1452 mse_avg:0.70 mse_y:0.88 mse_u:0.40 mse_v:0.31 psnr_avg:49.66 psnr_y:48.70 psnr_u:52.16 psnr_v:53.16 
n:1453 mse_avg:0.75 mse_y:0.93 mse_u:0.46 mse_v:0.35 psnr_avg:49.35 psnr_y:48.45 psnr_u:51.53 psnr_v:52.64 
n:1454 mse_avg:0.73 mse_y:0.92 mse_u:0.39 mse_v:0.31 psnr_avg:49.50 psnr_y:48.50 psnr_u:52.20 psnr_v:53.22 
n:1455 mse_avg:0.95 mse_y:1.22 mse_u:0.48 mse_v:0.34 psnr_avg:48.36 psnr_y:47.27 psnr_u:51.31 psnr_v:52.78 
n:1456 mse_avg:0.71 mse_y:0.88 mse_u:0.41 mse_v:0.32 psnr_avg:49.63 psnr_y:48.69 psnr_u:52.02 psnr_v:53.10 
n:1457 mse_avg:0.77 mse_y:0.94 mse_u:0.48 mse_v:0.37 psnr_avg:49.26 psnr_y:48.38 psnr_u:51.35 psnr_v:52.46 
n:1458 mse_avg:0.67 mse_y:0.83 mse_u:0.40 mse_v:0.32 psnr_avg:49.86 psnr_y:48.94 psnr_u:52.14 psnr_v:53.13 
n:1459 mse_avg:0.73 mse_y:0.89 mse_u:0.47 mse_v:0.35 psnr_avg:49.50 psnr_y:48.63 psnr_u:51.45 psnr_v:52.68 
n:1460 mse_avg:0.59 mse_y:0.71 mse_u:0.39 mse_v:0.31 psnr_avg:50.45 psnr_y:49.65 psnr_u:52.27 psnr_v:53.23 
n:1461 mse_avg:0.71 mse_y:0.87 mse_u:0.44 mse_v:0.34 psnr_avg:49.62 psnr_y:48.74 psnr_u:51.67 psnr_v:52.84 
n:1462 mse_avg:0.72 mse_y:0.90 mse_u:0.38 mse_v:0.30 psnr_avg:49.58 psnr_y:48.58 psnr_u:52.29 psnr_v:53.36 
n:1463 mse_avg:0.92 mse_y:1.18 mse_u:0.47 mse_v:0.34 psnr_avg:48.49 psnr_y:47.42 psnr_u:51.45 psnr_v:52.80 
n:1464 mse_avg:0.63 mse_y:0.77 mse_u:0.39 mse_v:0.31 psnr_avg:50.14 psnr_y:49.28 psnr_u:52.17 psnr_v:53.19 
n:1465 mse_avg:0.76 mse_y:0.93 mse_u:0.47 mse_v:0.36 psnr_avg:49.32 psnr_y:48.43 psnr_u:51.44 psnr_v:52.61 
n:1466 mse_avg:0.69 mse_y:0.86 mse_u:0.39 mse_v:0.31 psnr_avg:49.75 psnr_y:48.79 psnr_u:52.26 psnr_v:53.22 
n:1467 mse_avg:0.90 mse_y:1.14 mse_u:0.46 mse_v:0.34 psnr_avg:48.60 psnr_y:47.55 psnr_u:51.46 psnr_v:52.79 
n:1468 mse_avg:0.62 mse_y:0.75 mse_u:0.39 mse_v:0.32 psnr_avg:50.23 psnr_y:49.40 psnr_u:52.19 psnr_v:53.04 
n:1469 mse_avg:0.77 mse_y:0.95 mse_u:0.47 mse_v:0.37 psnr_avg:49.25 psnr_y:48.36 psnr_u:51.43 psnr_v:52.41 
n:1470 mse_avg:0.70 mse_y:0.87 mse_u:0.39 mse_v:0.31 psnr_avg:49.70 psnr_y:48.73 psnr_u:52.26 psnr_v:53.19 
n:1471 mse_avg:0.91 mse_y:1.16 mse_u:0.48 mse_v:0.34 psnr_avg:48.55 psnr_y:47.50 psnr_u:51.29 psnr_v:52.84 
n:1472 mse_avg:0.64 mse_y:0.79 mse_u:0.40 mse_v:0.30 psnr_avg:50.04 psnr_y:49.14 psnr_u:52.16 psnr_v:53.32 
n:1473 mse_avg:0.80 mse_y:0.98 mse_u:0.49 mse_v:0.36 psnr_avg:49.12 psnr_y:48.21 psnr_u:51.24 psnr_v:52.55 
n:1474 mse_avg:0.66 mse_y:0.82 mse_u:0.40 mse_v:0.31 psnr_avg:49.91 psnr_y:49.00 psnr_u:52.12 psnr_v:53.27 
n:1475 mse_avg:0.73 mse_y:0.90 mse_u:0.44 mse_v:0.34 psnr_avg:49.50 psnr_y:48.59 psnr_u:51.67 psnr_v:52.83 
n:1476 mse_avg:0.66 mse_y:0.83 mse_u:0.37 mse_v:0.29 psnr_avg:49.93 psnr_y:48.96 psnr_u:52.44 psnr_v:53.50 
n:1477 mse_avg:0.71 mse_y:0.87 mse_u:0.43 mse_v:0.32 psnr_avg:49.64 psnr_y:48.73 psnr_u:51.77 psnr_v:53.07 
n:1478 mse_avg:0.64 mse_y:0.80 mse_u:0.36 mse_v:0.28 psnr_avg:50.06 psnr_y:49.08 psnr_u:52.58 psnr_v:53.68 
n:1479 mse_avg:0.68 mse_y:0.83 mse_u:0.42 mse_v:0.31 psnr_avg:49.82 psnr_y:48.92 psnr_u:51.87 psnr_v:53.25 
n:1480 mse_avg:0.58 mse_y:0.71 mse_u:0.35 mse_v:0.27 psnr_avg:50.50 psnr_y:49.59 psnr_u:52.75 psnr_v:53.79 
n:1481 mse_avg:0.67 mse_y:0.83 mse_u:0.40 mse_v:0.30 psnr_avg:49.89 psnr_y:48.96 psnr_u:52.08 psnr_v:53.34 
n:1482 mse_avg:0.73 mse_y:0.94 mse_u:0.36 mse_v:0.28 psnr_avg:49.49 psnr_y:48.42 psnr_u:52.56 psnr_v:53.69 
n:1483 mse_avg:0.87 mse_y:1.12 mse_u:0.43 mse_v:0.31 psnr_avg:48.73 psnr_y:47.63 psnr_u:51.83 psnr_v:53.16 
n:1484 mse_avg:0.60 mse_y:0.74 mse_u:0.36 mse_v:0.28 psnr_avg:50.34 psnr_y:49.42 psnr_u:52.60 psnr_v:53.61 
n:1485 mse_avg:0.72 mse_y:0.89 mse_u:0.44 mse_v:0.34 psnr_avg:49.53 psnr_y:48.63 psnr_u:51.66 psnr_v:52.87 
n:1486 mse_avg:0.68 mse_y:0.86 mse_u:0.37 mse_v:0.29 psnr_avg:49.80 psnr_y:48.80 psnr_u:52.46 psnr_v:53.58 
n:1487 mse_avg:0.83 mse_y:1.06 mse_u:0.43 mse_v:0.32 psnr_avg:48.92 psnr_y:47.86 psnr_u:51.79 psnr_v:53.15 
n:1488 mse_avg:0.65 mse_y:0.82 mse_u:0.36 mse_v:0.29 psnr_avg:49.99 psnr_y:49.02 psnr_u:52.57 psnr_v:53.55 
n:1489 mse_avg:0.73 mse_y:0.90 mse_u:0.44 mse_v:0.33 psnr_avg:49.52 psnr_y:48.60 psnr_u:51.73 psnr_v:52.89 
n:1490 mse_avg:0.61 mse_y:0.75 mse_u:0.37 mse_v:0.29 psnr_avg:50.26 psnr_y:49.36 psnr_u:52.46 psnr_v:53.43 
n:1491 mse_avg:0.67 mse_y:0.83 mse_u:0.40 mse_v:0.31 psnr_avg:49.87 psnr_y:48.95 psnr_u:52.14 psnr_v:53.23 
n:1492 mse_avg:0.53 mse_y:0.65 mse_u:0.33 mse_v:0.28 psnr_avg:50.88 psnr_y:50.03 psnr_u:52.92 psnr_v:53.73 
n:1493 mse_avg:0.64 mse_y:0.79 mse_u:0.38 mse_v:0.30 psnr_avg:50.07 psnr_y:49.17 psnr_u:52.29 psnr_v:53.33 
n:1494 mse_avg:0.72 mse_y:0.92 mse_u:0.35 mse_v:0.28 psnr_avg:49.58 psnr_y:48.51 psnr_u:52.63 psnr_v:53.70 
n:1495 mse_avg:0.78 mse_y:1.00 mse_u:0.40 mse_v:0.31 psnr_avg:49.20 psnr_y:48.15 psnr_u:52.09 psnr_v:53.23 
n:1496 mse_avg:0.58 mse_y:0.72 mse_u:0.34 mse_v:0.27 psnr_avg:50.48 psnr_y:49.56 psnr_u:52.82 psnr_v:53.75 
n:1497 mse_avg:0.69 mse_y:0.86 mse_u:0.41 mse_v:0.32 psnr_avg:49.72 psnr_y:48.80 psnr_u:51.97 psnr_v:53.14 
n:1498 mse_avg:0.64 mse_y:0.80 mse_u:0.35 mse_v:0.28 psnr_avg:50.09 psnr_y:49.12 psnr_u:52.70 psnr_v:53.62 
n:1499 mse_avg:0.77 mse_y:0.99 mse_u:0.40 mse_v:0.30 psnr_avg:49.24 psnr_y:48.19 psnr_u:52.07 psnr_v:53.35 
n:1500 mse_avg:35.44 mse_y:52.81 mse_u:0.91 mse_v:0.49 psnr_avg:32.64 psnr_y:30.90 psnr_u:48.52 psnr_v:51.19 
n:1501 mse_avg:31.04 mse_y:46.27 mse_u:0.71 mse_v:0.44 psnr_avg:33.21 psnr_y:31.48 psnr_u:49.62 psnr_v:51.69 
n:1502 mse_avg:31.84 mse_y:47.41 mse_u:0.94 mse_v:0.47 psnr_avg:33.10 psnr_y:31.37 psnr_u:48.40 psnr_v:51.43 
n:1503 mse_avg:64.78 mse_y:94.09 mse_u:8.32 mse_v:3.98 psnr_avg:30.02 psnr_y:28.40 psnr_u:38.93 psnr_v:42.13 
n:1504 mse_avg:38.14 mse_y:56.77 mse_u:1.14 mse_v:0.60 psnr_avg:32.32 psnr_y:30.59 psnr_u:47.56 psnr_v:50.38 
n:1505 mse_avg:36.01 mse_y:53.64 mse_u:0.96 mse_v:0.55 psnr_avg:32.57 psnr_y:30.84 psnr_u:48.29 psnr_v:50.75 
n:1506 mse_avg:37.52 mse_y:55.86 mse_u:1.09 mse_v:0.58 psnr_avg:32.39 psnr_y:30.66 psnr_u:47.77 psnr_v:50.50 
n:1507 mse_avg:35.39 mse_y:52.69 mse_u:1.01 mse_v:0.52 psnr_avg:32.64 psnr_y:30.91 psnr_u:48.09 psnr_v:50.94 
n:1508 mse_avg:34.19 mse_y:50.95 mse_u:0.85 mse_v:0.50 psnr_avg:32.79 psnr_y:31.06 psnr_u:48.86 psnr_v:51.17 
n:1509 mse_avg:34.38 mse_y:51.24 mse_u:0.87 mse_v:0.46 psnr_avg:32.77 psnr_y:31.03 psnr_u:48.72 psnr_v:51.53 
n:1510 mse_avg:32.78 mse_y:48.82 mse_u:0.91 mse_v:0.51 psnr_avg:32.97 psnr_y:31.25 psnr_u:48.56 psnr_v:51.06 
n:1511 mse_avg:31.56 mse_y:46.99 mse_u:0.92 mse_v:0.48 psnr_avg:33.14 psnr_y:31.41 psnr_u:48.51 psnr_v:51.33 
n:1512 mse_avg:32.23 mse_y:47.99 mse_u:0.91 mse_v:0.53 psnr_avg:33.05 psnr_y:31.32 psnr_u:48.54 psnr_v:50.85 
n:1513 mse_avg:32.68 mse_y:48.68 mse_u:0.88 mse_v:0.48 psnr_avg:32.99 psnr_y:31.26 psnr_u:48.68 psnr_v:51.32 
n:1514 mse_avg:29.50 mse_y:43.91 mse_u:0.89 mse_v:0.48 psnr_avg:33.43 psnr_y:31.71 psnr_u:48.64 psnr_v:51.30 
n:1515 mse_avg:30.72 mse_y:45.73 mse_u:0.93 mse_v:0.48 psnr_avg:33.26 psnr_y:31.53 psnr_u:48.47 psnr_v:51.33 
n:1516 mse_avg:30.04 mse_y:44.73 mse_u:0.85 mse_v:0.47 psnr_avg:33.35 psnr_y:31.62 psnr_u:48.86 psnr_v:51.41 
n:1517 mse_avg:28.32 mse_y:42.17 mse_u:0.81 mse_v:0.44 psnr_avg:33.61 psnr_y:31.88 psnr_u:49.02 psnr_v:51.69 
n:1518 mse_avg:29.41 mse_y:43.78 mse_u:0.86 mse_v:0.50 psnr_avg:33.45 psnr_y:31.72 psnr_u:48.78 psnr_v:51.18 
n:1519 mse_avg:28.49 mse_y:42.39 mse_u:0.91 mse_v:0.45 psnr_avg:33.58 psnr_y:31.86 psnr_u:48.56 psnr_v:51.56 
n:1520 mse_avg:27.47 mse_y:40.92 mse_u:0.74 mse_v:0.44 psnr_avg:33.74 psnr_y:32.01 psnr_u:49.45 psnr_v:51.67 
n:1521 mse_avg:25.27 mse_y:37.62 mse_u:0.68 mse_v:0.42 psnr_avg:34.11 psnr_y:32.38 psnr_u:49.80 psnr_v:51.89 
n:1522 mse_avg:24.34 mse_y:36.23 mse_u:0.70 mse_v:0.42 psnr_avg:34.27 psnr_y:32.54 psnr_u:49.66 psnr_v:51.94 
n:1523 mse_avg:23.06 mse_y:34.30 mse_u:0.74 mse_v:0.43 psnr_avg:34.50 psnr_y:32.78 psnr_u:49.42 psnr_v:51.84 
n:1524 mse_avg:22.28 mse_y:33.13 mse_u:0.73 mse_v:0.47 psnr_avg:34.65 psnr_y:32.93 psnr_u:49.50 psnr_v:51.44 
n:1525 mse_avg:21.90 mse_y:32.58 mse_u:0.67 mse_v:0.40 psnr_avg:34.73 psnr_y:33.00 psnr_u:49.86 psnr_v:52.14 
n:1526 mse_avg:20.28 mse_y:30.17 mse_u:0.66 mse_v:0.38 psnr_avg:35.06 psnr_y:33.34 psnr_u:49.95 psnr_v:52.35 
n:1527 mse_avg:20.75 mse_y:30.85 mse_u:0.67 mse_v:0.39 psnr_avg:34.96 psnr_y:33.24 psnr_u:49.88 psnr_v:52.24 
n:1528 mse_avg:18.05 mse_y:26.82 mse_u:0.66 mse_v:0.37 psnr_avg:35.56 psnr_y:33.85 psnr_u:49.97 psnr_v:52.42 
n:1529 mse_avg:18.83 mse_y:28.01 mse_u:0.58 mse_v:0.35 psnr_avg:35.38 psnr_y:33.66 psnr_u:50.46 psnr_v:52.72 
n:1530 mse_avg:16.95 mse_y:25.23 mse_u:0.48 mse_v:0.32 psnr_avg:35.84 psnr_y:34.11 psnr_u:51.30 psnr_v:53.02 
n:1531 mse_avg:16.54 mse_y:24.59 mse_u:0.54 mse_v:0.33 psnr_avg:35.95 psnr_y:34.22 psnr_u:50.80 psnr_v:52.99 
n:1532 mse_avg:15.16 mse_y:22.53 mse_u:0.48 mse_v:0.33 psnr_avg:36.33 psnr_y:34.60 psnr_u:51.28 psnr_v:52.92 
n:1533 mse_avg:14.49 mse_y:21.52 mse_u:0.55 mse_v:0.32 psnr_avg:36.52 psnr_y:34.80 psnr_u:50.77 psnr_v:53.07 
n:1534 mse_avg:14.10 mse_y:20.95 mse_u:0.50 mse_v:0.33 psnr_avg:36.64 psnr_y:34.92 psnr_u:51.11 psnr_v:52.98 
n:1535 mse_avg:15.13 mse_y:22.51 mse_u:0.47 mse_v:0.30 psnr_avg:36.33 psnr_y:34.61 psnr_u:51.42 psnr_v:53.30 
n:1536 mse_avg:13.69 mse_y:20.35 mse_u:0.44 mse_v:0.31 psnr_avg:36.77 psnr_y:35.05 psnr_u:51.72 psnr_v:53.19 
n:1537 mse_avg:13.69 mse_y:20.33 mse_u:0.57 mse_v:0.30 psnr_avg:36.77 psnr_y:35.05 psnr_u:50.60 psnr_v:53.36 
n:1538 mse_avg:12.44 mse_y:18.48 mse_u:0.41 mse_v:0.30 psnr_avg:37.18 psnr_y:35.46 psnr_u:51.96 psnr_v:53.43 
n:1539 mse_avg:12.32 mse_y:18.28 mse_u:0.49 mse_v:0.29 psnr_avg:37.22 psnr_y:35.51 psnr_u:51.23 psnr_v:53.50 
n:1540 mse_avg:12.92 mse_y:19.18 mse_u:0.52 mse_v:0.30 psnr_avg:37.02 psnr_y:35.30 psnr_u:51.00 psnr_v:53.32 
n:1541 mse_avg:12.59 mse_y:18.67 mse_u:0.53 mse_v:0.30 psnr_avg:37.13 psnr_y:35.42 psnr_u:50.92 psnr_v:53.34 
n:1542 mse_avg:12.32 mse_y:18.29 mse_u:0.46 mse_v:0.31 psnr_avg:37.22 psnr_y:35.51 psnr_u:51.53 psnr_v:53.28 
n:1543 mse_avg:11.48 mse_y:17.04 mse_u:0.47 mse_v:0.29 psnr_avg:37.53 psnr_y:35.82 psnr_u:51.44 psnr_v:53.58 
n:1544 mse_avg:11.86 mse_y:17.60 mse_u:0.45 mse_v:0.31 psnr_avg:37.39 psnr_y:35.67 psnr_u:51.59 psnr_v:53.28 
n:1545 mse_avg:11.87 mse_y:17.63 mse_u:0.43 mse_v:0.29 psnr_avg:37.39 psnr_y:35.67 psnr_u:51.75 psnr_v:53.54 
n:1546 mse_avg:12.38 mse_y:18.39 mse_u:0.42 mse_v:0.30 psnr_avg:37.20 psnr_y:35.49 psnr_u:51.89 psnr_v:53.36 
n:1547 mse_avg:12.98 mse_y:19.27 mse_u:0.53 mse_v:0.30 psnr_avg:37.00 psnr_y:35.28 psnr_u:50.85 psnr_v:53.36 
n:1548 mse_avg:11.79 mse_y:17.49 mse_u:0.50 mse_v:0.29 psnr_avg:37.42 psnr_y:35.70 psnr_u:51.17 psnr_v:53.51 
n:1549 mse_avg:12.15 mse_y:18.04 mse_u:0.45 mse_v:0.30 psnr_avg:37.28 psnr_y:35.57 psnr_u:51.56 psnr_v:53.43 
n:1550 mse_avg:11.77 mse_y:17.48 mse_u:0.43 mse_v:0.29 psnr_avg:37.42 psnr_y:35.71 psnr_u:51.84 psnr_v:53.44 
n:1551 mse_avg:12.52 mse_y:18.58 mse_u:0.50 mse_v:0.31 psnr_avg:37.16 psnr_y:35.44 psnr_u:51.11 psnr_v:53.19 
n:1552 mse_avg:11.75 mse_y:17.43 mse_u:0.47 mse_v:0.30 psnr_avg:37.43 psnr_y:35.72 psnr_u:51.43 psnr_v:53.31 
n:1553 mse_avg:12.30 mse_y:18.25 mse_u:0.52 mse_v:0.29 psnr_avg:37.23 psnr_y:35.52 psnr_u:51.00 psnr_v:53.52 
n:1554 mse_avg:12.13 mse_y:18.01 mse_u:0.46 mse_v:0.29 psnr_avg:37.29 psnr_y:35.58 psnr_u:51.55 psnr_v:53.49 
n:1555 mse_avg:13.09 mse_y:19.41 mse_u:0.58 mse_v:0.33 psnr_avg:36.96 psnr_y:35.25 psnr_u:50.53 psnr_v:52.98 
n:1556 mse_avg:12.28 mse_y:18.24 mse_u:0.45 mse_v:0.29 psnr_avg:37.24 psnr_y:35.52 psnr_u:51.63 psnr_v:53.58 
n:1557 mse_avg:12.01 mse_y:17.82 mse_u:0.51 mse_v:0.30 psnr_avg:37.34 psnr_y:35.62 psnr_u:51.10 psnr_v:53.38 
n:1558 mse_avg:11.22 mse_y:16.66 mse_u:0.41 mse_v:0.24 psnr_avg:37.63 psnr_y:35.91 psnr_u:51.96 psnr_v:54.41 
n:1559 mse_avg:11.49 mse_y:17.06 mse_u:0.43 mse_v:0.29 psnr_avg:37.53 psnr_y:35.81 psnr_u:51.78 psnr_v:53.50 
n:1560 mse_avg:11.71 mse_y:17.39 mse_u:0.42 mse_v:0.25 psnr_avg:37.45 psnr_y:35.73 psnr_u:51.90 psnr_v:54.07 
n:1561 mse_avg:12.12 mse_y:17.99 mse_u:0.48 mse_v:0.27 psnr_avg:37.30 psnr_y:35.58 psnr_u:51.34 psnr_v:53.83 
n:1562 mse_avg:11.47 mse_y:17.04 mse_u:0.42 mse_v:0.27 psnr_avg:37.53 psnr_y:35.82 psnr_u:51.94 psnr_v:53.75 
n:1563 mse_avg:10.84 mse_y:16.08 mse_u:0.43 mse_v:0.27 psnr_avg:37.78 psnr_y:36.07 psnr_u:51.84 psnr_v:53.75 
n:1564 mse_avg:11.53 mse_y:17.11 mse_u:0.45 mse_v:0.27 psnr_avg:37.51 psnr_y:35.80 psnr_u:51.62 psnr_v:53.74 
n:1565 mse_avg:11.17 mse_y:16.56 mse_u:0.46 mse_v:0.32 psnr_avg:37.65 psnr_y:35.94 psnr_u:51.50 psnr_v:53.15 
n:1566 mse_avg:11.30 mse_y:16.74 mse_u:0.49 mse_v:0.31 psnr_avg:37.60 psnr_y:35.89 psnr_u:51.22 psnr_v:53.20 
n:1567 mse_avg:11.49 mse_y:17.04 mse_u:0.48 mse_v:0.29 psnr_avg:37.53 psnr_y:35.82 psnr_u:51.28 psnr_v:53.53 
n:1568 mse_avg:11.10 mse_y:16.46 mse_u:0.49 mse_v:0.28 psnr_avg:37.68 psnr_y:35.97 psnr_u:51.24 psnr_v:53.64 
n:1569 mse_avg:13.02 mse_y:19.33 mse_u:0.51 mse_v:0.29 psnr_avg:36.99 psnr_y:35.27 psnr_u:51.05 psnr_v:53.52 
n:1570 mse_avg:11.48 mse_y:17.05 mse_u:0.43 mse_v:0.25 psnr_avg:37.53 psnr_y:35.81 psnr_u:51.84 psnr_v:54.07 
n:1571 mse_avg:11.28 mse_y:16.72 mse_u:0.49 mse_v:0.29 psnr_avg:37.61 psnr_y:35.90 psnr_u:51.22 psnr_v:53.57 
n:1572 mse_avg:11.15 mse_y:16.53 mse_u:0.48 mse_v:0.27 psnr_avg:37.66 psnr_y:35.95 psnr_u:51.35 psnr_v:53.83 
n:1573 mse_avg:10.20 mse_y:15.12 mse_u:0.44 mse_v:0.27 psnr_avg:38.05 psnr_y:36.34 psnr_u:51.70 psnr_v:53.86 
n:1574 mse_avg:10.42 mse_y:15.44 mse_u:0.47 mse_v:0.30 psnr_avg:37.95 psnr_y:36.25 psnr_u:51.41 psnr_v:53.36 
n:1575 mse_avg:9.89 mse_y:14.66 mse_u:0.43 mse_v:0.28 psnr_avg:38.18 psnr_y:36.47 psnr_u:51.80 psnr_v:53.70 
n:1576 mse_avg:9.59 mse_y:14.22 mse_u:0.39 mse_v:0.24 psnr_avg:38.31 psnr_y:36.60 psnr_u:52.24 psnr_v:54.30 
n:1577 mse_avg:9.74 mse_y:14.44 mse_u:0.42 mse_v:0.26 psnr_avg:38.24 psnr_y:36.53 psnr_u:51.89 psnr_v:53.91 
n:1578 mse_avg:9.30 mse_y:13.80 mse_u:0.37 mse_v:0.24 psnr_avg:38.45 psnr_y:36.73 psnr_u:52.41 psnr_v:54.36 
n:1579 mse_avg:9.88 mse_y:14.65 mse_u:0.39 mse_v:0.25 psnr_avg:38.19 psnr_y:36.47 psnr_u:52.22 psnr_v:54.20 
n:1580 mse_avg:9.54 mse_y:14.15 mse_u:0.39 mse_v:0.24 psnr_avg:38.34 psnr_y:36.62 psnr_u:52.24 psnr_v:54.33 
n:1581 mse_avg:7.76 mse_y:11.48 mse_u:0.37 mse_v:0.25 psnr_avg:39.23 psnr_y:37.53 psnr_u:52.48 psnr_v:54.19 
n:1582 mse_avg:2911.26 mse_y:4181.41 mse_u:565.93 mse_v:176.00 psnr_avg:13.49 psnr_y:11.92 psnr_u:20.60 psnr_v:25.68 
n:1583 mse_avg:202.82 mse_y:301.20 mse_u:10.27 mse_v:1.86 psnr_avg:25.06 psnr_y:23.34 psnr_u:38.01 psnr_v:45.44 
n:1584 mse_avg:175.30 mse_y:260.83 mse_u:7.02 mse_v:1.45 psnr_avg:25.69 psnr_y:23.97 psnr_u:39.67 psnr_v:46.51 
n:1585 mse_avg:172.62 mse_y:257.06 mse_u:6.05 mse_v:1.39 psnr_avg:25.76 psnr_y:24.03 psnr_u:40.31 psnr_v:46.71 
n:1586 mse_avg:172.27 mse_y:256.50 mse_u:6.15 mse_v:1.43 psnr_avg:25.77 psnr_y:24.04 psnr_u:40.24 psnr_v:46.58 
n:1587 mse_avg:178.85 mse_y:266.51 mse_u:5.76 mse_v:1.33 psnr_avg:25.61 psnr_y:23.87 psnr_u:40.53 psnr_v:46.90 
n:1588 mse_avg:173.95 mse_y:259.22 mse_u:5.49 mse_v:1.38 psnr_avg:25.73 psnr_y:23.99 psnr_u:40.74 psnr_v:46.74 
n:1589 mse_avg:172.57 mse_y:257.30 mse_u:4.94 mse_v:1.30 psnr_avg:25.76 psnr_y:24.03 psnr_u:41.19 psnr_v:46.99 
n:1590 mse_avg:166.80 mse_y:248.77 mse_u:4.51 mse_v:1.23 psnr_avg:25.91 psnr_y:24.17 psnr_u:41.59 psnr_v:47.23 
n:1591 mse_avg:161.86 mse_y:241.42 mse_u:4.32 mse_v:1.20 psnr_avg:26.04 psnr_y:24.30 psnr_u:41.78 psnr_v:47.34 
n:1592 mse_avg:155.72 mse_y:232.10 mse_u:4.68 mse_v:1.20 psnr_avg:26.21 psnr_y:24.47 psnr_u:41.43 psnr_v:47.33 
n:1593 mse_avg:148.47 mse_y:221.41 mse_u:4.16 mse_v:1.00 psnr_avg:26.41 psnr_y:24.68 psnr_u:41.93 psnr_v:48.11 
n:1594 mse_avg:153.21 mse_y:228.31 mse_u:4.87 mse_v:1.16 psnr_avg:26.28 psnr_y:24.55 psnr_u:41.25 psnr_v:47.48 
n:1595 mse_avg:134.88 mse_y:200.99 mse_u:4.13 mse_v:1.16 psnr_avg:26.83 psnr_y:25.10 psnr_u:41.98 psnr_v:47.49 
n:1596 mse_avg:139.96 mse_y:208.76 mse_u:3.67 mse_v:1.04 psnr_avg:26.67 psnr_y:24.93 psnr_u:42.48 psnr_v:47.95 
n:1597 mse_avg:137.20 mse_y:204.55 mse_u:3.99 mse_v:1.01 psnr_avg:26.76 psnr_y:25.02 psnr_u:42.12 psnr_v:48.11 
n:1598 mse_avg:141.46 mse_y:210.94 mse_u:4.01 mse_v:1.02 psnr_avg:26.62 psnr_y:24.89 psnr_u:42.10 psnr_v:48.04 
n:1599 mse_avg:145.78 mse_y:217.12 mse_u:4.74 mse_v:1.43 psnr_avg:26.49 psnr_y:24.76 psnr_u:41.37 psnr_v:46.57 
n:1600 mse_avg:150.65 mse_y:224.33 mse_u:5.08 mse_v:1.49 psnr_avg:26.35 psnr_y:24.62 psnr_u:41.07 psnr_v:46.39 
n:1601 mse_avg:156.18 mse_y:232.26 mse_u:6.26 mse_v:1.76 psnr_avg:26.19 psnr_y:24.47 psnr_u:40.16 psnr_v:45.67 
n:1602 mse_avg:159.28 mse_y:237.00 mse_u:5.88 mse_v:1.80 psnr_avg:26.11 psnr_y:24.38 psnr_u:40.44 psnr_v:45.59 
n:1603 mse_avg:157.61 mse_y:234.48 mse_u:6.12 mse_v:1.60 psnr_avg:26.16 psnr_y:24.43 psnr_u:40.26 psnr_v:46.08 
n:1604 mse_avg:152.24 mse_y:226.23 mse_u:6.42 mse_v:2.05 psnr_avg:26.31 psnr_y:24.59 psnr_u:40.05 psnr_v:45.00 
n:1605 mse_avg:169.67 mse_y:252.59 mse_u:5.84 mse_v:1.83 psnr_avg:25.83 psnr_y:24.11 psnr_u:40.47 psnr_v:45.50 
n:1606 mse_avg:164.29 mse_y:244.59 mse_u:5.94 mse_v:1.47 psnr_avg:25.97 psnr_y:24.25 psnr_u:40.39 psnr_v:46.47 
n:1607 mse_avg:172.35 mse_y:256.41 mse_u:6.81 mse_v:1.66 psnr_avg:25.77 psnr_y:24.04 psnr_u:39.80 psnr_v:45.92 
n:1608 mse_avg:167.63 mse_y:249.45 mse_u:6.23 mse_v:1.75 psnr_avg:25.89 psnr_y:24.16 psnr_u:40.18 psnr_v:45.70 
n:1609 mse_avg:168.29 mse_y:250.43 mse_u:6.25 mse_v:1.79 psnr_avg:25.87 psnr_y:24.14 psnr_u:40.17 psnr_v:45.61 
n:1610 mse_avg:161.20 mse_y:239.76 mse_u:6.11 mse_v:2.07 psnr_avg:26.06 psnr_y:24.33 psnr_u:40.27 psnr_v:44.98 
n:1611 mse_avg:164.89 mse_y:245.02 mse_u:7.20 mse_v:2.05 psnr_avg:25.96 psnr_y:24.24 psnr_u:39.56 psnr_v:45.01 
n:1612 mse_avg:163.98 mse_y:243.40 mse_u:8.18 mse_v:2.10 psnr_avg:25.98 psnr_y:24.27 psnr_u:39.00 psnr_v:44.92 
n:1613 mse_avg:171.19 mse_y:253.78 mse_u:9.77 mse_v:2.27 psnr_avg:25.80 psnr_y:24.09 psnr_u:38.23 psnr_v:44.58 
n:1614 mse_avg:174.52 mse_y:258.95 mse_u:9.09 mse_v:2.23 psnr_avg:25.71 psnr_y:24.00 psnr_u:38.54 psnr_v:44.64 
n:1615 mse_avg:183.59 mse_y:272.53 mse_u:9.26 mse_v:2.20 psnr_avg:25.49 psnr_y:23.78 psnr_u:38.47 psnr_v:44.71 
n:1616 mse_avg:176.87 mse_y:262.88 mse_u:8.03 mse_v:1.69 psnr_avg:25.65 psnr_y:23.93 psnr_u:39.08 psnr_v:45.86 
n:1617 mse_avg:178.94 mse_y:265.88 mse_u:8.36 mse_v:1.76 psnr_avg:25.60 psnr_y:23.88 psnr_u:38.91 psnr_v:45.68 
n:1618 mse_avg:168.64 mse_y:250.57 mse_u:7.58 mse_v:2.00 psnr_avg:25.86 psnr_y:24.14 psnr_u:39.34 psnr_v:45.13 
n:1619 mse_avg:166.12 mse_y:247.00 mse_u:6.87 mse_v:1.87 psnr_avg:25.93 psnr_y:24.20 psnr_u:39.76 psnr_v:45.41 
n:1620 mse_avg:153.91 mse_y:229.08 mse_u:5.78 mse_v:1.37 psnr_avg:26.26 psnr_y:24.53 psnr_u:40.51 psnr_v:46.76 
n:1621 mse_avg:158.77 mse_y:236.30 mse_u:6.01 mse_v:1.44 psnr_avg:26.12 psnr_y:24.40 psnr_u:40.34 psnr_v:46.56 
n:1622 mse_avg:150.81 mse_y:224.73 mse_u:4.77 mse_v:1.17 psnr_avg:26.35 psnr_y:24.61 psnr_u:41.35 psnr_v:47.46 
n:1623 mse_avg:146.34 mse_y:217.86 mse_u:5.34 mse_v:1.26 psnr_avg:26.48 psnr_y:24.75 psnr_u:40.85 psnr_v:47.14 
n:1624 mse_avg:139.23 mse_y:207.23 mse_u:5.09 mse_v:1.36 psnr_avg:26.69 psnr_y:24.97 psnr_u:41.06 psnr_v:46.79 
n:1625 mse_avg:139.58 mse_y:207.67 mse_u:5.45 mse_v:1.32 psnr_avg:26.68 psnr_y:24.96 psnr_u:40.77 psnr_v:46.93 
n:1626 mse_avg:135.11 mse_y:201.07 mse_u:4.99 mse_v:1.36 psnr_avg:26.82 psnr_y:25.10 psnr_u:41.15 psnr_v:46.80 
n:1627 mse_avg:140.68 mse_y:209.42 mse_u:5.19 mse_v:1.21 psnr_avg:26.65 psnr_y:24.92 psnr_u:40.98 psnr_v:47.30 
n:1628 mse_avg:136.67 mse_y:203.39 mse_u:5.24 mse_v:1.22 psnr_avg:26.77 psnr_y:25.05 psnr_u:40.93 psnr_v:47.27 
n:1629 mse_avg:135.66 mse_y:201.98 mse_u:4.84 mse_v:1.18 psnr_avg:26.81 psnr_y:25.08 psnr_u:41.28 psnr_v:47.42 
n:1630 mse_avg:136.57 mse_y:203.24 mse_u:5.10 mse_v:1.35 psnr_avg:26.78 psnr_y:25.05 psnr_u:41.06 psnr_v:46.83 
n:1631 mse_avg:141.03 mse_y:209.72 mse_u:5.58 mse_v:1.73 psnr_avg:26.64 psnr_y:24.91 psnr_u:40.66 psnr_v:45.76 
n:1632 mse_avg:139.36 mse_y:207.22 mse_u:5.72 mse_v:1.54 psnr_avg:26.69 psnr_y:24.97 psnr_u:40.56 psnr_v:46.24 
n:1633 mse_avg:143.95 mse_y:214.22 mse_u:5.31 mse_v:1.53 psnr_avg:26.55 psnr_y:24.82 psnr_u:40.88 psnr_v:46.28 
n:1634 mse_avg:141.38 mse_y:210.24 mse_u:5.64 mse_v:1.66 psnr_avg:26.63 psnr_y:24.90 psnr_u:40.62 psnr_v:45.92 
n:1635 mse_avg:150.32 mse_y:223.59 mse_u:5.98 mse_v:1.57 psnr_avg:26.36 psnr_y:24.64 psnr_u:40.36 psnr_v:46.18 
n:1636 mse_avg:146.73 mse_y:218.13 mse_u:6.26 mse_v:1.61 psnr_avg:26.47 psnr_y:24.74 psnr_u:40.17 psnr_v:46.05 
n:1637 mse_avg:152.21 mse_y:226.44 mse_u:5.98 mse_v:1.54 psnr_avg:26.31 psnr_y:24.58 psnr_u:40.36 psnr_v:46.25 
n:1638 mse_avg:153.38 mse_y:228.10 mse_u:6.29 mse_v:1.60 psnr_avg:26.27 psnr_y:24.55 psnr_u:40.15 psnr_v:46.10 
n:1639 mse_avg:155.75 mse_y:231.66 mse_u:6.36 mse_v:1.51 psnr_avg:26.21 psnr_y:24.48 psnr_u:40.09 psnr_v:46.34 
n:1640 mse_avg:152.34 mse_y:226.54 mse_u:6.38 mse_v:1.52 psnr_avg:26.30 psnr_y:24.58 psnr_u:40.08 psnr_v:46.30 
n:1641 mse_avg:151.67 mse_y:225.51 mse_u:6.45 mse_v:1.53 psnr_avg:26.32 psnr_y:24.60 psnr_u:40.03 psnr_v:46.29 
n:1642 mse_avg:153.23 mse_y:227.72 mse_u:6.84 mse_v:1.68 psnr_avg:26.28 psnr_y:24.56 psnr_u:39.78 psnr_v:45.89 
n:1643 mse_avg:153.26 mse_y:227.90 mse_u:6.24 mse_v:1.72 psnr_avg:26.28 psnr_y:24.55 psnr_u:40.18 psnr_v:45.77 
n:1644 mse_avg:150.73 mse_y:224.19 mse_u:5.87 mse_v:1.78 psnr_avg:26.35 psnr_y:24.62 psnr_u:40.45 psnr_v:45.62 
n:1645 mse_avg:150.14 mse_y:223.25 mse_u:6.17 mse_v:1.64 psnr_avg:26.37 psnr_y:24.64 psnr_u:40.23 psnr_v:45.98 
n:1646 mse_avg:0.93 mse_y:1.20 mse_u:0.49 mse_v:0.28 psnr_avg:48.45 psnr_y:47.34 psnr_u:51.24 psnr_v:53.59 
n:1647 mse_avg:165.46 mse_y:245.67 mse_u:8.16 mse_v:1.93 psnr_avg:25.94 psnr_y:24.23 psnr_u:39.02 psnr_v:45.28 
n:1648 mse_avg:178.83 mse_y:265.77 mse_u:8.09 mse_v:1.78 psnr_avg:25.61 psnr_y:23.89 psnr_u:39.05 psnr_v:45.61 
n:1649 mse_avg:0.97 mse_y:1.26 mse_u:0.50 mse_v:0.28 psnr_avg:48.27 psnr_y:47.13 psnr_u:51.15 psnr_v:53.67 
n:1650 mse_avg:182.48 mse_y:271.15 mse_u:8.18 mse_v:2.07 psnr_avg:25.52 psnr_y:23.80 psnr_u:39.00 psnr_v:44.96 
n:1651 mse_avg:181.15 mse_y:269.25 mse_u:8.10 mse_v:1.81 psnr_avg:25.55 psnr_y:23.83 psnr_u:39.05 psnr_v:45.55 
n:1652 mse_avg:0.95 mse_y:1.26 mse_u:0.44 mse_v:0.24 psnr_avg:48.35 psnr_y:47.14 psnr_u:51.74 psnr_v:54.33 
n:1653 mse_avg:169.05 mse_y:251.30 mse_u:7.43 mse_v:1.66 psnr_avg:25.85 psnr_y:24.13 psnr_u:39.42 psnr_v:45.93 
n:1654 mse_avg:157.21 mse_y:233.70 mse_u:6.92 mse_v:1.56 psnr_avg:26.17 psnr_y:24.44 psnr_u:39.73 psnr_v:46.21 
n:1655 mse_avg:0.92 mse_y:1.17 mse_u:0.52 mse_v:0.31 psnr_avg:48.49 psnr_y:47.44 psnr_u:50.99 psnr_v:53.19 
n:1656 mse_avg:0.86 mse_y:1.14 mse_u:0.37 mse_v:0.23 psnr_avg:48.80 psnr_y:47.57 psnr_u:52.46 psnr_v:54.50 
n:1657 mse_avg:137.96 mse_y:205.45 mse_u:4.65 mse_v:1.32 psnr_avg:26.73 psnr_y:25.00 psnr_u:41.46 psnr_v:46.91 
n:1658 mse_avg:0.84 mse_y:1.11 mse_u:0.37 mse_v:0.24 psnr_avg:48.86 psnr_y:47.66 psnr_u:52.42 psnr_v:54.37 
n:1659 mse_avg:0.95 mse_y:1.21 mse_u:0.52 mse_v:0.32 psnr_avg:48.37 psnr_y:47.30 psnr_u:50.97 psnr_v:53.11 
n:1660 mse_avg:123.00 mse_y:183.20 mse_u:4.09 mse_v:1.07 psnr_avg:27.23 psnr_y:25.50 psnr_u:42.01 psnr_v:47.83 
n:1661 mse_avg:1.11 mse_y:1.46 mse_u:0.55 mse_v:0.30 psnr_avg:47.66 psnr_y:46.49 psnr_u:50.70 psnr_v:53.33 
n:1662 mse_avg:0.81 mse_y:1.07 mse_u:0.35 mse_v:0.23 psnr_avg:49.03 psnr_y:47.82 psnr_u:52.65 psnr_v:54.59 
n:1663 mse_avg:116.18 mse_y:173.09 mse_u:3.80 mse_v:0.96 psnr_avg:27.48 psnr_y:25.75 psnr_u:42.34 psnr_v:48.31 
n:1664 mse_avg:0.93 mse_y:1.21 mse_u:0.47 mse_v:0.29 psnr_avg:48.43 psnr_y:47.30 psnr_u:51.41 psnr_v:53.56 
n:1665 mse_avg:1.10 mse_y:1.47 mse_u:0.47 mse_v:0.28 psnr_avg:47.71 psnr_y:46.47 psnr_u:51.40 psnr_v:53.72 
n:1666 mse_avg:1.38 mse_y:1.79 mse_u:0.71 mse_v:0.42 psnr_avg:46.73 psnr_y:45.61 psnr_u:49.64 psnr_v:51.88 
n:1667 mse_avg:0.87 mse_y:1.13 mse_u:0.41 mse_v:0.29 psnr_avg:48.74 psnr_y:47.61 psnr_u:52.00 psnr_v:53.48 
n:1668 mse_avg:0.89 mse_y:1.12 mse_u:0.52 mse_v:0.35 psnr_avg:48.62 psnr_y:47.63 psnr_u:50.93 psnr_v:52.71 
n:1669 mse_avg:0.88 mse_y:1.15 mse_u:0.40 mse_v:0.27 psnr_avg:48.69 psnr_y:47.52 psnr_u:52.10 psnr_v:53.87 
n:1670 mse_avg:1.09 mse_y:1.42 mse_u:0.53 mse_v:0.33 psnr_avg:47.76 psnr_y:46.62 psnr_u:50.89 psnr_v:52.90 
n:1671 mse_avg:0.81 mse_y:1.07 mse_u:0.36 mse_v:0.25 psnr_avg:49.03 psnr_y:47.84 psnr_u:52.53 psnr_v:54.23 
n:1672 mse_avg:0.95 mse_y:1.21 mse_u:0.52 mse_v:0.33 psnr_avg:48.37 psnr_y:47.31 psnr_u:50.96 psnr_v:52.97 
n:1673 mse_avg:0.87 mse_y:1.14 mse_u:0.40 mse_v:0.28 psnr_avg:48.72 psnr_y:47.56 psnr_u:52.08 psnr_v:53.74 
n:1674 mse_avg:1.09 mse_y:1.41 mse_u:0.55 mse_v:0.35 psnr_avg:47.75 psnr_y:46.63 psnr_u:50.70 psnr_v:52.75 
n:1675 mse_avg:0.86 mse_y:1.13 mse_u:0.39 mse_v:0.26 psnr_avg:48.77 psnr_y:47.59 psnr_u:52.20 psnr_v:53.99 
n:1676 mse_avg:0.95 mse_y:1.21 mse_u:0.51 mse_v:0.36 psnr_avg:48.34 psnr_y:47.29 psnr_u:51.04 psnr_v:52.62 
n:1677 mse_avg:0.90 mse_y:1.18 mse_u:0.42 mse_v:0.26 psnr_avg:48.57 psnr_y:47.39 psnr_u:51.93 psnr_v:53.95 
n:1678 mse_avg:1.11 mse_y:1.45 mse_u:0.55 mse_v:0.34 psnr_avg:47.66 psnr_y:46.53 psnr_u:50.74 psnr_v:52.79 
n:1679 mse_avg:0.87 mse_y:1.14 mse_u:0.41 mse_v:0.26 psnr_avg:48.73 psnr_y:47.56 psnr_u:52.01 psnr_v:54.00 
n:1680 mse_avg:0.97 mse_y:1.23 mse_u:0.55 mse_v:0.34 psnr_avg:48.26 psnr_y:47.22 psnr_u:50.76 psnr_v:52.83 
n:1681 mse_avg:0.91 mse_y:1.20 mse_u:0.41 mse_v:0.27 psnr_avg:48.53 psnr_y:47.34 psnr_u:51.96 psnr_v:53.86 
n:1682 mse_avg:1.18 mse_y:1.53 mse_u:0.57 mse_v:0.36 psnr_avg:47.42 psnr_y:46.27 psnr_u:50.57 psnr_v:52.55 
n:1683 mse_avg:0.86 mse_y:1.12 mse_u:0.42 mse_v:0.26 psnr_avg:48.80 psnr_y:47.65 psnr_u:51.92 psnr_v:53.92 
n:1684 mse_avg:1.03 mse_y:1.31 mse_u:0.57 mse_v:0.37 psnr_avg:47.99 psnr_y:46.95 psnr_u:50.56 psnr_v:52.44 
n:1685 mse_avg:0.96 mse_y:1.26 mse_u:0.45 mse_v:0.30 psnr_avg:48.29 psnr_y:47.13 psnr_u:51.61 psnr_v:53.41 
n:1686 mse_avg:1.21 mse_y:1.57 mse_u:0.62 mse_v:0.38 psnr_avg:47.29 psnr_y:46.17 psnr_u:50.23 psnr_v:52.31 
n:1687 mse_avg:0.94 mse_y:1.23 mse_u:0.46 mse_v:0.27 psnr_avg:48.39 psnr_y:47.23 psnr_u:51.54 psnr_v:53.79 
n:1688 mse_avg:1.04 mse_y:1.32 mse_u:0.56 mse_v:0.37 psnr_avg:47.97 psnr_y:46.91 psnr_u:50.64 psnr_v:52.49 
n:1689 mse_avg:1.03 mse_y:1.33 mse_u:0.52 mse_v:0.35 psnr_avg:48.00 psnr_y:46.90 psnr_u:50.96 psnr_v:52.67 
n:1690 mse_avg:1.35 mse_y:1.78 mse_u:0.60 mse_v:0.36 psnr_avg:46.84 psnr_y:45.63 psnr_u:50.32 psnr_v:52.53 
n:1691 mse_avg:1.31 mse_y:1.74 mse_u:0.54 mse_v:0.34 psnr_avg:46.96 psnr_y:45.71 psnr_u:50.84 psnr_v:52.79 
n:1692 mse_avg:1.81 mse_y:2.46 mse_u:0.66 mse_v:0.37 psnr_avg:45.55 psnr_y:44.23 psnr_u:49.93 psnr_v:52.40 
n:1693 mse_avg:0.94 mse_y:1.21 mse_u:0.48 mse_v:0.33 psnr_avg:48.39 psnr_y:47.29 psnr_u:51.33 psnr_v:53.00 
n:1694 mse_avg:1.80 mse_y:2.43 mse_u:0.69 mse_v:0.37 psnr_avg:45.58 psnr_y:44.27 psnr_u:49.75 psnr_v:52.44 
n:1695 mse_avg:1.30 mse_y:1.74 mse_u:0.55 mse_v:0.30 psnr_avg:46.99 psnr_y:45.73 psnr_u:50.75 psnr_v:53.35 
n:1696 mse_avg:1.84 mse_y:2.50 mse_u:0.69 mse_v:0.37 psnr_avg:45.48 psnr_y:44.16 psnr_u:49.73 psnr_v:52.49 
n:1697 mse_avg:0.98 mse_y:1.26 mse_u:0.51 mse_v:0.32 psnr_avg:48.24 psnr_y:47.14 psnr_u:51.08 psnr_v:53.04 
n:1698 mse_avg:1.81 mse_y:2.46 mse_u:0.67 mse_v:0.34 psnr_avg:45.56 psnr_y:44.22 psnr_u:49.85 psnr_v:52.80 
n:1699 mse_avg:1.34 mse_y:1.81 mse_u:0.53 mse_v:0.30 psnr_avg:46.85 psnr_y:45.56 psnr_u:50.88 psnr_v:53.39 
n:1700 mse_avg:1.91 mse_y:2.62 mse_u:0.66 mse_v:0.36 psnr_avg:45.31 psnr_y:43.96 psnr_u:49.91 psnr_v:52.61 
n:1701 mse_avg:0.96 mse_y:1.23 mse_u:0.47 mse_v:0.33 psnr_avg:48.33 psnr_y:47.22 psnr_u:51.38 psnr_v:52.96 
n:1702 mse_avg:1.78 mse_y:2.42 mse_u:0.66 mse_v:0.36 psnr_avg:45.62 psnr_y:44.30 psnr_u:49.91 psnr_v:52.56 
n:1703 mse_avg:1.32 mse_y:1.78 mse_u:0.51 mse_v:0.30 psnr_avg:46.93 psnr_y:45.64 psnr_u:51.02 psnr_v:53.37 
n:1704 mse_avg:1.81 mse_y:2.46 mse_u:0.66 mse_v:0.37 psnr_avg:45.55 psnr_y:44.22 psnr_u:49.95 psnr_v:52.44 
n:1705 mse_avg:0.96 mse_y:1.23 mse_u:0.49 mse_v:0.33 psnr_avg:48.33 psnr_y:47.24 psnr_u:51.23 psnr_v:52.99 
n:1706 mse_avg:1.78 mse_y:2.41 mse_u:0.68 mse_v:0.36 psnr_avg:45.62 psnr_y:44.30 psnr_u:49.84 psnr_v:52.53 
n:1707 mse_avg:1.28 mse_y:1.70 mse_u:0.52 mse_v:0.32 psnr_avg:47.07 psnr_y:45.82 psnr_u:50.95 psnr_v:53.05 
n:1708 mse_avg:1.78 mse_y:2.41 mse_u:0.64 mse_v:0.38 psnr_avg:45.63 psnr_y:44.31 psnr_u:50.05 psnr_v:52.36 
n:1709 mse_avg:0.96 mse_y:1.23 mse_u:0.51 mse_v:0.34 psnr_avg:48.30 psnr_y:47.23 psnr_u:51.07 psnr_v:52.81 
n:1710 mse_avg:1.81 mse_y:2.45 mse_u:0.70 mse_v:0.39 psnr_avg:45.55 psnr_y:44.24 psnr_u:49.70 psnr_v:52.18 
n:1711 mse_avg:1.34 mse_y:1.80 mse_u:0.53 mse_v:0.34 psnr_avg:46.85 psnr_y:45.58 psnr_u:50.85 psnr_v:52.85 
n:1712 mse_avg:1.88 mse_y:2.54 mse_u:0.72 mse_v:0.40 psnr_avg:45.39 psnr_y:44.08 psnr_u:49.54 psnr_v:52.09 
n:1713 mse_avg:0.95 mse_y:1.21 mse_u:0.51 mse_v:0.33 psnr_avg:48.37 psnr_y:47.30 psnr_u:51.07 psnr_v:53.00 
n:1714 mse_avg:1.59 mse_y:2.13 mse_u:0.64 mse_v:0.36 psnr_avg:46.12 psnr_y:44.84 psnr_u:50.06 psnr_v:52.54 
n:1715 mse_avg:0.99 mse_y:1.32 mse_u:0.40 mse_v:0.27 psnr_avg:48.18 psnr_y:46.94 psnr_u:52.15 psnr_v:53.89 
n:1716 mse_avg:1.11 mse_y:1.42 mse_u:0.60 mse_v:0.36 psnr_avg:47.70 psnr_y:46.62 psnr_u:50.36 psnr_v:52.54 
n:1717 mse_avg:1.29 mse_y:1.71 mse_u:0.59 mse_v:0.32 psnr_avg:47.01 psnr_y:45.79 psnr_u:50.43 psnr_v:53.07 
n:1718 mse_avg:1.36 mse_y:1.83 mse_u:0.55 mse_v:0.32 psnr_avg:46.78 psnr_y:45.51 psnr_u:50.72 psnr_v:53.04 
n:1719 mse_avg:1.90 mse_y:2.57 mse_u:0.75 mse_v:0.36 psnr_avg:45.35 psnr_y:44.03 psnr_u:49.37 psnr_v:52.56 
n:1720 mse_avg:1.02 mse_y:1.31 mse_u:0.53 mse_v:0.34 psnr_avg:48.04 psnr_y:46.95 psnr_u:50.87 psnr_v:52.76 
n:1721 mse_avg:1.82 mse_y:2.46 mse_u:0.67 mse_v:0.37 psnr_avg:45.54 psnr_y:44.22 psnr_u:49.85 psnr_v:52.46 
n:1722 mse_avg:1.35 mse_y:1.81 mse_u:0.55 mse_v:0.31 psnr_avg:46.84 psnr_y:45.56 psnr_u:50.74 psnr_v:53.23 
n:1723 mse_avg:1.93 mse_y:2.63 mse_u:0.73 mse_v:0.37 psnr_avg:45.27 psnr_y:43.94 psnr_u:49.50 psnr_v:52.47 
n:1724 mse_avg:1.04 mse_y:1.34 mse_u:0.54 mse_v:0.34 psnr_avg:47.97 psnr_y:46.86 psnr_u:50.83 psnr_v:52.85 
n:1725 mse_avg:1.92 mse_y:2.61 mse_u:0.73 mse_v:0.37 psnr_avg:45.29 psnr_y:43.96 psnr_u:49.51 psnr_v:52.40 
n:1726 mse_avg:1.41 mse_y:1.90 mse_u:0.56 mse_v:0.32 psnr_avg:46.63 psnr_y:45.34 psnr_u:50.68 psnr_v:53.11 
n:1727 mse_avg:1.99 mse_y:2.72 mse_u:0.72 mse_v:0.35 psnr_avg:45.14 psnr_y:43.79 psnr_u:49.54 psnr_v:52.64 
n:1728 mse_avg:1.04 mse_y:1.34 mse_u:0.56 mse_v:0.33 psnr_avg:47.94 psnr_y:46.85 psnr_u:50.66 psnr_v:52.95 
n:1729 mse_avg:1.90 mse_y:2.58 mse_u:0.70 mse_v:0.39 psnr_avg:45.35 psnr_y:44.02 psnr_u:49.67 psnr_v:52.24 
n:1730 mse_avg:1.45 mse_y:1.94 mse_u:0.57 mse_v:0.34 psnr_avg:46.53 psnr_y:45.25 psnr_u:50.59 psnr_v:52.87 
n:1731 mse_avg:1.96 mse_y:2.66 mse_u:0.74 mse_v:0.39 psnr_avg:45.20 psnr_y:43.88 psnr_u:49.45 psnr_v:52.17 
n:1732 mse_avg:1.04 mse_y:1.34 mse_u:0.55 mse_v:0.34 psnr_avg:47.97 psnr_y:46.87 psnr_u:50.75 psnr_v:52.83 
n:1733 mse_avg:1.90 mse_y:2.58 mse_u:0.70 mse_v:0.39 psnr_avg:45.34 psnr_y:44.02 psnr_u:49.70 psnr_v:52.22 
n:1734 mse_avg:1.37 mse_y:1.85 mse_u:0.52 mse_v:0.33 psnr_avg:46.75 psnr_y:45.46 psnr_u:50.97 psnr_v:52.94 
n:1735 mse_avg:1.97 mse_y:2.69 mse_u:0.67 mse_v:0.37 psnr_avg:45.20 psnr_y:43.83 psnr_u:49.90 psnr_v:52.46 
n:1736 mse_avg:1.10 mse_y:1.42 mse_u:0.56 mse_v:0.33 psnr_avg:47.73 psnr_y:46.61 psnr_u:50.62 psnr_v:52.95 
n:1737 mse_avg:1.89 mse_y:2.57 mse_u:0.68 mse_v:0.36 psnr_avg:45.37 psnr_y:44.02 psnr_u:49.79 psnr_v:52.62 
n:1738 mse_avg:1.40 mse_y:1.89 mse_u:0.53 mse_v:0.31 psnr_avg:46.67 psnr_y:45.36 psnr_u:50.92 psnr_v:53.21 
n:1739 mse_avg:1.89 mse_y:2.58 mse_u:0.66 mse_v:0.37 psnr_avg:45.36 psnr_y:44.01 psnr_u:49.92 psnr_v:52.42 
n:1740 mse_avg:1.10 mse_y:1.44 mse_u:0.53 mse_v:0.32 psnr_avg:47.71 psnr_y:46.54 psnr_u:50.89 psnr_v:53.07 
n:1741 mse_avg:1.88 mse_y:2.56 mse_u:0.71 mse_v:0.36 psnr_avg:45.38 psnr_y:44.05 psnr_u:49.64 psnr_v:52.61 
n:1742 mse_avg:1.49 mse_y:1.99 mse_u:0.63 mse_v:0.36 psnr_avg:46.39 psnr_y:45.13 psnr_u:50.14 psnr_v:52.56 
n:1743 mse_avg:1.15 mse_y:1.54 mse_u:0.45 mse_v:0.27 psnr_avg:47.54 psnr_y:46.25 psnr_u:51.63 psnr_v:53.89 
n:1744 mse_avg:1.39 mse_y:1.82 mse_u:0.68 mse_v:0.36 psnr_avg:46.71 psnr_y:45.53 psnr_u:49.82 psnr_v:52.55 
n:1745 mse_avg:1.35 mse_y:1.81 mse_u:0.59 mse_v:0.31 psnr_avg:46.81 psnr_y:45.57 psnr_u:50.40 psnr_v:53.22 
n:1746 mse_avg:0.03 mse_y:0.04 mse_u:0.00 mse_v:0.00 psnr_avg:63.97 psnr_y:62.23 psnr_u:inf psnr_v:80.05 
n:1747 mse_avg:0.03 mse_y:0.04 mse_u:0.00 mse_v:0.00 psnr_avg:63.65 psnr_y:61.90 psnr_u:inf psnr_v:80.05 
n:1748 mse_avg:0.05 mse_y:0.07 mse_u:0.00 mse_v:0.00 psnr_avg:61.21 psnr_y:59.46 psnr_u:inf psnr_v:80.05 
n:1749 mse_avg:0.05 mse_y:0.07 mse_u:0.00 mse_v:0.00 psnr_avg:61.16 psnr_y:59.40 psnr_u:inf psnr_v:80.05 
n:1750 mse_avg:0.06 mse_y:0.08 mse_u:0.00 mse_v:0.00 psnr_avg:60.70 psnr_y:58.95 psnr_u:inf psnr_v:80.05 
n:1751 mse_avg:0.06 mse_y:0.10 mse_u:0.00 mse_v:0.00 psnr_avg:60.03 psnr_y:58.28 psnr_u:inf psnr_v:81.11 
n:1752 mse_avg:0.07 mse_y:0.11 mse_u:0.00 mse_v:0.00 psnr_avg:59.61 psnr_y:57.85 psnr_u:inf psnr_v:81.11 
n:1753 mse_avg:0.08 mse_y:0.12 mse_u:0.00 mse_v:0.00 psnr_avg:59.17 psnr_y:57.42 psnr_u:inf psnr_v:79.61 
n:1754 mse_avg:0.08 mse_y:0.13 mse_u:0.00 mse_v:0.00 psnr_avg:58.85 psnr_y:57.10 psnr_u:inf psnr_v:79.61 
n:1755 mse_avg:0.10 mse_y:0.14 mse_u:0.00 mse_v:0.00 psnr_avg:58.29 psnr_y:56.54 psnr_u:inf psnr_v:77.95 
n:1756 mse_avg:0.09 mse_y:0.14 mse_u:0.00 mse_v:0.00 psnr_avg:58.50 psnr_y:56.75 psnr_u:inf psnr_v:77.35 
n:1757 mse_avg:0.10 mse_y:0.15 mse_u:0.00 mse_v:0.00 psnr_avg:58.20 psnr_y:56.44 psnr_u:inf psnr_v:77.47 
n:1758 mse_avg:0.09 mse_y:0.14 mse_u:0.00 mse_v:0.00 psnr_avg:58.52 psnr_y:56.77 psnr_u:inf psnr_v:77.47 
n:1759 mse_avg:0.11 mse_y:0.16 mse_u:0.00 mse_v:0.00 psnr_avg:57.82 psnr_y:56.07 psnr_u:inf psnr_v:77.04 
n:1760 mse_avg:0.13 mse_y:0.19 mse_u:0.00 mse_v:0.00 psnr_avg:57.13 psnr_y:55.38 psnr_u:inf psnr_v:77.67 
n:1761 mse_avg:0.13 mse_y:0.19 mse_u:0.00 mse_v:0.00 psnr_avg:57.14 psnr_y:55.38 psnr_u:inf psnr_v:78.18 
n:1762 mse_avg:0.13 mse_y:0.19 mse_u:0.00 mse_v:0.00 psnr_avg:57.14 psnr_y:55.38 psnr_u:inf psnr_v:78.41 
n:1763 mse_avg:0.13 mse_y:0.20 mse_u:0.00 mse_v:0.00 psnr_avg:56.92 psnr_y:55.17 psnr_u:inf psnr_v:77.81 
n:1764 mse_avg:0.13 mse_y:0.20 mse_u:0.00 mse_v:0.00 psnr_avg:56.85 psnr_y:55.09 psnr_u:inf psnr_v:78.25 
n:1765 mse_avg:0.14 mse_y:0.21 mse_u:0.00 mse_v:0.00 psnr_avg:56.70 psnr_y:54.94 psnr_u:inf psnr_v:78.25 
n:1766 mse_avg:0.15 mse_y:0.22 mse_u:0.00 mse_v:0.00 psnr_avg:56.40 psnr_y:54.65 psnr_u:inf psnr_v:76.87 
n:1767 mse_avg:0.15 mse_y:0.22 mse_u:0.00 mse_v:0.00 psnr_avg:56.39 psnr_y:54.64 psnr_u:79.50 psnr_v:75.05 
n:1768 mse_avg:0.16 mse_y:0.23 mse_u:0.00 mse_v:0.00 psnr_avg:56.20 psnr_y:54.45 psnr_u:80.68 psnr_v:76.44 
n:1769 mse_avg:0.16 mse_y:0.24 mse_u:0.00 mse_v:0.00 psnr_avg:56.03 psnr_y:54.28 psnr_u:80.68 psnr_v:76.10 
n:1770 mse_avg:0.17 mse_y:0.25 mse_u:0.00 mse_v:0.00 psnr_avg:55.86 psnr_y:54.12 psnr_u:80.05 psnr_v:72.68 
n:1771 mse_avg:0.18 mse_y:0.27 mse_u:0.00 mse_v:0.00 psnr_avg:55.56 psnr_y:53.82 psnr_u:79.94 psnr_v:72.70 
n:1772 mse_avg:0.19 mse_y:0.28 mse_u:0.00 mse_v:0.01 psnr_avg:55.38 psnr_y:53.64 psnr_u:80.17 psnr_v:70.20 
n:1773 mse_avg:0.17 mse_y:0.25 mse_u:0.00 mse_v:0.01 psnr_avg:55.84 psnr_y:54.11 psnr_u:76.19 psnr_v:69.55 
n:1774 mse_avg:0.21 mse_y:0.31 mse_u:0.01 mse_v:0.01 psnr_avg:54.96 psnr_y:53.26 psnr_u:69.98 psnr_v:67.51 
n:1775 mse_avg:0.22 mse_y:0.33 mse_u:0.00 mse_v:0.01 psnr_avg:54.68 psnr_y:52.96 psnr_u:73.48 psnr_v:68.62 
n:1776 mse_avg:0.32 mse_y:0.48 mse_u:0.00 mse_v:0.01 psnr_avg:53.09 psnr_y:51.36 psnr_u:72.55 psnr_v:67.63 
n:1777 mse_avg:0.23 mse_y:0.34 mse_u:0.00 mse_v:0.01 psnr_avg:54.52 psnr_y:52.82 psnr_u:72.35 psnr_v:66.81 
n:1778 mse_avg:0.38 mse_y:0.56 mse_u:0.01 mse_v:0.02 psnr_avg:52.37 psnr_y:50.66 psnr_u:70.92 psnr_v:65.79 
n:1779 mse_avg:0.25 mse_y:0.37 mse_u:0.00 mse_v:0.02 psnr_avg:54.20 psnr_y:52.50 psnr_u:71.20 psnr_v:66.02 
n:1780 mse_avg:0.41 mse_y:0.60 mse_u:0.01 mse_v:0.02 psnr_avg:52.05 psnr_y:50.33 psnr_u:70.23 psnr_v:66.24 
n:1781 mse_avg:0.36 mse_y:0.54 mse_u:0.01 mse_v:0.02 psnr_avg:52.52 psnr_y:50.82 psnr_u:69.10 psnr_v:64.59 
n:1782 mse_avg:0.28 mse_y:0.42 mse_u:0.01 mse_v:0.02 psnr_avg:53.61 psnr_y:51.92 psnr_u:69.62 psnr_v:65.36 
n:1783 mse_avg:0.44 mse_y:0.65 mse_u:0.01 mse_v:0.03 psnr_avg:51.70 psnr_y:50.01 psnr_u:67.35 psnr_v:63.69 
n:1784 mse_avg:0.32 mse_y:0.46 mse_u:0.01 mse_v:0.02 psnr_avg:53.14 psnr_y:51.46 psnr_u:68.52 psnr_v:64.26 
n:1785 mse_avg:0.32 mse_y:0.47 mse_u:0.01 mse_v:0.02 psnr_avg:53.07 psnr_y:51.38 psnr_u:68.46 psnr_v:64.60 
n:1786 mse_avg:0.30 mse_y:0.44 mse_u:0.01 mse_v:0.02 psnr_avg:53.33 psnr_y:51.65 psnr_u:68.47 psnr_v:64.59 
n:1787 mse_avg:0.37 mse_y:0.55 mse_u:0.01 mse_v:0.03 psnr_avg:52.42 psnr_y:50.74 psnr_u:67.78 psnr_v:63.87 
n:1788 mse_avg:0.35 mse_y:0.51 mse_u:0.01 mse_v:0.03 psnr_avg:52.73 psnr_y:51.04 psnr_u:68.18 psnr_v:64.08 
n:1789 mse_avg:0.35 mse_y:0.52 mse_u:0.01 mse_v:0.03 psnr_avg:52.69 psnr_y:51.01 psnr_u:67.41 psnr_v:64.06 
n:1790 mse_avg:0.35 mse_y:0.52 mse_u:0.01 mse_v:0.03 psnr_avg:52.64 psnr_y:50.97 psnr_u:66.67 psnr_v:63.43 
n:1791 mse_avg:0.36 mse_y:0.53 mse_u:0.02 mse_v:0.03 psnr_avg:52.58 psnr_y:50.92 psnr_u:66.04 psnr_v:63.12 
n:1792 mse_avg:0.36 mse_y:0.53 mse_u:0.02 mse_v:0.03 psnr_avg:52.54 psnr_y:50.88 psnr_u:65.32 psnr_v:62.76 
n:1793 mse_avg:0.37 mse_y:0.54 mse_u:0.02 mse_v:0.04 psnr_avg:52.46 psnr_y:50.81 psnr_u:64.77 psnr_v:62.68 
n:1794 mse_avg:0.37 mse_y:0.54 mse_u:0.02 mse_v:0.04 psnr_avg:52.43 psnr_y:50.79 psnr_u:64.47 psnr_v:62.42 
n:1795 mse_avg:0.36 mse_y:0.52 mse_u:0.02 mse_v:0.04 psnr_avg:52.56 psnr_y:50.93 psnr_u:64.39 psnr_v:62.28 
n:1796 mse_avg:0.36 mse_y:0.52 mse_u:0.02 mse_v:0.04 psnr_avg:52.61 psnr_y:50.97 psnr_u:64.35 psnr_v:62.32 
n:1797 mse_avg:0.35 mse_y:0.51 mse_u:0.02 mse_v:0.04 psnr_avg:52.65 psnr_y:51.02 psnr_u:64.28 psnr_v:62.31 
n:1798 mse_avg:0.35 mse_y:0.51 mse_u:0.03 mse_v:0.04 psnr_avg:52.66 psnr_y:51.04 psnr_u:64.01 psnr_v:62.20 
n:1799 mse_avg:0.35 mse_y:0.51 mse_u:0.03 mse_v:0.04 psnr_avg:52.66 psnr_y:51.04 psnr_u:63.70 psnr_v:62.05 
n:1800 mse_avg:0.35 mse_y:0.51 mse_u:0.03 mse_v:0.04 psnr_avg:52.67 psnr_y:51.06 psnr_u:63.52 psnr_v:61.82 
n:1801 mse_avg:0.33 mse_y:0.48 mse_u:0.03 mse_v:0.04 psnr_avg:52.89 psnr_y:51.29 psnr_u:63.19 psnr_v:61.88 
n:1802 mse_avg:0.41 mse_y:0.60 mse_u:0.04 mse_v:0.05 psnr_avg:51.99 psnr_y:50.38 psnr_u:62.58 psnr_v:61.52 
n:1803 mse_avg:0.36 mse_y:0.52 mse_u:0.03 mse_v:0.04 psnr_avg:52.58 psnr_y:50.97 psnr_u:63.17 psnr_v:61.83 
n:1804 mse_avg:0.40 mse_y:0.58 mse_u:0.03 mse_v:0.04 psnr_avg:52.16 psnr_y:50.53 psnr_u:63.42 psnr_v:62.23 
n:1805 mse_avg:0.36 mse_y:0.53 mse_u:0.03 mse_v:0.05 psnr_avg:52.52 psnr_y:50.92 psnr_u:62.93 psnr_v:61.54 
n:1806 mse_avg:0.36 mse_y:0.52 mse_u:0.03 mse_v:0.05 psnr_avg:52.58 psnr_y:50.98 psnr_u:62.97 psnr_v:61.55 
n:1807 mse_avg:0.35 mse_y:0.50 mse_u:0.03 mse_v:0.04 psnr_avg:52.75 psnr_y:51.14 psnr_u:63.42 psnr_v:62.03 
n:1808 mse_avg:0.40 mse_y:0.58 mse_u:0.02 mse_v:0.04 psnr_avg:52.13 psnr_y:50.48 psnr_u:64.17 psnr_v:62.30 
n:1809 mse_avg:0.35 mse_y:0.51 mse_u:0.03 mse_v:0.05 psnr_avg:52.63 psnr_y:51.04 psnr_u:62.80 psnr_v:61.46 
n:1810 mse_avg:0.34 mse_y:0.49 mse_u:0.04 mse_v:0.05 psnr_avg:52.77 psnr_y:51.19 psnr_u:62.46 psnr_v:61.30 
n:1811 mse_avg:1.03 mse_y:1.53 mse_u:0.03 mse_v:0.05 psnr_avg:48.00 psnr_y:46.29 psnr_u:63.47 psnr_v:61.48 
n:1812 mse_avg:3.25 mse_y:4.85 mse_u:0.06 mse_v:0.07 psnr_avg:43.01 psnr_y:41.28 psnr_u:60.35 psnr_v:59.47 
n:1813 mse_avg:5.37 mse_y:8.01 mse_u:0.08 mse_v:0.10 psnr_avg:40.83 psnr_y:39.09 psnr_u:59.08 psnr_v:58.32 
n:1814 mse_avg:6.50 mse_y:9.71 mse_u:0.08 mse_v:0.09 psnr_avg:40.00 psnr_y:38.26 psnr_u:59.07 psnr_v:58.39 
n:1815 mse_avg:5.46 mse_y:8.14 mse_u:0.08 mse_v:0.09 psnr_avg:40.76 psnr_y:39.02 psnr_u:59.00 psnr_v:58.48 
n:1816 mse_avg:5.55 mse_y:8.29 mse_u:0.08 mse_v:0.09 psnr_avg:40.69 psnr_y:38.95 psnr_u:59.33 psnr_v:58.72 
n:1817 mse_avg:5.96 mse_y:8.89 mse_u:0.08 mse_v:0.10 psnr_avg:40.38 psnr_y:38.64 psnr_u:59.27 psnr_v:58.31 
n:1818 mse_avg:5.62 mse_y:8.39 mse_u:0.08 mse_v:0.09 psnr_avg:40.63 psnr_y:38.89 psnr_u:59.11 psnr_v:58.43 
n:1819 mse_avg:6.73 mse_y:10.05 mse_u:0.08 mse_v:0.10 psnr_avg:39.85 psnr_y:38.11 psnr_u:59.14 psnr_v:58.22 
n:1820 mse_avg:6.96 mse_y:10.39 mse_u:0.08 mse_v:0.09 psnr_avg:39.71 psnr_y:37.96 psnr_u:59.22 psnr_v:58.36 
n:1821 mse_avg:7.65 mse_y:11.43 mse_u:0.08 mse_v:0.10 psnr_avg:39.30 psnr_y:37.55 psnr_u:59.21 psnr_v:58.17 
n:1822 mse_avg:8.70 mse_y:13.00 mse_u:0.08 mse_v:0.10 psnr_avg:38.74 psnr_y:36.99 psnr_u:58.93 psnr_v:57.95 
n:1823 mse_avg:8.69 mse_y:12.98 mse_u:0.08 mse_v:0.11 psnr_avg:38.74 psnr_y:37.00 psnr_u:58.85 psnr_v:57.88 
n:1824 mse_avg:8.90 mse_y:13.30 mse_u:0.08 mse_v:0.11 psnr_avg:38.64 psnr_y:36.89 psnr_u:58.97 psnr_v:57.81 
n:1825 mse_avg:9.01 mse_y:13.47 mse_u:0.09 mse_v:0.11 psnr_avg:38.58 psnr_y:36.84 psnr_u:58.73 psnr_v:57.69 
n:1826 mse_avg:8.87 mse_y:13.26 mse_u:0.09 mse_v:0.11 psnr_avg:38.65 psnr_y:36.91 psnr_u:58.71 psnr_v:57.74 
n:1827 mse_avg:9.04 mse_y:13.51 mse_u:0.09 mse_v:0.11 psnr_avg:38.57 psnr_y:36.82 psnr_u:58.69 psnr_v:57.81 
n:1828 mse_avg:9.13 mse_y:13.63 mse_u:0.09 mse_v:0.20 psnr_avg:38.52 psnr_y:36.79 psnr_u:58.53 psnr_v:55.12 
n:1829 mse_avg:9.29 mse_y:13.86 mse_u:0.09 mse_v:0.20 psnr_avg:38.45 psnr_y:36.71 psnr_u:58.55 psnr_v:55.08 
n:1830 mse_avg:19.91 mse_y:29.78 mse_u:0.09 mse_v:0.29 psnr_avg:35.14 psnr_y:33.39 psnr_u:58.55 psnr_v:53.45 
n:1831 mse_avg:20.09 mse_y:30.04 mse_u:0.09 mse_v:0.29 psnr_avg:35.10 psnr_y:33.35 psnr_u:58.55 psnr_v:53.45 
n:1832 mse_avg:20.10 mse_y:30.05 mse_u:0.09 mse_v:0.29 psnr_avg:35.10 psnr_y:33.35 psnr_u:58.55 psnr_v:53.46 
n:1833 mse_avg:20.39 mse_y:30.49 mse_u:0.09 mse_v:0.29 psnr_avg:35.04 psnr_y:33.29 psnr_u:58.55 psnr_v:53.46 
n:1834 mse_avg:20.98 mse_y:31.37 mse_u:0.09 mse_v:0.29 psnr_avg:34.91 psnr_y:33.17 psnr_u:58.59 psnr_v:53.47 
n:1835 mse_avg:20.38 mse_y:30.47 mse_u:0.09 mse_v:0.29 psnr_avg:35.04 psnr_y:33.29 psnr_u:58.53 psnr_v:53.48 
n:1836 mse_avg:21.08 mse_y:31.52 mse_u:0.09 mse_v:0.30 psnr_avg:34.89 psnr_y:33.15 psnr_u:58.49 psnr_v:53.43 
n:1837 mse_avg:20.50 mse_y:30.66 mse_u:0.09 mse_v:0.29 psnr_avg:35.01 psnr_y:33.27 psnr_u:58.52 psnr_v:53.44 
n:1838 mse_avg:20.36 mse_y:30.44 mse_u:0.09 mse_v:0.29 psnr_avg:35.04 psnr_y:33.30 psnr_u:58.46 psnr_v:53.44 
n:1839 mse_avg:20.55 mse_y:30.74 mse_u:0.09 mse_v:0.29 psnr_avg:35.00 psnr_y:33.25 psnr_u:58.64 psnr_v:53.51 
n:1840 mse_avg:20.56 mse_y:30.74 mse_u:0.09 mse_v:0.30 psnr_avg:35.00 psnr_y:33.25 psnr_u:58.52 psnr_v:53.43 
n:1841 mse_avg:20.50 mse_y:30.65 mse_u:0.09 mse_v:0.29 psnr_avg:35.01 psnr_y:33.27 psnr_u:58.52 psnr_v:53.44 
n:1842 mse_avg:20.87 mse_y:31.22 mse_u:0.09 mse_v:0.29 psnr_avg:34.93 psnr_y:33.19 psnr_u:58.53 psnr_v:53.45 
n:1843 mse_avg:20.47 mse_y:30.60 mse_u:0.09 mse_v:0.29 psnr_avg:35.02 psnr_y:33.27 psnr_u:58.48 psnr_v:53.45 
n:1844 mse_avg:20.85 mse_y:31.18 mse_u:0.09 mse_v:0.29 psnr_avg:34.94 psnr_y:33.19 psnr_u:58.66 psnr_v:53.53 
n:1845 mse_avg:20.56 mse_y:30.74 mse_u:0.09 mse_v:0.29 psnr_avg:35.00 psnr_y:33.25 psnr_u:58.52 psnr_v:53.44 
n:1846 mse_avg:20.45 mse_y:30.57 mse_u:0.09 mse_v:0.30 psnr_avg:35.02 psnr_y:33.28 psnr_u:58.46 psnr_v:53.43 
n:1847 mse_avg:20.49 mse_y:30.64 mse_u:0.09 mse_v:0.29 psnr_avg:35.02 psnr_y:33.27 psnr_u:58.60 psnr_v:53.52 
n:1848 mse_avg:20.67 mse_y:30.91 mse_u:0.09 mse_v:0.30 psnr_avg:34.98 psnr_y:33.23 psnr_u:58.51 psnr_v:53.42 
n:1849 mse_avg:20.56 mse_y:30.74 mse_u:0.09 mse_v:0.30 psnr_avg:35.00 psnr_y:33.25 psnr_u:58.56 psnr_v:53.42 
n:1850 mse_avg:20.49 mse_y:30.63 mse_u:0.09 mse_v:0.30 psnr_avg:35.02 psnr_y:33.27 psnr_u:58.59 psnr_v:53.42 
n:1851 mse_avg:20.46 mse_y:30.60 mse_u:0.09 mse_v:0.30 psnr_avg:35.02 psnr_y:33.27 psnr_u:58.56 psnr_v:53.42 
n:1852 mse_avg:20.56 mse_y:30.75 mse_u:0.09 mse_v:0.30 psnr_avg:35.00 psnr_y:33.25 psnr_u:58.56 psnr_v:53.41 
n:1853 mse_avg:20.52 mse_y:30.68 mse_u:0.09 mse_v:0.29 psnr_avg:35.01 psnr_y:33.26 psnr_u:58.51 psnr_v:53.45 
n:1854 mse_avg:20.72 mse_y:30.98 mse_u:0.09 mse_v:0.30 psnr_avg:34.97 psnr_y:33.22 psnr_u:58.56 psnr_v:53.41 
n:1855 mse_avg:20.37 mse_y:30.46 mse_u:0.09 mse_v:0.30 psnr_avg:35.04 psnr_y:33.29 psnr_u:58.56 psnr_v:53.41 
n:1856 mse_avg:20.74 mse_y:31.02 mse_u:0.09 mse_v:0.30 psnr_avg:34.96 psnr_y:33.21 psnr_u:58.59 psnr_v:53.41 
n:1857 mse_avg:20.56 mse_y:30.74 mse_u:0.09 mse_v:0.29 psnr_avg:35.00 psnr_y:33.25 psnr_u:58.71 psnr_v:53.53 
n:1858 mse_avg:20.47 mse_y:30.61 mse_u:0.09 mse_v:0.30 psnr_avg:35.02 psnr_y:33.27 psnr_u:58.66 psnr_v:53.39 
n:1859 mse_avg:20.68 mse_y:30.93 mse_u:0.09 mse_v:0.30 psnr_avg:34.97 psnr_y:33.23 psnr_u:58.58 psnr_v:53.41 
n:1860 mse_avg:20.69 mse_y:30.95 mse_u:0.09 mse_v:0.29 psnr_avg:34.97 psnr_y:33.22 psnr_u:58.75 psnr_v:53.55 
n:1861 mse_avg:20.58 mse_y:30.77 mse_u:0.09 mse_v:0.30 psnr_avg:35.00 psnr_y:33.25 psnr_u:58.70 psnr_v:53.40 
n:1862 mse_avg:20.85 mse_y:31.18 mse_u:0.09 mse_v:0.30 psnr_avg:34.94 psnr_y:33.19 psnr_u:58.56 psnr_v:53.42 
n:1863 mse_avg:20.59 mse_y:30.79 mse_u:0.09 mse_v:0.30 psnr_avg:34.99 psnr_y:33.25 psnr_u:58.64 psnr_v:53.36 
n:1864 mse_avg:20.58 mse_y:30.77 mse_u:0.09 mse_v:0.30 psnr_avg:35.00 psnr_y:33.25 psnr_u:58.63 psnr_v:53.42 
n:1865 mse_avg:20.51 mse_y:30.67 mse_u:0.09 mse_v:0.30 psnr_avg:35.01 psnr_y:33.26 psnr_u:58.60 psnr_v:53.42 
n:1866 mse_avg:20.55 mse_y:30.73 mse_u:0.09 mse_v:0.30 psnr_avg:35.00 psnr_y:33.25 psnr_u:58.66 psnr_v:53.42 
n:1867 mse_avg:20.47 mse_y:30.62 mse_u:0.09 mse_v:0.30 psnr_avg:35.02 psnr_y:33.27 psnr_u:58.60 psnr_v:53.43 
n:1868 mse_avg:20.43 mse_y:30.55 mse_u:0.09 mse_v:0.30 psnr_avg:35.03 psnr_y:33.28 psnr_u:58.66 psnr_v:53.43 
n:1869 mse_avg:20.41 mse_y:30.52 mse_u:0.09 mse_v:0.30 psnr_avg:35.03 psnr_y:33.28 psnr_u:58.66 psnr_v:53.43 
n:1870 mse_avg:20.63 mse_y:30.84 mse_u:0.09 mse_v:0.30 psnr_avg:34.99 psnr_y:33.24 psnr_u:58.63 psnr_v:53.41 
n:1871 mse_avg:20.59 mse_y:30.78 mse_u:0.09 mse_v:0.30 psnr_avg:35.00 psnr_y:33.25 psnr_u:58.63 psnr_v:53.43 
n:1872 mse_avg:20.46 mse_y:30.60 mse_u:0.09 mse_v:0.29 psnr_avg:35.02 psnr_y:33.27 psnr_u:58.65 psnr_v:53.43 
n:1873 mse_avg:20.56 mse_y:30.75 mse_u:0.09 mse_v:0.29 psnr_avg:35.00 psnr_y:33.25 psnr_u:58.65 psnr_v:53.45 
n:1874 mse_avg:20.57 mse_y:30.76 mse_u:0.09 mse_v:0.29 psnr_avg:35.00 psnr_y:33.25 psnr_u:58.69 psnr_v:53.48 
n:1875 mse_avg:20.58 mse_y:30.77 mse_u:0.09 mse_v:0.29 psnr_avg:35.00 psnr_y:33.25 psnr_u:58.60 psnr_v:53.46 
n:1876 mse_avg:20.60 mse_y:30.80 mse_u:0.09 mse_v:0.29 psnr_avg:34.99 psnr_y:33.25 psnr_u:58.65 psnr_v:53.44 
n:1877 mse_avg:20.76 mse_y:31.04 mse_u:0.09 mse_v:0.29 psnr_avg:34.96 psnr_y:33.21 psnr_u:58.66 psnr_v:53.48 
n:1878 mse_avg:20.70 mse_y:30.95 mse_u:0.09 mse_v:0.29 psnr_avg:34.97 psnr_y:33.22 psnr_u:58.70 psnr_v:53.44 
n:1879 mse_avg:20.47 mse_y:30.61 mse_u:0.09 mse_v:0.30 psnr_avg:35.02 psnr_y:33.27 psnr_u:58.70 psnr_v:53.43 
n:1880 mse_avg:20.38 mse_y:30.48 mse_u:0.09 mse_v:0.29 psnr_avg:35.04 psnr_y:33.29 psnr_u:58.77 psnr_v:53.56 
n:1881 mse_avg:20.36 mse_y:30.45 mse_u:0.09 mse_v:0.29 psnr_avg:35.04 psnr_y:33.30 psnr_u:58.74 psnr_v:53.47 
n:1882 mse_avg:20.41 mse_y:30.53 mse_u:0.09 mse_v:0.29 psnr_avg:35.03 psnr_y:33.28 psnr_u:58.73 psnr_v:53.46 
n:1883 mse_avg:20.37 mse_y:30.46 mse_u:0.09 mse_v:0.29 psnr_avg:35.04 psnr_y:33.29 psnr_u:58.62 psnr_v:53.47 
n:1884 mse_avg:20.32 mse_y:30.39 mse_u:0.09 mse_v:0.29 psnr_avg:35.05 psnr_y:33.30 psnr_u:58.75 psnr_v:53.50 
n:1885 mse_avg:20.60 mse_y:30.80 mse_u:0.09 mse_v:0.29 psnr_avg:34.99 psnr_y:33.24 psnr_u:58.72 psnr_v:53.48 
n:1886 mse_avg:20.34 mse_y:30.42 mse_u:0.09 mse_v:0.29 psnr_avg:35.05 psnr_y:33.30 psnr_u:58.73 psnr_v:53.43 
n:1887 mse_avg:20.53 mse_y:30.70 mse_u:0.09 mse_v:0.29 psnr_avg:35.01 psnr_y:33.26 psnr_u:58.77 psnr_v:53.57 
n:1888 mse_avg:20.26 mse_y:30.30 mse_u:0.09 mse_v:0.29 psnr_avg:35.06 psnr_y:33.32 psnr_u:58.72 psnr_v:53.52 
n:1889 mse_avg:20.33 mse_y:30.40 mse_u:0.09 mse_v:0.29 psnr_avg:35.05 psnr_y:33.30 psnr_u:58.67 psnr_v:53.50 
n:1890 mse_avg:20.23 mse_y:30.25 mse_u:0.09 mse_v:0.29 psnr_avg:35.07 psnr_y:33.32 psnr_u:58.75 psnr_v:53.53 
n:1891 mse_avg:20.16 mse_y:30.14 mse_u:0.09 mse_v:0.29 psnr_avg:35.09 psnr_y:33.34 psnr_u:58.77 psnr_v:53.54 
n:1892 mse_avg:20.23 mse_y:30.26 mse_u:0.09 mse_v:0.29 psnr_avg:35.07 psnr_y:33.32 psnr_u:58.75 psnr_v:53.52 
n:1893 mse_avg:20.26 mse_y:30.30 mse_u:0.09 mse_v:0.29 psnr_avg:35.06 psnr_y:33.32 psnr_u:58.75 psnr_v:53.51 
n:1894 mse_avg:20.23 mse_y:30.24 mse_u:0.09 mse_v:0.29 psnr_avg:35.07 psnr_y:33.32 psnr_u:58.67 psnr_v:53.51 
n:1895 mse_avg:20.30 mse_y:30.35 mse_u:0.09 mse_v:0.29 psnr_avg:35.06 psnr_y:33.31 psnr_u:58.76 psnr_v:53.52 
n:1896 mse_avg:20.20 mse_y:30.21 mse_u:0.09 mse_v:0.29 psnr_avg:35.08 psnr_y:33.33 psnr_u:58.75 psnr_v:53.50 
n:1897 mse_avg:20.27 mse_y:30.31 mse_u:0.09 mse_v:0.29 psnr_avg:35.06 psnr_y:33.31 psnr_u:58.73 psnr_v:53.50 
n:1898 mse_avg:20.18 mse_y:30.18 mse_u:0.09 mse_v:0.29 psnr_avg:35.08 psnr_y:33.33 psnr_u:58.76 psnr_v:53.51 
n:1899 mse_avg:20.25 mse_y:30.28 mse_u:0.09 mse_v:0.29 psnr_avg:35.07 psnr_y:33.32 psnr_u:58.73 psnr_v:53.50 
n:1900 mse_avg:20.23 mse_y:30.25 mse_u:0.09 mse_v:0.29 psnr_avg:35.07 psnr_y:33.32 psnr_u:58.75 psnr_v:53.50 
n:1901 mse_avg:20.29 mse_y:30.34 mse_u:0.09 mse_v:0.29 psnr_avg:35.06 psnr_y:33.31 psnr_u:58.73 psnr_v:53.47 
n:1902 mse_avg:20.25 mse_y:30.27 mse_u:0.09 mse_v:0.29 psnr_avg:35.07 psnr_y:33.32 psnr_u:58.73 psnr_v:53.49 
n:1903 mse_avg:20.27 mse_y:30.31 mse_u:0.09 mse_v:0.29 psnr_avg:35.06 psnr_y:33.32 psnr_u:58.76 psnr_v:53.53 
n:1904 mse_avg:20.33 mse_y:30.40 mse_u:0.09 mse_v:0.29 psnr_avg:35.05 psnr_y:33.30 psnr_u:58.72 psnr_v:53.51 
n:1905 mse_avg:20.26 mse_y:30.29 mse_u:0.09 mse_v:0.29 psnr_avg:35.06 psnr_y:33.32 psnr_u:58.72 psnr_v:53.50 
n:1906 mse_avg:20.24 mse_y:30.26 mse_u:0.09 mse_v:0.29 psnr_avg:35.07 psnr_y:33.32 psnr_u:58.72 psnr_v:53.50 
n:1907 mse_avg:20.26 mse_y:30.29 mse_u:0.09 mse_v:0.29 psnr_avg:35.06 psnr_y:33.32 psnr_u:58.73 psnr_v:53.50 
n:1908 mse_avg:20.28 mse_y:30.32 mse_u:0.09 mse_v:0.29 psnr_avg:35.06 psnr_y:33.31 psnr_u:58.76 psnr_v:53.51 
n:1909 mse_avg:20.43 mse_y:30.55 mse_u:0.09 mse_v:0.29 psnr_avg:35.03 psnr_y:33.28 psnr_u:58.78 psnr_v:53.54 
n:1910 mse_avg:20.46 mse_y:30.60 mse_u:0.09 mse_v:0.29 psnr_avg:35.02 psnr_y:33.27 psnr_u:58.78 psnr_v:53.55 
n:1911 mse_avg:20.46 mse_y:30.60 mse_u:0.09 mse_v:0.29 psnr_avg:35.02 psnr_y:33.27 psnr_u:58.78 psnr_v:53.54 
n:1912 mse_avg:20.49 mse_y:30.64 mse_u:0.09 mse_v:0.29 psnr_avg:35.02 psnr_y:33.27 psnr_u:58.75 psnr_v:53.52 
n:1913 mse_avg:20.43 mse_y:30.55 mse_u:0.09 mse_v:0.29 psnr_avg:35.03 psnr_y:33.28 psnr_u:58.78 psnr_v:53.55 
n:1914 mse_avg:20.37 mse_y:30.47 mse_u:0.09 mse_v:0.29 psnr_avg:35.04 psnr_y:33.29 psnr_u:58.68 psnr_v:53.52 
n:1915 mse_avg:20.43 mse_y:30.56 mse_u:0.09 mse_v:0.29 psnr_avg:35.03 psnr_y:33.28 psnr_u:58.78 psnr_v:53.53 
n:1916 mse_avg:20.40 mse_y:30.51 mse_u:0.09 mse_v:0.29 psnr_avg:35.03 psnr_y:33.29 psnr_u:58.78 psnr_v:53.53 
n:1917 mse_avg:20.41 mse_y:30.52 mse_u:0.09 mse_v:0.29 psnr_avg:35.03 psnr_y:33.28 psnr_u:58.78 psnr_v:53.53 
n:1918 mse_avg:20.40 mse_y:30.51 mse_u:0.09 mse_v:0.29 psnr_avg:35.03 psnr_y:33.29 psnr_u:58.78 psnr_v:53.53 
n:1919 mse_avg:20.39 mse_y:30.50 mse_u:0.09 mse_v:0.29 psnr_avg:35.04 psnr_y:33.29 psnr_u:58.78 psnr_v:53.52 
n:1920 mse_avg:20.46 mse_y:30.60 mse_u:0.09 mse_v:0.29 psnr_avg:35.02 psnr_y:33.27 psnr_u:58.76 psnr_v:53.52 
n:1921 mse_avg:20.56 mse_y:30.74 mse_u:0.09 mse_v:0.29 psnr_avg:35.00 psnr_y:33.25 psnr_u:58.77 psnr_v:53.52 
n:1922 mse_avg:20.45 mse_y:30.59 mse_u:0.09 mse_v:0.29 psnr_avg:35.02 psnr_y:33.28 psnr_u:58.76 psnr_v:53.52 
n:1923 mse_avg:20.47 mse_y:30.62 mse_u:0.09 mse_v:0.29 psnr_avg:35.02 psnr_y:33.27 psnr_u:58.76 psnr_v:53.53 
n:1924 mse_avg:20.41 mse_y:30.53 mse_u:0.09 mse_v:0.29 psnr_avg:35.03 psnr_y:33.28 psnr_u:58.77 psnr_v:53.53 
n:1925 mse_avg:20.47 mse_y:30.61 mse_u:0.09 mse_v:0.29 psnr_avg:35.02 psnr_y:33.27 psnr_u:58.77 psnr_v:53.52 
n:1926 mse_avg:20.50 mse_y:30.65 mse_u:0.09 mse_v:0.29 psnr_avg:35.01 psnr_y:33.27 psnr_u:58.77 psnr_v:53.52 
n:1927 mse_avg:20.52 mse_y:30.69 mse_u:0.09 mse_v:0.29 psnr_avg:35.01 psnr_y:33.26 psnr_u:58.77 psnr_v:53.50 
n:1928 mse_avg:20.52 mse_y:30.69 mse_u:0.09 mse_v:0.29 psnr_avg:35.01 psnr_y:33.26 psnr_u:58.78 psnr_v:53.52 
n:1929 mse_avg:20.50 mse_y:30.65 mse_u:0.09 mse_v:0.29 psnr_avg:35.01 psnr_y:33.27 psnr_u:58.77 psnr_v:53.53 
n:1930 mse_avg:20.48 mse_y:30.62 mse_u:0.09 mse_v:0.29 psnr_avg:35.02 psnr_y:33.27 psnr_u:58.76 psnr_v:53.52 
n:1931 mse_avg:20.45 mse_y:30.57 mse_u:0.09 mse_v:0.29 psnr_avg:35.02 psnr_y:33.28 psnr_u:58.77 psnr_v:53.52 
n:1932 mse_avg:20.46 mse_y:30.60 mse_u:0.09 mse_v:0.29 psnr_avg:35.02 psnr_y:33.27 psnr_u:58.77 psnr_v:53.53 
n:1933 mse_avg:20.49 mse_y:30.64 mse_u:0.09 mse_v:0.29 psnr_avg:35.02 psnr_y:33.27 psnr_u:58.77 psnr_v:53.52 
n:1934 mse_avg:20.53 mse_y:30.69 mse_u:0.09 mse_v:0.29 psnr_avg:35.01 psnr_y:33.26 psnr_u:58.77 psnr_v:53.52 
n:1935 mse_avg:20.56 mse_y:30.75 mse_u:0.09 mse_v:0.29 psnr_avg:35.00 psnr_y:33.25 psnr_u:58.77 psnr_v:53.52 
n:1936 mse_avg:20.54 mse_y:30.71 mse_u:0.09 mse_v:0.29 psnr_avg:35.01 psnr_y:33.26 psnr_u:58.78 psnr_v:53.52 
n:1937 mse_avg:20.65 mse_y:30.89 mse_u:0.09 mse_v:0.29 psnr_avg:34.98 psnr_y:33.23 psnr_u:58.78 psnr_v:53.52 
n:1938 mse_avg:20.57 mse_y:30.77 mse_u:0.09 mse_v:0.29 psnr_avg:35.00 psnr_y:33.25 psnr_u:58.78 psnr_v:53.52 
n:1939 mse_avg:20.54 mse_y:30.71 mse_u:0.09 mse_v:0.29 psnr_avg:35.01 psnr_y:33.26 psnr_u:58.76 psnr_v:53.50 
n:1940 mse_avg:20.51 mse_y:30.67 mse_u:0.09 mse_v:0.29 psnr_avg:35.01 psnr_y:33.26 psnr_u:58.76 psnr_v:53.51 
n:1941 mse_avg:20.49 mse_y:30.64 mse_u:0.09 mse_v:0.29 psnr_avg:35.02 psnr_y:33.27 psnr_u:58.76 psnr_v:53.53 
n:1942 mse_avg:20.48 mse_y:30.62 mse_u:0.09 mse_v:0.29 psnr_avg:35.02 psnr_y:33.27 psnr_u:58.76 psnr_v:53.50 
n:1943 mse_avg:20.53 mse_y:30.71 mse_u:0.09 mse_v:0.29 psnr_avg:35.01 psnr_y:33.26 psnr_u:58.75 psnr_v:53.52 
n:1944 mse_avg:20.55 mse_y:30.73 mse_u:0.09 mse_v:0.29 psnr_avg:35.00 psnr_y:33.26 psnr_u:58.75 psnr_v:53.51 
n:1945 mse_avg:20.61 mse_y:30.82 mse_u:0.09 mse_v:0.29 psnr_avg:34.99 psnr_y:33.24 psnr_u:58.75 psnr_v:53.51 
n:1946 mse_avg:20.65 mse_y:30.88 mse_u:0.09 mse_v:0.29 psnr_avg:34.98 psnr_y:33.23 psnr_u:58.75 psnr_v:53.51 
n:1947 mse_avg:20.72 mse_y:30.99 mse_u:0.09 mse_v:0.29 psnr_avg:34.97 psnr_y:33.22 psnr_u:58.74 psnr_v:53.52 
n:1948 mse_avg:20.65 mse_y:30.87 mse_u:0.09 mse_v:0.29 psnr_avg:34.98 psnr_y:33.23 psnr_u:58.75 psnr_v:53.53 
n:1949 mse_avg:20.57 mse_y:30.76 mse_u:0.09 mse_v:0.29 psnr_avg:35.00 psnr_y:33.25 psnr_u:58.75 psnr_v:53.53 
n:1950 mse_avg:20.63 mse_y:30.84 mse_u:0.09 mse_v:0.29 psnr_avg:34.99 psnr_y:33.24 psnr_u:58.75 psnr_v:53.52 
n:1951 mse_avg:20.71 mse_y:30.97 mse_u:0.09 mse_v:0.29 psnr_avg:34.97 psnr_y:33.22 psnr_u:58.74 psnr_v:53.53 
n:1952 mse_avg:20.73 mse_y:31.00 mse_u:0.09 mse_v:0.29 psnr_avg:34.96 psnr_y:33.22 psnr_u:58.75 psnr_v:53.53 
n:1953 mse_avg:20.63 mse_y:30.85 mse_u:0.09 mse_v:0.29 psnr_avg:34.99 psnr_y:33.24 psnr_u:58.76 psnr_v:53.53 
n:1954 mse_avg:20.68 mse_y:30.93 mse_u:0.09 mse_v:0.29 psnr_avg:34.97 psnr_y:33.23 psnr_u:58.75 psnr_v:53.53 
n:1955 mse_avg:20.69 mse_y:30.94 mse_u:0.09 mse_v:0.29 psnr_avg:34.97 psnr_y:33.23 psnr_u:58.76 psnr_v:53.53 
n:1956 mse_avg:20.62 mse_y:30.84 mse_u:0.09 mse_v:0.29 psnr_avg:34.99 psnr_y:33.24 psnr_u:58.76 psnr_v:53.53 
n:1957 mse_avg:20.70 mse_y:30.95 mse_u:0.09 mse_v:0.29 psnr_avg:34.97 psnr_y:33.22 psnr_u:58.75 psnr_v:53.53 
n:1958 mse_avg:20.60 mse_y:30.80 mse_u:0.09 mse_v:0.29 psnr_avg:34.99 psnr_y:33.25 psnr_u:58.75 psnr_v:53.53 
n:1959 mse_avg:20.63 mse_y:30.85 mse_u:0.09 mse_v:0.29 psnr_avg:34.99 psnr_y:33.24 psnr_u:58.74 psnr_v:53.53 
n:1960 mse_avg:20.68 mse_y:30.93 mse_u:0.09 mse_v:0.29 psnr_avg:34.97 psnr_y:33.23 psnr_u:58.75 psnr_v:53.53 
n:1961 mse_avg:20.67 mse_y:30.92 mse_u:0.09 mse_v:0.29 psnr_avg:34.98 psnr_y:33.23 psnr_u:58.74 psnr_v:53.53 
n:1962 mse_avg:20.68 mse_y:30.93 mse_u:0.09 mse_v:0.29 psnr_avg:34.98 psnr_y:33.23 psnr_u:58.67 psnr_v:53.53 
n:1963 mse_avg:20.69 mse_y:30.94 mse_u:0.09 mse_v:0.29 psnr_avg:34.97 psnr_y:33.23 psnr_u:58.73 psnr_v:53.53 
n:1964 mse_avg:20.55 mse_y:30.73 mse_u:0.09 mse_v:0.29 psnr_avg:35.00 psnr_y:33.26 psnr_u:58.73 psnr_v:53.52 
n:1965 mse_avg:20.67 mse_y:30.91 mse_u:0.09 mse_v:0.29 psnr_avg:34.98 psnr_y:33.23 psnr_u:58.72 psnr_v:53.52 
n:1966 mse_avg:20.63 mse_y:30.85 mse_u:0.09 mse_v:0.29 psnr_avg:34.99 psnr_y:33.24 psnr_u:58.72 psnr_v:53.52 
n:1967 mse_avg:20.47 mse_y:30.61 mse_u:0.09 mse_v:0.29 psnr_avg:35.02 psnr_y:33.27 psnr_u:58.73 psnr_v:53.52 
n:1968 mse_avg:20.49 mse_y:30.64 mse_u:0.09 mse_v:0.29 psnr_avg:35.02 psnr_y:33.27 psnr_u:58.74 psnr_v:53.52 
n:1969 mse_avg:20.39 mse_y:30.49 mse_u:0.09 mse_v:0.29 psnr_avg:35.04 psnr_y:33.29 psnr_u:58.74 psnr_v:53.52 
n:1970 mse_avg:20.37 mse_y:30.46 mse_u:0.09 mse_v:0.29 psnr_avg:35.04 psnr_y:33.29 psnr_u:58.73 psnr_v:53.50 
n:1971 mse_avg:20.29 mse_y:30.34 mse_u:0.09 mse_v:0.29 psnr_avg:35.06 psnr_y:33.31 psnr_u:58.73 psnr_v:53.52 
n:1972 mse_avg:20.29 mse_y:30.35 mse_u:0.09 mse_v:0.29 psnr_avg:35.06 psnr_y:33.31 psnr_u:58.73 psnr_v:53.52 
n:1973 mse_avg:20.36 mse_y:30.45 mse_u:0.09 mse_v:0.29 psnr_avg:35.04 psnr_y:33.29 psnr_u:58.73 psnr_v:53.52 
n:1974 mse_avg:20.33 mse_y:30.41 mse_u:0.09 mse_v:0.29 psnr_avg:35.05 psnr_y:33.30 psnr_u:58.73 psnr_v:53.53 
n:1975 mse_avg:20.46 mse_y:30.60 mse_u:0.09 mse_v:0.29 psnr_avg:35.02 psnr_y:33.27 psnr_u:58.74 psnr_v:53.53 
n:1976 mse_avg:20.00 mse_y:29.91 mse_u:0.09 mse_v:0.29 psnr_avg:35.12 psnr_y:33.37 psnr_u:58.72 psnr_v:53.53 
n:1977 mse_avg:20.61 mse_y:30.82 mse_u:0.09 mse_v:0.29 psnr_avg:34.99 psnr_y:33.24 psnr_u:58.73 psnr_v:53.53 
n:1978 mse_avg:20.48 mse_y:30.62 mse_u:0.09 mse_v:0.29 psnr_avg:35.02 psnr_y:33.27 psnr_u:58.73 psnr_v:53.53 
n:1979 mse_avg:19.99 mse_y:29.90 mse_u:0.09 mse_v:0.29 psnr_avg:35.12 psnr_y:33.37 psnr_u:58.73 psnr_v:53.53 
n:1980 mse_avg:20.17 mse_y:30.16 mse_u:0.09 mse_v:0.29 psnr_avg:35.08 psnr_y:33.34 psnr_u:58.72 psnr_v:53.53 
n:1981 mse_avg:20.07 mse_y:30.02 mse_u:0.09 mse_v:0.29 psnr_avg:35.10 psnr_y:33.36 psnr_u:58.73 psnr_v:53.53 
n:1982 mse_avg:19.99 mse_y:29.88 mse_u:0.09 mse_v:0.29 psnr_avg:35.12 psnr_y:33.38 psnr_u:58.70 psnr_v:53.53 
n:1983 mse_avg:20.14 mse_y:30.12 mse_u:0.09 mse_v:0.29 psnr_avg:35.09 psnr_y:33.34 psnr_u:58.71 psnr_v:53.53 
n:1984 mse_avg:20.25 mse_y:30.27 mse_u:0.09 mse_v:0.29 psnr_avg:35.07 psnr_y:33.32 psnr_u:58.67 psnr_v:53.53 
n:1985 mse_avg:20.06 mse_y:29.99 mse_u:0.09 mse_v:0.29 psnr_avg:35.11 psnr_y:33.36 psnr_u:58.73 psnr_v:53.53 
n:1986 mse_avg:20.04 mse_y:29.96 mse_u:0.09 mse_v:0.29 psnr_avg:35.11 psnr_y:33.37 psnr_u:58.73 psnr_v:53.53 
n:1987 mse_avg:20.52 mse_y:30.69 mse_u:0.09 mse_v:0.29 psnr_avg:35.01 psnr_y:33.26 psnr_u:58.72 psnr_v:53.53 
n:1988 mse_avg:20.06 mse_y:30.00 mse_u:0.09 mse_v:0.29 psnr_avg:35.11 psnr_y:33.36 psnr_u:58.69 psnr_v:53.53 
n:1989 mse_avg:20.08 mse_y:30.03 mse_u:0.09 mse_v:0.29 psnr_avg:35.10 psnr_y:33.36 psnr_u:58.68 psnr_v:53.53 
n:1990 mse_avg:20.61 mse_y:30.82 mse_u:0.09 mse_v:0.29 psnr_avg:34.99 psnr_y:33.24 psnr_u:58.67 psnr_v:53.53 
n:1991 mse_avg:20.06 mse_y:30.00 mse_u:0.09 mse_v:0.29 psnr_avg:35.11 psnr_y:33.36 psnr_u:58.67 psnr_v:53.53 
n:1992 mse_avg:20.11 mse_y:30.07 mse_u:0.09 mse_v:0.29 psnr_avg:35.10 psnr_y:33.35 psnr_u:58.67 psnr_v:53.53 
n:1993 mse_avg:20.48 mse_y:30.63 mse_u:0.09 mse_v:0.29 psnr_avg:35.02 psnr_y:33.27 psnr_u:58.67 psnr_v:53.53 
n:1994 mse_avg:20.09 mse_y:30.04 mse_u:0.09 mse_v:0.29 psnr_avg:35.10 psnr_y:33.35 psnr_u:58.69 psnr_v:53.53 
n:1995 mse_avg:20.10 mse_y:30.06 mse_u:0.09 mse_v:0.29 psnr_avg:35.10 psnr_y:33.35 psnr_u:58.69 psnr_v:53.53 
n:1996 mse_avg:0.15 mse_y:0.22 mse_u:0.02 mse_v:0.02 psnr_avg:56.33 psnr_y:54.76 psnr_u:65.93 psnr_v:64.84 
n:1997 mse_avg:0.15 mse_y:0.22 mse_u:0.02 mse_v:0.02 psnr_avg:56.23 psnr_y:54.65 psnr_u:65.92 psnr_v:64.83 
n:1998 mse_avg:0.24 mse_y:0.34 mse_u:0.03 mse_v:0.04 psnr_avg:54.39 psnr_y:52.85 psnr_u:63.12 psnr_v:62.38 
n:1999 mse_avg:0.24 mse_y:0.34 mse_u:0.03 mse_v:0.04 psnr_avg:54.40 psnr_y:52.86 psnr_u:63.12 psnr_v:62.41 
n:2000 mse_avg:0.24 mse_y:0.34 mse_u:0.03 mse_v:0.04 psnr_avg:54.42 psnr_y:52.87 psnr_u:63.14 psnr_v:62.42 
n:2001 mse_avg:0.23 mse_y:0.33 mse_u:0.03 mse_v:0.04 psnr_avg:54.45 psnr_y:52.90 psnr_u:63.19 psnr_v:62.43 
n:2002 mse_avg:0.23 mse_y:0.33 mse_u:0.03 mse_v:0.04 psnr_avg:54.44 psnr_y:52.90 psnr_u:63.19 psnr_v:62.43 
n:2003 mse_avg:0.23 mse_y:0.33 mse_u:0.03 mse_v:0.04 psnr_avg:54.45 psnr_y:52.90 psnr_u:63.19 psnr_v:62.43 
n:2004 mse_avg:0.23 mse_y:0.33 mse_u:0.03 mse_v:0.04 psnr_avg:54.45 psnr_y:52.91 psnr_u:63.27 psnr_v:62.52 
n:2005 mse_avg:0.23 mse_y:0.33 mse_u:0.03 mse_v:0.04 psnr_avg:54.44 psnr_y:52.89 psnr_u:63.28 psnr_v:62.52 
n:2006 mse_avg:0.23 mse_y:0.33 mse_u:0.03 mse_v:0.04 psnr_avg:54.46 psnr_y:52.91 psnr_u:63.28 psnr_v:62.52 
n:2007 mse_avg:0.23 mse_y:0.33 mse_u:0.03 mse_v:0.04 psnr_avg:54.46 psnr_y:52.91 psnr_u:63.28 psnr_v:62.52 
n:2008 mse_avg:0.23 mse_y:0.33 mse_u:0.03 mse_v:0.04 psnr_avg:54.46 psnr_y:52.91 psnr_u:63.28 psnr_v:62.52 
n:2009 mse_avg:0.23 mse_y:0.33 mse_u:0.03 mse_v:0.04 psnr_avg:54.45 psnr_y:52.91 psnr_u:63.28 psnr_v:62.52 
n:2010 mse_avg:0.23 mse_y:0.33 mse_u:0.03 mse_v:0.04 psnr_avg:54.45 psnr_y:52.90 psnr_u:63.28 psnr_v:62.52 
n:2011 mse_avg:0.23 mse_y:0.33 mse_u:0.03 mse_v:0.04 psnr_avg:54.45 psnr_y:52.91 psnr_u:63.28 psnr_v:62.52 
n:2012 mse_avg:0.23 mse_y:0.33 mse_u:0.03 mse_v:0.04 psnr_avg:54.45 psnr_y:52.91 psnr_u:63.28 psnr_v:62.52 
n:2013 mse_avg:0.23 mse_y:0.33 mse_u:0.03 mse_v:0.04 psnr_avg:54.45 psnr_y:52.91 psnr_u:63.28 psnr_v:62.52 
n:2014 mse_avg:0.23 mse_y:0.33 mse_u:0.03 mse_v:0.04 psnr_avg:54.45 psnr_y:52.91 psnr_u:63.28 psnr_v:62.52 
n:2015 mse_avg:0.23 mse_y:0.33 mse_u:0.03 mse_v:0.04 psnr_avg:54.45 psnr_y:52.91 psnr_u:63.28 psnr_v:62.52 
n:2016 mse_avg:0.23 mse_y:0.33 mse_u:0.03 mse_v:0.04 psnr_avg:54.45 psnr_y:52.91 psnr_u:63.28 psnr_v:62.52 
n:2017 mse_avg:0.23 mse_y:0.33 mse_u:0.03 mse_v:0.04 psnr_avg:54.45 psnr_y:52.91 psnr_u:63.28 psnr_v:62.52 
n:2018 mse_avg:0.23 mse_y:0.33 mse_u:0.03 mse_v:0.04 psnr_avg:54.45 psnr_y:52.91 psnr_u:63.28 psnr_v:62.52 
n:2019 mse_avg:0.23 mse_y:0.33 mse_u:0.03 mse_v:0.04 psnr_avg:54.45 psnr_y:52.91 psnr_u:63.28 psnr_v:62.52 
n:2020 mse_avg:0.23 mse_y:0.33 mse_u:0.03 mse_v:0.04 psnr_avg:54.45 psnr_y:52.91 psnr_u:63.28 psnr_v:62.52 
n:2021 mse_avg:0.23 mse_y:0.33 mse_u:0.03 mse_v:0.04 psnr_avg:54.45 psnr_y:52.91 psnr_u:63.28 psnr_v:62.52 
n:2022 mse_avg:0.23 mse_y:0.33 mse_u:0.03 mse_v:0.04 psnr_avg:54.45 psnr_y:52.91 psnr_u:63.28 psnr_v:62.52 
n:2023 mse_avg:0.23 mse_y:0.33 mse_u:0.03 mse_v:0.04 psnr_avg:54.45 psnr_y:52.91 psnr_u:63.28 psnr_v:62.52 
n:2024 mse_avg:0.27 mse_y:0.40 mse_u:0.00 mse_v:0.00 psnr_avg:53.84 psnr_y:52.08 psnr_u:inf psnr_v:inf 
n:2025 mse_avg:0.53 mse_y:0.79 mse_u:0.00 mse_v:0.00 psnr_avg:50.89 psnr_y:49.13 psnr_u:74.03 psnr_v:inf 
n:2026 mse_avg:0.52 mse_y:0.78 mse_u:0.00 mse_v:0.00 psnr_avg:50.98 psnr_y:49.22 psnr_u:75.44 psnr_v:inf 
n:2027 mse_avg:0.69 mse_y:1.04 mse_u:0.00 mse_v:0.00 psnr_avg:49.74 psnr_y:47.98 psnr_u:78.03 psnr_v:inf 
n:2028 mse_avg:0.54 mse_y:0.81 mse_u:0.00 mse_v:0.00 psnr_avg:50.80 psnr_y:49.04 psnr_u:82.95 psnr_v:inf 
n:2029 mse_avg:0.70 mse_y:1.05 mse_u:0.00 mse_v:0.00 psnr_avg:49.68 psnr_y:47.92 psnr_u:74.66 psnr_v:inf 
n:2030 mse_avg:0.62 mse_y:0.92 mse_u:0.00 mse_v:0.00 psnr_avg:50.23 psnr_y:48.48 psnr_u:76.34 psnr_v:inf 
n:2031 mse_avg:0.69 mse_y:1.03 mse_u:0.00 mse_v:0.00 psnr_avg:49.76 psnr_y:48.00 psnr_u:75.32 psnr_v:inf 
n:2032 mse_avg:0.51 mse_y:0.76 mse_u:0.00 mse_v:0.00 psnr_avg:51.08 psnr_y:49.32 psnr_u:82.31 psnr_v:inf 
n:2033 mse_avg:0.68 mse_y:1.03 mse_u:0.00 mse_v:0.00 psnr_avg:49.78 psnr_y:48.02 psnr_u:73.43 psnr_v:inf 
n:2034 mse_avg:0.59 mse_y:0.89 mse_u:0.00 mse_v:0.00 psnr_avg:50.40 psnr_y:48.65 psnr_u:73.09 psnr_v:inf 
n:2035 mse_avg:0.70 mse_y:1.04 mse_u:0.00 mse_v:0.00 psnr_avg:49.70 psnr_y:47.94 psnr_u:72.23 psnr_v:inf 
n:2036 mse_avg:0.51 mse_y:0.76 mse_u:0.00 mse_v:0.00 psnr_avg:51.06 psnr_y:49.30 psnr_u:79.61 psnr_v:inf 
n:2037 mse_avg:0.66 mse_y:0.99 mse_u:0.00 mse_v:0.00 psnr_avg:49.92 psnr_y:48.16 psnr_u:73.59 psnr_v:inf 
n:2038 mse_avg:0.53 mse_y:0.80 mse_u:0.01 mse_v:0.00 psnr_avg:50.88 psnr_y:49.12 psnr_u:71.14 psnr_v:inf 
n:2039 mse_avg:0.67 mse_y:1.00 mse_u:0.01 mse_v:0.00 psnr_avg:49.90 psnr_y:48.15 psnr_u:70.37 psnr_v:inf 
n:2040 mse_avg:0.53 mse_y:0.80 mse_u:0.00 mse_v:0.00 psnr_avg:50.85 psnr_y:49.09 psnr_u:74.94 psnr_v:inf 
n:2041 mse_avg:0.70 mse_y:1.05 mse_u:0.00 mse_v:0.00 psnr_avg:49.67 psnr_y:47.92 psnr_u:73.35 psnr_v:inf 
n:2042 mse_avg:0.62 mse_y:0.93 mse_u:0.00 mse_v:0.00 psnr_avg:50.20 psnr_y:48.44 psnr_u:73.48 psnr_v:inf 
n:2043 mse_avg:0.73 mse_y:1.10 mse_u:0.00 mse_v:0.00 psnr_avg:49.49 psnr_y:47.73 psnr_u:72.12 psnr_v:inf 
n:2044 mse_avg:0.54 mse_y:0.81 mse_u:0.00 mse_v:0.00 psnr_avg:50.81 psnr_y:49.06 psnr_u:72.62 psnr_v:inf 
n:2045 mse_avg:0.76 mse_y:1.14 mse_u:0.01 mse_v:0.00 psnr_avg:49.32 psnr_y:47.56 psnr_u:70.50 psnr_v:inf 
n:2046 mse_avg:0.61 mse_y:0.92 mse_u:0.01 mse_v:0.00 psnr_avg:50.26 psnr_y:48.50 psnr_u:70.09 psnr_v:inf 
n:2047 mse_avg:0.69 mse_y:1.04 mse_u:0.01 mse_v:0.00 psnr_avg:49.72 psnr_y:47.96 psnr_u:70.21 psnr_v:inf 
n:2048 mse_avg:0.54 mse_y:0.81 mse_u:0.00 mse_v:0.00 psnr_avg:50.81 psnr_y:49.05 psnr_u:71.26 psnr_v:inf 
n:2049 mse_avg:0.69 mse_y:1.04 mse_u:0.01 mse_v:0.00 psnr_avg:49.73 psnr_y:47.98 psnr_u:70.34 psnr_v:inf 
n:2050 mse_avg:0.65 mse_y:0.97 mse_u:0.01 mse_v:0.00 psnr_avg:50.02 psnr_y:48.27 psnr_u:70.68 psnr_v:inf 
n:2051 mse_avg:0.73 mse_y:1.10 mse_u:0.01 mse_v:0.00 psnr_avg:49.49 psnr_y:47.73 psnr_u:69.97 psnr_v:inf 
n:2052 mse_avg:0.53 mse_y:0.79 mse_u:0.00 mse_v:0.00 psnr_avg:50.91 psnr_y:49.15 psnr_u:72.33 psnr_v:inf 
n:2053 mse_avg:0.71 mse_y:1.06 mse_u:0.01 mse_v:0.00 psnr_avg:49.63 psnr_y:47.87 psnr_u:70.22 psnr_v:inf 
n:2054 mse_avg:0.61 mse_y:0.91 mse_u:0.01 mse_v:0.00 psnr_avg:50.27 psnr_y:48.52 psnr_u:70.45 psnr_v:inf 
n:2055 mse_avg:0.68 mse_y:1.02 mse_u:0.01 mse_v:0.00 psnr_avg:49.79 psnr_y:48.03 psnr_u:69.50 psnr_v:inf 
n:2056 mse_avg:0.58 mse_y:0.88 mse_u:0.00 mse_v:0.00 psnr_avg:50.46 psnr_y:48.71 psnr_u:71.84 psnr_v:inf 
n:2057 mse_avg:0.70 mse_y:1.05 mse_u:0.01 mse_v:0.00 psnr_avg:49.67 psnr_y:47.91 psnr_u:69.58 psnr_v:inf 
n:2058 mse_avg:0.57 mse_y:0.85 mse_u:0.01 mse_v:0.00 psnr_avg:50.61 psnr_y:48.86 psnr_u:70.15 psnr_v:inf 
n:2059 mse_avg:0.71 mse_y:1.07 mse_u:0.01 mse_v:0.00 psnr_avg:49.60 psnr_y:47.85 psnr_u:69.42 psnr_v:inf 
n:2060 mse_avg:0.55 mse_y:0.83 mse_u:0.01 mse_v:0.00 psnr_avg:50.71 psnr_y:48.95 psnr_u:70.33 psnr_v:inf 
n:2061 mse_avg:0.70 mse_y:1.04 mse_u:0.01 mse_v:0.00 psnr_avg:49.70 psnr_y:47.95 psnr_u:68.42 psnr_v:inf 
n:2062 mse_avg:0.64 mse_y:0.95 mse_u:0.01 mse_v:0.00 psnr_avg:50.09 psnr_y:48.34 psnr_u:68.61 psnr_v:inf 
n:2063 mse_avg:0.74 mse_y:1.11 mse_u:0.01 mse_v:0.00 psnr_avg:49.43 psnr_y:47.68 psnr_u:67.62 psnr_v:inf 
n:2064 mse_avg:0.58 mse_y:0.87 mse_u:0.01 mse_v:0.00 psnr_avg:50.50 psnr_y:48.75 psnr_u:70.01 psnr_v:inf 
n:2065 mse_avg:0.71 mse_y:1.06 mse_u:0.01 mse_v:0.00 psnr_avg:49.65 psnr_y:47.89 psnr_u:70.02 psnr_v:inf 
n:2066 mse_avg:0.58 mse_y:0.87 mse_u:0.01 mse_v:0.00 psnr_avg:50.49 psnr_y:48.74 psnr_u:69.22 psnr_v:inf 
n:2067 mse_avg:0.73 mse_y:1.10 mse_u:0.01 mse_v:0.00 psnr_avg:49.48 psnr_y:47.73 psnr_u:69.40 psnr_v:inf 
n:2068 mse_avg:0.55 mse_y:0.82 mse_u:0.01 mse_v:0.00 psnr_avg:50.77 psnr_y:49.01 psnr_u:70.43 psnr_v:inf 
n:2069 mse_avg:0.75 mse_y:1.12 mse_u:0.01 mse_v:0.00 psnr_avg:49.37 psnr_y:47.62 psnr_u:68.60 psnr_v:inf 
n:2070 mse_avg:0.69 mse_y:1.03 mse_u:0.01 mse_v:0.00 psnr_avg:49.77 psnr_y:48.02 psnr_u:67.73 psnr_v:inf 
n:2071 mse_avg:0.77 mse_y:1.15 mse_u:0.01 mse_v:0.00 psnr_avg:49.28 psnr_y:47.53 psnr_u:67.90 psnr_v:inf 
n:2072 mse_avg:0.59 mse_y:0.88 mse_u:0.01 mse_v:0.00 psnr_avg:50.42 psnr_y:48.66 psnr_u:70.89 psnr_v:inf 
n:2073 mse_avg:0.81 mse_y:1.21 mse_u:0.01 mse_v:0.00 psnr_avg:49.06 psnr_y:47.31 psnr_u:68.50 psnr_v:inf 
n:2074 mse_avg:0.71 mse_y:1.07 mse_u:0.01 mse_v:0.00 psnr_avg:49.59 psnr_y:47.84 psnr_u:67.64 psnr_v:inf 
n:2075 mse_avg:0.81 mse_y:1.22 mse_u:0.01 mse_v:0.00 psnr_avg:49.03 psnr_y:47.27 psnr_u:68.87 psnr_v:inf 
n:2076 mse_avg:0.59 mse_y:0.88 mse_u:0.01 mse_v:0.00 psnr_avg:50.44 psnr_y:48.69 psnr_u:70.15 psnr_v:inf 
n:2077 mse_avg:0.78 mse_y:1.16 mse_u:0.01 mse_v:0.00 psnr_avg:49.22 psnr_y:47.48 psnr_u:66.86 psnr_v:inf 
n:2078 mse_avg:0.65 mse_y:0.98 mse_u:0.01 mse_v:0.00 psnr_avg:49.98 psnr_y:48.24 psnr_u:67.48 psnr_v:inf 
n:2079 mse_avg:0.80 mse_y:1.19 mse_u:0.01 mse_v:0.00 psnr_avg:49.12 psnr_y:47.37 psnr_u:67.20 psnr_v:inf 
n:2080 mse_avg:0.60 mse_y:0.90 mse_u:0.01 mse_v:0.00 psnr_avg:50.33 psnr_y:48.58 psnr_u:69.17 psnr_v:inf 
n:2081 mse_avg:0.84 mse_y:1.26 mse_u:0.01 mse_v:0.00 psnr_avg:48.89 psnr_y:47.14 psnr_u:67.59 psnr_v:inf 
n:2082 mse_avg:0.75 mse_y:1.12 mse_u:0.01 mse_v:0.00 psnr_avg:49.38 psnr_y:47.63 psnr_u:66.98 psnr_v:inf 
n:2083 mse_avg:0.89 mse_y:1.33 mse_u:0.01 mse_v:0.00 psnr_avg:48.64 psnr_y:46.89 psnr_u:67.39 psnr_v:inf 
n:2084 mse_avg:0.65 mse_y:0.97 mse_u:0.01 mse_v:0.00 psnr_avg:50.03 psnr_y:48.28 psnr_u:68.73 psnr_v:inf 
n:2085 mse_avg:0.88 mse_y:1.31 mse_u:0.01 mse_v:0.00 psnr_avg:48.70 psnr_y:46.95 psnr_u:66.79 psnr_v:inf 
n:2086 mse_avg:0.76 mse_y:1.14 mse_u:0.01 mse_v:0.00 psnr_avg:49.32 psnr_y:47.57 psnr_u:67.10 psnr_v:inf 
n:2087 mse_avg:0.88 mse_y:1.32 mse_u:0.01 mse_v:0.00 psnr_avg:48.67 psnr_y:46.91 psnr_u:66.99 psnr_v:inf 
n:2088 mse_avg:0.67 mse_y:1.01 mse_u:0.01 mse_v:0.00 psnr_avg:49.85 psnr_y:48.09 psnr_u:68.80 psnr_v:inf 
n:2089 mse_avg:0.92 mse_y:1.38 mse_u:0.01 mse_v:0.00 psnr_avg:48.49 psnr_y:46.73 psnr_u:68.10 psnr_v:inf 
n:2090 mse_avg:0.84 mse_y:1.25 mse_u:0.01 mse_v:0.00 psnr_avg:48.90 psnr_y:47.15 psnr_u:67.69 psnr_v:inf 
n:2091 mse_avg:0.86 mse_y:1.29 mse_u:0.01 mse_v:0.00 psnr_avg:48.78 psnr_y:47.03 psnr_u:68.00 psnr_v:inf 
n:2092 mse_avg:0.64 mse_y:0.96 mse_u:0.01 mse_v:0.00 psnr_avg:50.08 psnr_y:48.32 psnr_u:69.82 psnr_v:inf 
n:2093 mse_avg:0.86 mse_y:1.29 mse_u:0.01 mse_v:0.00 psnr_avg:48.79 psnr_y:47.04 psnr_u:67.69 psnr_v:inf 
n:2094 mse_avg:0.79 mse_y:1.18 mse_u:0.01 mse_v:0.00 psnr_avg:49.14 psnr_y:47.39 psnr_u:66.56 psnr_v:inf 
n:2095 mse_avg:0.93 mse_y:1.40 mse_u:0.02 mse_v:0.00 psnr_avg:48.43 psnr_y:46.68 psnr_u:66.05 psnr_v:inf 
n:2096 mse_avg:0.68 mse_y:1.02 mse_u:0.01 mse_v:0.00 psnr_avg:49.81 psnr_y:48.06 psnr_u:68.21 psnr_v:inf 
n:2097 mse_avg:0.94 mse_y:1.40 mse_u:0.02 mse_v:0.00 psnr_avg:48.41 psnr_y:46.66 psnr_u:66.35 psnr_v:inf 
n:2098 mse_avg:0.78 mse_y:1.17 mse_u:0.01 mse_v:0.00 psnr_avg:49.21 psnr_y:47.46 psnr_u:67.13 psnr_v:inf 
n:2099 mse_avg:0.91 mse_y:1.36 mse_u:0.01 mse_v:0.00 psnr_avg:48.53 psnr_y:46.78 psnr_u:67.71 psnr_v:inf 
n:2100 mse_avg:0.66 mse_y:0.99 mse_u:0.01 mse_v:0.00 psnr_avg:49.93 psnr_y:48.18 psnr_u:67.98 psnr_v:inf 
n:2101 mse_avg:0.86 mse_y:1.28 mse_u:0.02 mse_v:0.00 psnr_avg:48.79 psnr_y:47.04 psnr_u:66.02 psnr_v:inf 
n:2102 mse_avg:0.70 mse_y:1.05 mse_u:0.01 mse_v:0.00 psnr_avg:49.66 psnr_y:47.91 psnr_u:67.16 psnr_v:inf 
n:2103 mse_avg:0.70 mse_y:1.05 mse_u:0.01 mse_v:0.00 psnr_avg:49.66 psnr_y:47.92 psnr_u:66.99 psnr_v:inf 
n:2104 mse_avg:0.62 mse_y:0.93 mse_u:0.01 mse_v:0.00 psnr_avg:50.21 psnr_y:48.46 psnr_u:67.17 psnr_v:inf 
n:2105 mse_avg:0.83 mse_y:1.24 mse_u:0.02 mse_v:0.00 psnr_avg:48.94 psnr_y:47.20 psnr_u:65.31 psnr_v:inf 
n:2106 mse_avg:0.77 mse_y:1.15 mse_u:0.02 mse_v:0.00 psnr_avg:49.28 psnr_y:47.54 psnr_u:66.23 psnr_v:inf 
n:2107 mse_avg:0.90 mse_y:1.34 mse_u:0.02 mse_v:0.00 psnr_avg:48.61 psnr_y:46.86 psnr_u:66.23 psnr_v:inf 
n:2108 mse_avg:0.65 mse_y:0.97 mse_u:0.01 mse_v:0.00 psnr_avg:50.00 psnr_y:48.26 psnr_u:66.55 psnr_v:inf 
n:2109 mse_avg:0.89 mse_y:1.33 mse_u:0.02 mse_v:0.00 psnr_avg:48.65 psnr_y:46.90 psnr_u:64.92 psnr_v:inf 
n:2110 mse_avg:0.75 mse_y:1.12 mse_u:0.02 mse_v:0.00 psnr_avg:49.39 psnr_y:47.65 psnr_u:66.08 psnr_v:inf 
n:2111 mse_avg:0.89 mse_y:1.33 mse_u:0.02 mse_v:0.00 psnr_avg:48.63 psnr_y:46.89 psnr_u:65.09 psnr_v:inf 
n:2112 mse_avg:0.66 mse_y:0.99 mse_u:0.02 mse_v:0.00 psnr_avg:49.92 psnr_y:48.18 psnr_u:65.14 psnr_v:inf 
n:2113 mse_avg:0.92 mse_y:1.38 mse_u:0.02 mse_v:0.00 psnr_avg:48.48 psnr_y:46.74 psnr_u:64.24 psnr_v:inf 
n:2114 mse_avg:0.78 mse_y:1.17 mse_u:0.02 mse_v:0.00 psnr_avg:49.18 psnr_y:47.45 psnr_u:64.18 psnr_v:inf 
n:2115 mse_avg:0.82 mse_y:1.23 mse_u:0.02 mse_v:0.00 psnr_avg:48.99 psnr_y:47.25 psnr_u:64.47 psnr_v:inf 
n:2116 mse_avg:0.62 mse_y:0.93 mse_u:0.02 mse_v:0.00 psnr_avg:50.17 psnr_y:48.43 psnr_u:65.44 psnr_v:inf 
n:2117 mse_avg:0.81 mse_y:1.21 mse_u:0.02 mse_v:0.00 psnr_avg:49.05 psnr_y:47.31 psnr_u:64.73 psnr_v:inf 
n:2118 mse_avg:0.71 mse_y:1.06 mse_u:0.02 mse_v:0.00 psnr_avg:49.60 psnr_y:47.86 psnr_u:64.36 psnr_v:inf 
n:2119 mse_avg:0.82 mse_y:1.22 mse_u:0.02 mse_v:0.00 psnr_avg:49.02 psnr_y:47.27 psnr_u:65.17 psnr_v:inf 
n:2120 mse_avg:0.63 mse_y:0.94 mse_u:0.03 mse_v:0.00 psnr_avg:50.13 psnr_y:48.40 psnr_u:63.97 psnr_v:inf 
n:2121 mse_avg:0.79 mse_y:1.18 mse_u:0.03 mse_v:0.00 psnr_avg:49.13 psnr_y:47.39 psnr_u:63.59 psnr_v:inf 
n:2122 mse_avg:0.67 mse_y:1.00 mse_u:0.02 mse_v:0.00 psnr_avg:49.88 psnr_y:48.15 psnr_u:64.83 psnr_v:inf 
n:2123 mse_avg:0.78 mse_y:1.17 mse_u:0.02 mse_v:0.00 psnr_avg:49.20 psnr_y:47.46 psnr_u:64.18 psnr_v:inf 
n:2124 mse_avg:0.61 mse_y:0.91 mse_u:0.02 mse_v:0.00 psnr_avg:50.30 psnr_y:48.56 psnr_u:64.26 psnr_v:inf 
n:2125 mse_avg:0.81 mse_y:1.21 mse_u:0.02 mse_v:0.00 psnr_avg:49.05 psnr_y:47.31 psnr_u:64.67 psnr_v:inf 
n:2126 mse_avg:0.73 mse_y:1.08 mse_u:0.03 mse_v:0.00 psnr_avg:49.51 psnr_y:47.78 psnr_u:63.66 psnr_v:inf 
n:2127 mse_avg:0.77 mse_y:1.15 mse_u:0.03 mse_v:0.00 psnr_avg:49.25 psnr_y:47.52 psnr_u:64.12 psnr_v:inf 
n:2128 mse_avg:0.58 mse_y:0.87 mse_u:0.02 mse_v:0.00 psnr_avg:50.48 psnr_y:48.74 psnr_u:65.18 psnr_v:inf 
n:2129 mse_avg:0.78 mse_y:1.16 mse_u:0.02 mse_v:0.00 psnr_avg:49.23 psnr_y:47.49 psnr_u:64.85 psnr_v:inf 
n:2130 mse_avg:0.68 mse_y:1.01 mse_u:0.03 mse_v:0.00 psnr_avg:49.82 psnr_y:48.08 psnr_u:64.13 psnr_v:inf 
n:2131 mse_avg:0.82 mse_y:1.23 mse_u:0.02 mse_v:0.00 psnr_avg:48.98 psnr_y:47.24 psnr_u:64.46 psnr_v:inf 
n:2132 mse_avg:0.62 mse_y:0.92 mse_u:0.02 mse_v:0.00 psnr_avg:50.22 psnr_y:48.49 psnr_u:65.02 psnr_v:inf 
n:2133 mse_avg:0.76 mse_y:1.14 mse_u:0.02 mse_v:0.00 psnr_avg:49.32 psnr_y:47.58 psnr_u:64.63 psnr_v:inf 
n:2134 mse_avg:0.65 mse_y:0.98 mse_u:0.02 mse_v:0.00 psnr_avg:49.97 psnr_y:48.23 psnr_u:65.83 psnr_v:inf 
n:2135 mse_avg:0.79 mse_y:1.18 mse_u:0.02 mse_v:0.00 psnr_avg:49.14 psnr_y:47.40 psnr_u:65.76 psnr_v:inf 
n:2136 mse_avg:0.62 mse_y:0.93 mse_u:0.02 mse_v:0.00 psnr_avg:50.18 psnr_y:48.44 psnr_u:65.46 psnr_v:inf 
n:2137 mse_avg:0.83 mse_y:1.25 mse_u:0.02 mse_v:0.00 psnr_avg:48.92 psnr_y:47.17 psnr_u:65.69 psnr_v:inf 
n:2138 mse_avg:0.72 mse_y:1.08 mse_u:0.02 mse_v:0.00 psnr_avg:49.56 psnr_y:47.82 psnr_u:65.19 psnr_v:inf 
n:2139 mse_avg:0.77 mse_y:1.15 mse_u:0.02 mse_v:0.00 psnr_avg:49.26 psnr_y:47.52 psnr_u:65.72 psnr_v:inf 
n:2140 mse_avg:0.59 mse_y:0.88 mse_u:0.01 mse_v:0.00 psnr_avg:50.45 psnr_y:48.71 psnr_u:66.58 psnr_v:inf 
n:2141 mse_avg:0.66 mse_y:0.99 mse_u:0.02 mse_v:0.00 psnr_avg:49.94 psnr_y:48.20 psnr_u:65.93 psnr_v:inf 
n:2142 mse_avg:0.67 mse_y:1.01 mse_u:0.02 mse_v:0.00 psnr_avg:49.84 psnr_y:48.10 psnr_u:66.14 psnr_v:inf 
n:2143 mse_avg:0.81 mse_y:1.21 mse_u:0.02 mse_v:0.00 psnr_avg:49.03 psnr_y:47.29 psnr_u:64.95 psnr_v:inf 
n:2144 mse_avg:0.61 mse_y:0.91 mse_u:0.02 mse_v:0.00 psnr_avg:50.27 psnr_y:48.53 psnr_u:65.47 psnr_v:inf 
n:2145 mse_avg:0.81 mse_y:1.21 mse_u:0.02 mse_v:0.00 psnr_avg:49.04 psnr_y:47.30 psnr_u:64.69 psnr_v:inf 
n:2146 mse_avg:0.73 mse_y:1.10 mse_u:0.02 mse_v:0.00 psnr_avg:49.47 psnr_y:47.73 psnr_u:64.64 psnr_v:inf 
n:2147 mse_avg:0.82 mse_y:1.22 mse_u:0.02 mse_v:0.00 psnr_avg:49.02 psnr_y:47.27 psnr_u:65.36 psnr_v:inf 
n:2148 mse_avg:0.60 mse_y:0.90 mse_u:0.02 mse_v:0.00 psnr_avg:50.32 psnr_y:48.58 psnr_u:66.03 psnr_v:inf 
n:2149 mse_avg:0.78 mse_y:1.16 mse_u:0.02 mse_v:0.00 psnr_avg:49.22 psnr_y:47.48 psnr_u:65.46 psnr_v:inf 
n:2150 mse_avg:0.72 mse_y:1.07 mse_u:0.02 mse_v:0.00 psnr_avg:49.58 psnr_y:47.84 psnr_u:64.77 psnr_v:inf 
n:2151 mse_avg:0.82 mse_y:1.22 mse_u:0.02 mse_v:0.00 psnr_avg:49.01 psnr_y:47.27 psnr_u:64.91 psnr_v:inf 
n:2152 mse_avg:0.61 mse_y:0.91 mse_u:0.02 mse_v:0.00 psnr_avg:50.28 psnr_y:48.54 psnr_u:65.89 psnr_v:inf 
n:2153 mse_avg:0.78 mse_y:1.16 mse_u:0.03 mse_v:0.00 psnr_avg:49.23 psnr_y:47.49 psnr_u:64.09 psnr_v:inf 
n:2154 mse_avg:0.63 mse_y:0.94 mse_u:0.02 mse_v:0.00 psnr_avg:50.14 psnr_y:48.41 psnr_u:64.43 psnr_v:inf 
n:2155 mse_avg:0.77 mse_y:1.16 mse_u:0.02 mse_v:0.00 psnr_avg:49.24 psnr_y:47.50 psnr_u:64.36 psnr_v:inf 
n:2156 mse_avg:0.58 mse_y:0.86 mse_u:0.02 mse_v:0.00 psnr_avg:50.51 psnr_y:48.77 psnr_u:65.33 psnr_v:inf 
n:2157 mse_avg:0.78 mse_y:1.16 mse_u:0.02 mse_v:0.00 psnr_avg:49.23 psnr_y:47.49 psnr_u:64.66 psnr_v:inf 
n:2158 mse_avg:0.68 mse_y:1.01 mse_u:0.02 mse_v:0.00 psnr_avg:49.82 psnr_y:48.08 psnr_u:64.22 psnr_v:inf 
n:2159 mse_avg:0.70 mse_y:1.05 mse_u:0.02 mse_v:0.00 psnr_avg:49.65 psnr_y:47.91 psnr_u:64.67 psnr_v:inf 
n:2160 mse_avg:0.59 mse_y:0.88 mse_u:0.02 mse_v:0.00 psnr_avg:50.44 psnr_y:48.70 psnr_u:65.18 psnr_v:inf 
n:2161 mse_avg:0.75 mse_y:1.12 mse_u:0.02 mse_v:0.00 psnr_avg:49.40 psnr_y:47.66 psnr_u:65.19 psnr_v:inf 
n:2162 mse_avg:0.72 mse_y:1.08 mse_u:0.03 mse_v:0.00 psnr_avg:49.54 psnr_y:47.80 psnr_u:63.73 psnr_v:inf 
n:2163 mse_avg:0.89 mse_y:1.33 mse_u:0.03 mse_v:0.00 psnr_avg:48.63 psnr_y:46.89 psnr_u:63.48 psnr_v:inf 
n:2164 mse_avg:0.44 mse_y:0.66 mse_u:0.00 mse_v:0.00 psnr_avg:51.66 psnr_y:49.91 psnr_u:72.33 psnr_v:inf 
n:2165 mse_avg:0.60 mse_y:0.90 mse_u:0.01 mse_v:0.00 psnr_avg:50.35 psnr_y:48.60 psnr_u:68.43 psnr_v:inf 
n:2166 mse_avg:38.63 mse_y:57.93 mse_u:0.05 mse_v:0.00 psnr_avg:32.26 psnr_y:30.50 psnr_u:61.13 psnr_v:inf 
n:2167 mse_avg:30.61 mse_y:45.92 mse_u:0.01 mse_v:0.00 psnr_avg:33.27 psnr_y:31.51 psnr_u:68.96 psnr_v:inf 
n:2168 mse_avg:23.35 mse_y:35.03 mse_u:0.01 mse_v:0.00 psnr_avg:34.45 psnr_y:32.69 psnr_u:68.54 psnr_v:inf 
n:2169 mse_avg:18.73 mse_y:28.10 mse_u:0.01 mse_v:0.00 psnr_avg:35.40 psnr_y:33.64 psnr_u:66.52 psnr_v:inf 
n:2170 mse_avg:13.77 mse_y:20.66 mse_u:0.01 mse_v:0.00 psnr_avg:36.74 psnr_y:34.98 psnr_u:68.64 psnr_v:inf 
n:2171 mse_avg:10.98 mse_y:16.46 mse_u:0.01 mse_v:0.00 psnr_avg:37.73 psnr_y:35.97 psnr_u:69.97 psnr_v:inf 
n:2172 mse_avg:8.20 mse_y:12.30 mse_u:0.02 mse_v:0.00 psnr_avg:38.99 psnr_y:37.23 psnr_u:64.27 psnr_v:inf 
n:2173 mse_avg:6.93 mse_y:10.39 mse_u:0.01 mse_v:0.00 psnr_avg:39.73 psnr_y:37.97 psnr_u:70.39 psnr_v:inf 
n:2174 mse_avg:6.12 mse_y:9.16 mse_u:0.06 mse_v:0.00 psnr_avg:40.27 psnr_y:38.51 psnr_u:60.14 psnr_v:inf 
n:2175 mse_avg:0.89 mse_y:1.33 mse_u:0.01 mse_v:0.00 psnr_avg:48.66 psnr_y:46.90 psnr_u:69.08 psnr_v:inf 
n:2176 mse_avg:0.00 mse_y:0.00 mse_u:0.00 mse_v:0.00 psnr_avg:78.32 psnr_y:78.33 psnr_u:75.28 psnr_v:inf 
n:2177 mse_avg:419.13 mse_y:590.75 mse_u:9.17 mse_v:142.59 psnr_avg:21.91 psnr_y:20.42 psnr_u:38.51 psnr_v:26.59 
n:2178 mse_avg:0.16 mse_y:0.22 mse_u:0.04 mse_v:0.04 psnr_avg:56.05 psnr_y:54.64 psnr_u:62.36 psnr_v:62.37 
n:2179 mse_avg:0.18 mse_y:0.25 mse_u:0.04 mse_v:0.04 psnr_avg:55.60 psnr_y:54.17 psnr_u:62.37 psnr_v:61.94 
n:2180 mse_avg:0.24 mse_y:0.34 mse_u:0.04 mse_v:0.04 psnr_avg:54.39 psnr_y:52.88 psnr_u:62.37 psnr_v:62.12 
n:2181 mse_avg:0.29 mse_y:0.41 mse_u:0.04 mse_v:0.04 psnr_avg:53.54 psnr_y:51.99 psnr_u:62.14 psnr_v:61.69 
n:2182 mse_avg:0.29 mse_y:0.41 mse_u:0.04 mse_v:0.04 psnr_avg:53.55 psnr_y:52.01 psnr_u:62.06 psnr_v:61.89 
n:2183 mse_avg:0.27 mse_y:0.39 mse_u:0.04 mse_v:0.04 psnr_avg:53.79 psnr_y:52.25 psnr_u:61.94 psnr_v:61.88 
n:2184 mse_avg:0.30 mse_y:0.42 mse_u:0.04 mse_v:0.04 psnr_avg:53.43 psnr_y:51.88 psnr_u:62.03 psnr_v:61.70 
n:2185 mse_avg:0.32 mse_y:0.46 mse_u:0.04 mse_v:0.04 psnr_avg:53.08 psnr_y:51.51 psnr_u:62.09 psnr_v:61.85 
n:2186 mse_avg:0.32 mse_y:0.46 mse_u:0.04 mse_v:0.04 psnr_avg:53.11 psnr_y:51.53 psnr_u:62.25 psnr_v:61.94 
n:2187 mse_avg:0.34 mse_y:0.49 mse_u:0.04 mse_v:0.04 psnr_avg:52.79 psnr_y:51.21 psnr_u:62.15 psnr_v:61.91 
n:2188 mse_avg:0.33 mse_y:0.47 mse_u:0.04 mse_v:0.05 psnr_avg:52.95 psnr_y:51.39 psnr_u:61.91 psnr_v:61.45 
n:2189 mse_avg:0.39 mse_y:0.56 mse_u:0.04 mse_v:0.04 psnr_avg:52.23 psnr_y:50.62 psnr_u:62.14 psnr_v:61.92 
n:2190 mse_avg:0.48 mse_y:0.70 mse_u:0.04 mse_v:0.04 psnr_avg:51.34 psnr_y:49.71 psnr_u:62.12 psnr_v:61.73 
n:2191 mse_avg:0.51 mse_y:0.74 mse_u:0.04 mse_v:0.04 psnr_avg:51.08 psnr_y:49.44 psnr_u:62.03 psnr_v:61.76 
n:2192 mse_avg:0.41 mse_y:0.59 mse_u:0.04 mse_v:0.04 psnr_avg:52.05 psnr_y:50.44 psnr_u:62.10 psnr_v:61.90 
n:2193 mse_avg:0.26 mse_y:0.36 mse_u:0.04 mse_v:0.04 psnr_avg:54.03 psnr_y:52.51 psnr_u:62.03 psnr_v:61.93 
n:2194 mse_avg:0.18 mse_y:0.25 mse_u:0.04 mse_v:0.04 psnr_avg:55.54 psnr_y:54.12 psnr_u:62.05 psnr_v:61.94 
n:2195 mse_avg:0.21 mse_y:0.30 mse_u:0.04 mse_v:0.04 psnr_avg:54.86 psnr_y:53.38 psnr_u:62.07 psnr_v:62.03 
n:2196 mse_avg:0.37 mse_y:0.54 mse_u:0.04 mse_v:0.04 psnr_avg:52.43 psnr_y:50.83 psnr_u:61.97 psnr_v:61.88 
n:2197 mse_avg:0.42 mse_y:0.61 mse_u:0.04 mse_v:0.04 psnr_avg:51.87 psnr_y:50.26 psnr_u:61.97 psnr_v:62.03 
n:2198 mse_avg:0.61 mse_y:0.90 mse_u:0.04 mse_v:0.04 psnr_avg:50.25 psnr_y:48.59 psnr_u:61.75 psnr_v:61.82 
n:2199 mse_avg:0.91 mse_y:1.34 mse_u:0.04 mse_v:0.05 psnr_avg:48.56 psnr_y:46.87 psnr_u:61.69 psnr_v:61.47 
n:2200 mse_avg:1.25 mse_y:1.86 mse_u:0.04 mse_v:0.04 psnr_avg:47.15 psnr_y:45.44 psnr_u:61.75 psnr_v:61.63 
n:2201 mse_avg:1.66 mse_y:2.46 mse_u:0.04 mse_v:0.04 psnr_avg:45.94 psnr_y:44.22 psnr_u:61.75 psnr_v:61.69 
n:2202 mse_avg:2.32 mse_y:3.45 mse_u:0.05 mse_v:0.05 psnr_avg:44.48 psnr_y:42.75 psnr_u:61.49 psnr_v:61.34 
n:2203 mse_avg:2.06 mse_y:3.07 mse_u:0.04 mse_v:0.04 psnr_avg:44.99 psnr_y:43.26 psnr_u:61.89 psnr_v:61.66 
n:2204 mse_avg:1.17 mse_y:1.74 mse_u:0.04 mse_v:0.04 psnr_avg:47.43 psnr_y:45.73 psnr_u:61.77 psnr_v:61.60 
n:2205 mse_avg:1.38 mse_y:2.05 mse_u:0.04 mse_v:0.05 psnr_avg:46.73 psnr_y:45.02 psnr_u:61.69 psnr_v:61.25 
n:2206 mse_avg:0.72 mse_y:1.06 mse_u:0.04 mse_v:0.05 psnr_avg:49.55 psnr_y:47.87 psnr_u:62.16 psnr_v:61.28 
n:2207 mse_avg:0.38 mse_y:0.55 mse_u:0.04 mse_v:0.06 psnr_avg:52.28 psnr_y:50.72 psnr_u:61.66 psnr_v:60.41 
n:2208 mse_avg:0.35 mse_y:0.50 mse_u:0.04 mse_v:0.05 psnr_avg:52.68 psnr_y:51.13 psnr_u:61.63 psnr_v:60.82 
n:2209 mse_avg:0.47 mse_y:0.68 mse_u:0.04 mse_v:0.05 psnr_avg:51.42 psnr_y:49.80 psnr_u:61.80 psnr_v:61.37 
n:2210 mse_avg:0.51 mse_y:0.74 mse_u:0.05 mse_v:0.05 psnr_avg:51.03 psnr_y:49.41 psnr_u:61.37 psnr_v:61.23 
n:2211 mse_avg:0.45 mse_y:0.65 mse_u:0.04 mse_v:0.04 psnr_avg:51.59 psnr_y:49.97 psnr_u:61.95 psnr_v:61.64 
n:2212 mse_avg:0.55 mse_y:0.81 mse_u:0.04 mse_v:0.05 psnr_avg:50.71 psnr_y:49.06 psnr_u:61.88 psnr_v:61.59 
n:2213 mse_avg:0.60 mse_y:0.87 mse_u:0.04 mse_v:0.05 psnr_avg:50.38 psnr_y:48.72 psnr_u:61.83 psnr_v:61.58 
n:2214 mse_avg:0.56 mse_y:0.82 mse_u:0.05 mse_v:0.05 psnr_avg:50.65 psnr_y:49.02 psnr_u:61.51 psnr_v:61.09 
n:2215 mse_avg:0.56 mse_y:0.81 mse_u:0.04 mse_v:0.05 psnr_avg:50.67 psnr_y:49.03 psnr_u:61.68 psnr_v:61.36 
n:2216 mse_avg:0.63 mse_y:0.92 mse_u:0.04 mse_v:0.05 psnr_avg:50.16 psnr_y:48.51 psnr_u:61.67 psnr_v:61.24 
n:2217 mse_avg:0.82 mse_y:1.20 mse_u:0.04 mse_v:0.05 psnr_avg:49.00 psnr_y:47.32 psnr_u:61.71 psnr_v:61.10 
n:2218 mse_avg:0.84 mse_y:1.24 mse_u:0.05 mse_v:0.06 psnr_avg:48.87 psnr_y:47.20 psnr_u:61.26 psnr_v:60.59 
n:2219 mse_avg:0.67 mse_y:0.98 mse_u:0.04 mse_v:0.05 psnr_avg:49.85 psnr_y:48.20 psnr_u:61.70 psnr_v:60.95 
n:2220 mse_avg:0.65 mse_y:0.95 mse_u:0.05 mse_v:0.05 psnr_avg:49.98 psnr_y:48.33 psnr_u:61.55 psnr_v:60.81 
n:2221 mse_avg:0.86 mse_y:1.26 mse_u:0.05 mse_v:0.06 psnr_avg:48.78 psnr_y:47.11 psnr_u:61.21 psnr_v:60.21 
n:2222 mse_avg:0.87 mse_y:1.28 mse_u:0.05 mse_v:0.06 psnr_avg:48.74 psnr_y:47.07 psnr_u:61.33 psnr_v:60.38 
n:2223 mse_avg:0.88 mse_y:1.29 mse_u:0.05 mse_v:0.07 psnr_avg:48.69 psnr_y:47.03 psnr_u:61.06 psnr_v:59.85 
n:2224 mse_avg:0.58 mse_y:0.84 mse_u:0.05 mse_v:0.06 psnr_avg:50.51 psnr_y:48.88 psnr_u:61.49 psnr_v:60.53 
n:2225 mse_avg:0.51 mse_y:0.73 mse_u:0.05 mse_v:0.07 psnr_avg:51.07 psnr_y:49.48 psnr_u:61.23 psnr_v:59.66 
n:2226 mse_avg:0.42 mse_y:0.61 mse_u:0.05 mse_v:0.06 psnr_avg:51.85 psnr_y:50.29 psnr_u:61.16 psnr_v:60.24 
n:2227 mse_avg:0.48 mse_y:0.68 mse_u:0.05 mse_v:0.07 psnr_avg:51.36 psnr_y:49.79 psnr_u:60.86 psnr_v:59.67 
n:2228 mse_avg:0.49 mse_y:0.71 mse_u:0.05 mse_v:0.07 psnr_avg:51.20 psnr_y:49.62 psnr_u:61.34 psnr_v:59.57 
n:2229 mse_avg:0.54 mse_y:0.77 mse_u:0.06 mse_v:0.08 psnr_avg:50.84 psnr_y:49.28 psnr_u:60.18 psnr_v:59.14 
n:2230 mse_avg:0.53 mse_y:0.77 mse_u:0.05 mse_v:0.08 psnr_avg:50.87 psnr_y:49.29 psnr_u:60.96 psnr_v:59.32 
n:2231 mse_avg:0.51 mse_y:0.73 mse_u:0.06 mse_v:0.10 psnr_avg:51.05 psnr_y:49.53 psnr_u:60.12 psnr_v:58.28 
n:2232 mse_avg:0.61 mse_y:0.87 mse_u:0.06 mse_v:0.12 psnr_avg:50.30 psnr_y:48.75 psnr_u:60.56 psnr_v:57.43 
n:2233 mse_avg:0.60 mse_y:0.86 mse_u:0.07 mse_v:0.12 psnr_avg:50.33 psnr_y:48.81 psnr_u:59.48 psnr_v:57.25 
n:2234 mse_avg:0.53 mse_y:0.75 mse_u:0.06 mse_v:0.10 psnr_avg:50.93 psnr_y:49.39 psnr_u:60.30 psnr_v:58.33 
n:2235 mse_avg:0.72 mse_y:1.02 mse_u:0.07 mse_v:0.15 psnr_avg:49.57 psnr_y:48.03 psnr_u:59.72 psnr_v:56.39 
n:2236 mse_avg:0.72 mse_y:1.04 mse_u:0.07 mse_v:0.13 psnr_avg:49.53 psnr_y:47.97 psnr_u:59.90 psnr_v:57.13 
n:2237 mse_avg:0.75 mse_y:1.07 mse_u:0.08 mse_v:0.15 psnr_avg:49.39 psnr_y:47.86 psnr_u:59.31 psnr_v:56.30 
n:2238 mse_avg:0.70 mse_y:1.00 mse_u:0.07 mse_v:0.13 psnr_avg:49.69 psnr_y:48.14 psnr_u:59.64 psnr_v:56.93 
n:2239 mse_avg:0.83 mse_y:1.18 mse_u:0.10 mse_v:0.16 psnr_avg:48.93 psnr_y:47.40 psnr_u:58.30 psnr_v:56.16 
n:2240 mse_avg:0.94 mse_y:1.36 mse_u:0.08 mse_v:0.13 psnr_avg:48.38 psnr_y:46.79 psnr_u:59.09 psnr_v:56.92 
n:2241 mse_avg:0.82 mse_y:1.18 mse_u:0.10 mse_v:0.15 psnr_avg:48.97 psnr_y:47.43 psnr_u:58.27 psnr_v:56.40 
n:2242 mse_avg:0.81 mse_y:1.15 mse_u:0.10 mse_v:0.13 psnr_avg:49.07 psnr_y:47.52 psnr_u:58.25 psnr_v:56.90 
n:2243 mse_avg:1.00 mse_y:1.43 mse_u:0.10 mse_v:0.16 psnr_avg:48.15 psnr_y:46.58 psnr_u:58.08 psnr_v:56.03 
n:2244 mse_avg:1.32 mse_y:1.91 mse_u:0.10 mse_v:0.17 psnr_avg:46.93 psnr_y:45.32 psnr_u:57.98 psnr_v:55.95 
n:2245 mse_avg:1.38 mse_y:2.01 mse_u:0.10 mse_v:0.18 psnr_avg:46.72 psnr_y:45.11 psnr_u:57.94 psnr_v:55.63 
n:2246 mse_avg:1.61 mse_y:2.36 mse_u:0.10 mse_v:0.14 psnr_avg:46.06 psnr_y:44.41 psnr_u:58.11 psnr_v:56.54 
n:2247 mse_avg:2.28 mse_y:3.34 mse_u:0.12 mse_v:0.20 psnr_avg:44.55 psnr_y:42.89 psnr_u:57.35 psnr_v:55.06 
n:2248 mse_avg:3.28 mse_y:4.85 mse_u:0.10 mse_v:0.17 psnr_avg:42.97 psnr_y:41.27 psnr_u:58.09 psnr_v:55.71 
n:2249 mse_avg:4.43 mse_y:6.56 mse_u:0.13 mse_v:0.21 psnr_avg:41.67 psnr_y:39.96 psnr_u:57.08 psnr_v:54.87 
n:2250 mse_avg:5.36 mse_y:7.97 mse_u:0.11 mse_v:0.17 psnr_avg:40.84 psnr_y:39.12 psnr_u:57.56 psnr_v:55.80 
n:2251 mse_avg:6.75 mse_y:10.06 mse_u:0.11 mse_v:0.17 psnr_avg:39.83 psnr_y:38.10 psnr_u:57.61 psnr_v:55.72 
n:2252 mse_avg:8.34 mse_y:12.43 mse_u:0.12 mse_v:0.20 psnr_avg:38.92 psnr_y:37.19 psnr_u:57.31 psnr_v:55.04 
n:2253 mse_avg:6.12 mse_y:9.11 mse_u:0.12 mse_v:0.16 psnr_avg:40.26 psnr_y:38.53 psnr_u:57.23 psnr_v:56.16 
n:2254 mse_avg:5.69 mse_y:8.47 mse_u:0.11 mse_v:0.17 psnr_avg:40.58 psnr_y:38.85 psnr_u:57.73 psnr_v:55.73 
n:2255 mse_avg:4.95 mse_y:7.35 mse_u:0.12 mse_v:0.17 psnr_avg:41.18 psnr_y:39.47 psnr_u:57.29 psnr_v:55.80 
n:2256 mse_avg:4.90 mse_y:7.27 mse_u:0.12 mse_v:0.20 psnr_avg:41.23 psnr_y:39.52 psnr_u:57.37 psnr_v:55.09 
n:2257 mse_avg:4.51 mse_y:6.70 mse_u:0.13 mse_v:0.16 psnr_avg:41.59 psnr_y:39.87 psnr_u:57.15 psnr_v:56.20 
n:2258 mse_avg:4.80 mse_y:7.12 mse_u:0.12 mse_v:0.19 psnr_avg:41.32 psnr_y:39.61 psnr_u:57.50 psnr_v:55.35 
n:2259 mse_avg:4.51 mse_y:6.70 mse_u:0.12 mse_v:0.15 psnr_avg:41.59 psnr_y:39.87 psnr_u:57.39 psnr_v:56.29 
n:2260 mse_avg:4.14 mse_y:6.14 mse_u:0.12 mse_v:0.18 psnr_avg:41.96 psnr_y:40.25 psnr_u:57.40 psnr_v:55.63 
n:2261 mse_avg:1.80 mse_y:2.62 mse_u:0.13 mse_v:0.19 psnr_avg:45.58 psnr_y:43.95 psnr_u:57.08 psnr_v:55.26 
n:2262 mse_avg:1.59 mse_y:2.32 mse_u:0.12 mse_v:0.15 psnr_avg:46.11 psnr_y:44.47 psnr_u:57.19 psnr_v:56.48 
n:2263 mse_avg:1.92 mse_y:2.81 mse_u:0.11 mse_v:0.18 psnr_avg:45.29 psnr_y:43.64 psnr_u:57.56 psnr_v:55.46 
n:2264 mse_avg:1.74 mse_y:2.55 mse_u:0.13 mse_v:0.15 psnr_avg:45.71 psnr_y:44.07 psnr_u:57.11 psnr_v:56.23 
n:2265 mse_avg:1.67 mse_y:2.43 mse_u:0.11 mse_v:0.18 psnr_avg:45.90 psnr_y:44.27 psnr_u:57.59 psnr_v:55.60 
n:2266 mse_avg:1.45 mse_y:2.11 mse_u:0.12 mse_v:0.15 psnr_avg:46.51 psnr_y:44.88 psnr_u:57.49 psnr_v:56.31 
n:2267 mse_avg:1.35 mse_y:1.96 mse_u:0.11 mse_v:0.17 psnr_avg:46.83 psnr_y:45.22 psnr_u:57.86 psnr_v:55.87 
n:2268 mse_avg:1.20 mse_y:1.73 mse_u:0.11 mse_v:0.15 psnr_avg:47.34 psnr_y:45.74 psnr_u:57.54 psnr_v:56.33 
n:2269 mse_avg:1.31 mse_y:1.90 mse_u:0.11 mse_v:0.16 psnr_avg:46.95 psnr_y:45.34 psnr_u:57.57 psnr_v:56.10 
n:2270 mse_avg:1.38 mse_y:2.00 mse_u:0.12 mse_v:0.17 psnr_avg:46.72 psnr_y:45.12 psnr_u:57.38 psnr_v:55.73 
n:2271 mse_avg:1.19 mse_y:1.72 mse_u:0.11 mse_v:0.17 psnr_avg:47.36 psnr_y:45.78 psnr_u:57.66 psnr_v:55.75 
n:2272 mse_avg:1.16 mse_y:1.67 mse_u:0.12 mse_v:0.16 psnr_avg:47.48 psnr_y:45.89 psnr_u:57.34 psnr_v:56.15 
n:2273 mse_avg:1.19 mse_y:1.70 mse_u:0.13 mse_v:0.17 psnr_avg:47.39 psnr_y:45.82 psnr_u:57.01 psnr_v:55.74 
n:2274 mse_avg:1.26 mse_y:1.81 mse_u:0.11 mse_v:0.19 psnr_avg:47.14 psnr_y:45.56 psnr_u:57.53 psnr_v:55.30 
n:2275 mse_avg:1.29 mse_y:1.87 mse_u:0.11 mse_v:0.16 psnr_avg:47.01 psnr_y:45.40 psnr_u:57.73 psnr_v:56.07 
n:2276 mse_avg:0.97 mse_y:1.38 mse_u:0.11 mse_v:0.15 psnr_avg:48.28 psnr_y:46.72 psnr_u:57.78 psnr_v:56.36 
n:2277 mse_avg:1.05 mse_y:1.50 mse_u:0.12 mse_v:0.16 psnr_avg:47.93 psnr_y:46.36 psnr_u:57.28 psnr_v:56.20 
n:2278 mse_avg:1.15 mse_y:1.66 mse_u:0.11 mse_v:0.15 psnr_avg:47.53 psnr_y:45.94 psnr_u:57.54 psnr_v:56.35 
n:2279 mse_avg:1.38 mse_y:1.99 mse_u:0.12 mse_v:0.18 psnr_avg:46.75 psnr_y:45.15 psnr_u:57.21 psnr_v:55.56 
n:2280 mse_avg:1.00 mse_y:1.43 mse_u:0.11 mse_v:0.15 psnr_avg:48.14 psnr_y:46.57 psnr_u:57.69 psnr_v:56.39 
n:2281 mse_avg:1.05 mse_y:1.51 mse_u:0.12 mse_v:0.16 psnr_avg:47.90 psnr_y:46.33 psnr_u:57.47 psnr_v:56.18 
n:2282 mse_avg:1.20 mse_y:1.73 mse_u:0.12 mse_v:0.16 psnr_avg:47.34 psnr_y:45.75 psnr_u:57.44 psnr_v:56.02 
n:2283 mse_avg:1.26 mse_y:1.81 mse_u:0.12 mse_v:0.16 psnr_avg:47.14 psnr_y:45.55 psnr_u:57.29 psnr_v:55.99 
n:2284 mse_avg:1.27 mse_y:1.84 mse_u:0.11 mse_v:0.17 psnr_avg:47.09 psnr_y:45.49 psnr_u:57.83 psnr_v:55.85 
n:2285 mse_avg:1.37 mse_y:1.99 mse_u:0.11 mse_v:0.15 psnr_avg:46.76 psnr_y:45.14 psnr_u:57.77 psnr_v:56.33 
n:2286 mse_avg:1.50 mse_y:2.19 mse_u:0.11 mse_v:0.16 psnr_avg:46.36 psnr_y:44.73 psnr_u:57.64 psnr_v:56.15 
n:2287 mse_avg:1.41 mse_y:2.05 mse_u:0.10 mse_v:0.15 psnr_avg:46.65 psnr_y:45.02 psnr_u:58.01 psnr_v:56.23 
n:2288 mse_avg:1.53 mse_y:2.22 mse_u:0.13 mse_v:0.16 psnr_avg:46.29 psnr_y:44.66 psnr_u:57.16 psnr_v:56.00 
n:2289 mse_avg:1.62 mse_y:2.36 mse_u:0.11 mse_v:0.19 psnr_avg:46.03 psnr_y:44.40 psnr_u:57.77 psnr_v:55.43 
n:2290 mse_avg:1.54 mse_y:2.24 mse_u:0.12 mse_v:0.17 psnr_avg:46.24 psnr_y:44.62 psnr_u:57.40 psnr_v:55.95 
n:2291 mse_avg:1.91 mse_y:2.80 mse_u:0.12 mse_v:0.17 psnr_avg:45.31 psnr_y:43.66 psnr_u:57.47 psnr_v:55.76 
n:2292 mse_avg:1.91 mse_y:2.79 mse_u:0.12 mse_v:0.17 psnr_avg:45.32 psnr_y:43.68 psnr_u:57.30 psnr_v:55.87 
n:2293 mse_avg:2.04 mse_y:2.99 mse_u:0.12 mse_v:0.17 psnr_avg:45.03 psnr_y:43.37 psnr_u:57.23 psnr_v:55.76 
n:2294 mse_avg:2.05 mse_y:2.99 mse_u:0.13 mse_v:0.18 psnr_avg:45.02 psnr_y:43.37 psnr_u:57.14 psnr_v:55.53 
n:2295 mse_avg:1.77 mse_y:2.58 mse_u:0.12 mse_v:0.18 psnr_avg:45.66 psnr_y:44.02 psnr_u:57.49 psnr_v:55.58 
n:2296 mse_avg:1.73 mse_y:2.52 mse_u:0.12 mse_v:0.20 psnr_avg:45.74 psnr_y:44.12 psnr_u:57.23 psnr_v:55.08 
n:2297 mse_avg:2.21 mse_y:3.23 mse_u:0.13 mse_v:0.21 psnr_avg:44.68 psnr_y:43.04 psnr_u:57.12 psnr_v:54.85 
n:2298 mse_avg:2.17 mse_y:3.18 mse_u:0.12 mse_v:0.20 psnr_avg:44.76 psnr_y:43.10 psnr_u:57.26 psnr_v:55.20 
n:2299 mse_avg:2.59 mse_y:3.80 mse_u:0.14 mse_v:0.22 psnr_avg:43.99 psnr_y:42.33 psnr_u:56.76 psnr_v:54.74 
n:2300 mse_avg:2.97 mse_y:4.37 mse_u:0.11 mse_v:0.22 psnr_avg:43.41 psnr_y:41.73 psnr_u:57.82 psnr_v:54.76 
n:2301 mse_avg:3.69 mse_y:5.46 mse_u:0.11 mse_v:0.21 psnr_avg:42.46 psnr_y:40.76 psnr_u:57.76 psnr_v:54.86 
n:2302 mse_avg:3.60 mse_y:5.33 mse_u:0.11 mse_v:0.21 psnr_avg:42.56 psnr_y:40.87 psnr_u:57.73 psnr_v:55.00 
n:2303 mse_avg:3.59 mse_y:5.31 mse_u:0.10 mse_v:0.21 psnr_avg:42.58 psnr_y:40.88 psnr_u:58.32 psnr_v:54.90 
n:2304 mse_avg:3.64 mse_y:5.38 mse_u:0.11 mse_v:0.21 psnr_avg:42.52 psnr_y:40.82 psnr_u:57.83 psnr_v:54.89 
n:2305 mse_avg:3.68 mse_y:5.44 mse_u:0.11 mse_v:0.20 psnr_avg:42.47 psnr_y:40.77 psnr_u:57.79 psnr_v:55.07 
n:2306 mse_avg:0.25 mse_y:0.33 mse_u:0.09 mse_v:0.12 psnr_avg:54.12 psnr_y:53.01 psnr_u:58.66 psnr_v:57.25 
n:2307 mse_avg:3.70 mse_y:5.47 mse_u:0.11 mse_v:0.19 psnr_avg:42.45 psnr_y:40.75 psnr_u:57.62 psnr_v:55.23 
n:2308 mse_avg:3.61 mse_y:5.34 mse_u:0.09 mse_v:0.20 psnr_avg:42.56 psnr_y:40.85 psnr_u:58.56 psnr_v:55.22 
n:2309 mse_avg:0.26 mse_y:0.34 mse_u:0.09 mse_v:0.12 psnr_avg:53.99 psnr_y:52.86 psnr_u:58.81 psnr_v:57.23 
n:2310 mse_avg:4.59 mse_y:6.80 mse_u:0.11 mse_v:0.22 psnr_avg:41.51 psnr_y:39.80 psnr_u:57.86 psnr_v:54.67 
n:2311 mse_avg:5.50 mse_y:8.17 mse_u:0.09 mse_v:0.21 psnr_avg:40.73 psnr_y:39.01 psnr_u:58.47 psnr_v:54.96 
n:2312 mse_avg:0.24 mse_y:0.31 mse_u:0.08 mse_v:0.12 psnr_avg:54.32 psnr_y:53.22 psnr_u:58.88 psnr_v:57.42 
n:2313 mse_avg:9.88 mse_y:14.75 mse_u:0.10 mse_v:0.20 psnr_avg:38.18 psnr_y:36.44 psnr_u:58.03 psnr_v:55.20 
n:2314 mse_avg:12.92 mse_y:19.32 mse_u:0.10 mse_v:0.17 psnr_avg:37.02 psnr_y:35.27 psnr_u:58.28 psnr_v:55.90 
n:2315 mse_avg:0.25 mse_y:0.33 mse_u:0.08 mse_v:0.12 psnr_avg:54.08 psnr_y:52.96 psnr_u:58.87 psnr_v:57.20 
n:2316 mse_avg:0.25 mse_y:0.32 mse_u:0.08 mse_v:0.12 psnr_avg:54.13 psnr_y:53.02 psnr_u:58.84 psnr_v:57.21 
n:2317 mse_avg:16.56 mse_y:24.40 mse_u:0.51 mse_v:1.21 psnr_avg:35.94 psnr_y:34.26 psnr_u:51.02 psnr_v:47.29 
n:2318 mse_avg:0.20 mse_y:0.25 mse_u:0.08 mse_v:0.11 psnr_avg:55.08 psnr_y:54.07 psnr_u:58.88 psnr_v:57.77 
n:2319 mse_avg:0.21 mse_y:0.26 mse_u:0.08 mse_v:0.11 psnr_avg:54.96 psnr_y:53.92 psnr_u:59.00 psnr_v:57.76 
n:2320 mse_avg:11.18 mse_y:16.71 mse_u:0.09 mse_v:0.16 psnr_avg:37.65 psnr_y:35.90 psnr_u:58.53 psnr_v:56.15 
n:2321 mse_avg:0.21 mse_y:0.27 mse_u:0.08 mse_v:0.10 psnr_avg:54.88 psnr_y:53.81 psnr_u:58.93 psnr_v:57.95 
n:2322 mse_avg:0.21 mse_y:0.28 mse_u:0.08 mse_v:0.10 psnr_avg:54.82 psnr_y:53.73 psnr_u:58.99 psnr_v:58.00 
n:2323 mse_avg:7.65 mse_y:11.42 mse_u:0.09 mse_v:0.14 psnr_avg:39.29 psnr_y:37.56 psnr_u:58.44 psnr_v:56.69 
n:2324 mse_avg:0.20 mse_y:0.25 mse_u:0.08 mse_v:0.10 psnr_avg:55.21 psnr_y:54.18 psnr_u:58.96 psnr_v:58.11 
n:2325 mse_avg:0.19 mse_y:0.24 mse_u:0.08 mse_v:0.10 psnr_avg:55.33 psnr_y:54.32 psnr_u:58.98 psnr_v:58.20 
n:2326 mse_avg:0.18 mse_y:0.23 mse_u:0.08 mse_v:0.10 psnr_avg:55.51 psnr_y:54.52 psnr_u:59.05 psnr_v:58.20 
n:2327 mse_avg:0.18 mse_y:0.22 mse_u:0.08 mse_v:0.10 psnr_avg:55.59 psnr_y:54.62 psnr_u:59.08 psnr_v:58.19 
n:2328 mse_avg:0.18 mse_y:0.22 mse_u:0.08 mse_v:0.10 psnr_avg:55.69 psnr_y:54.72 psnr_u:59.13 psnr_v:58.27 
n:2329 mse_avg:0.17 mse_y:0.22 mse_u:0.08 mse_v:0.10 psnr_avg:55.71 psnr_y:54.75 psnr_u:59.18 psnr_v:58.25 
n:2330 mse_avg:0.17 mse_y:0.21 mse_u:0.08 mse_v:0.10 psnr_avg:55.78 psnr_y:54.82 psnr_u:59.19 psnr_v:58.30 
n:2331 mse_avg:0.18 mse_y:0.22 mse_u:0.08 mse_v:0.10 psnr_avg:55.67 psnr_y:54.70 psnr_u:59.19 psnr_v:58.30 
n:2332 mse_avg:0.18 mse_y:0.23 mse_u:0.08 mse_v:0.10 psnr_avg:55.57 psnr_y:54.59 psnr_u:59.09 psnr_v:58.20 
n:2333 mse_avg:0.18 mse_y:0.22 mse_u:0.08 mse_v:0.10 psnr_avg:55.66 psnr_y:54.67 psnr_u:59.17 psnr_v:58.34 
n:2334 mse_avg:0.17 mse_y:0.21 mse_u:0.08 mse_v:0.09 psnr_avg:55.88 psnr_y:54.93 psnr_u:59.22 psnr_v:58.40 
n:2335 mse_avg:0.18 mse_y:0.22 mse_u:0.08 mse_v:0.10 psnr_avg:55.70 psnr_y:54.75 psnr_u:58.97 psnr_v:58.25 
n:2336 mse_avg:0.17 mse_y:0.22 mse_u:0.08 mse_v:0.10 psnr_avg:55.70 psnr_y:54.75 psnr_u:59.02 psnr_v:58.25 
n:2337 mse_avg:0.18 mse_y:0.22 mse_u:0.08 mse_v:0.10 psnr_avg:55.64 psnr_y:54.67 psnr_u:59.06 psnr_v:58.28 
n:2338 mse_avg:0.18 mse_y:0.22 mse_u:0.08 mse_v:0.10 psnr_avg:55.67 psnr_y:54.72 psnr_u:58.94 psnr_v:58.28 
n:2339 mse_avg:0.19 mse_y:0.23 mse_u:0.08 mse_v:0.10 psnr_avg:55.42 psnr_y:54.43 psnr_u:58.95 psnr_v:58.15 
n:2340 mse_avg:0.20 mse_y:0.25 mse_u:0.10 mse_v:0.11 psnr_avg:55.12 psnr_y:54.21 psnr_u:58.20 psnr_v:57.55 
n:2341 mse_avg:0.22 mse_y:0.27 mse_u:0.12 mse_v:0.13 psnr_avg:54.64 psnr_y:53.76 psnr_u:57.38 psnr_v:57.08 
n:2342 mse_avg:0.26 mse_y:0.32 mse_u:0.14 mse_v:0.15 psnr_avg:53.92 psnr_y:53.03 psnr_u:56.63 psnr_v:56.42 
n:2343 mse_avg:0.29 mse_y:0.35 mse_u:0.15 mse_v:0.16 psnr_avg:53.55 psnr_y:52.66 psnr_u:56.29 psnr_v:56.02 
n:2344 mse_avg:0.31 mse_y:0.38 mse_u:0.16 mse_v:0.17 psnr_avg:53.26 psnr_y:52.38 psnr_u:56.05 psnr_v:55.74 
n:2345 mse_avg:0.32 mse_y:0.40 mse_u:0.17 mse_v:0.17 psnr_avg:53.07 psnr_y:52.15 psnr_u:55.81 psnr_v:55.85 
n:2346 mse_avg:0.33 mse_y:0.41 mse_u:0.18 mse_v:0.17 psnr_avg:52.93 psnr_y:52.00 psnr_u:55.68 psnr_v:55.74 
n:2347 mse_avg:0.33 mse_y:0.42 mse_u:0.18 mse_v:0.17 psnr_avg:52.88 psnr_y:51.95 psnr_u:55.58 psnr_v:55.87 
n:2348 mse_avg:0.34 mse_y:0.42 mse_u:0.18 mse_v:0.17 psnr_avg:52.83 psnr_y:51.89 psnr_u:55.56 psnr_v:55.86 
n:2349 mse_avg:0.34 mse_y:0.41 mse_u:0.19 mse_v:0.18 psnr_avg:52.85 psnr_y:51.96 psnr_u:55.41 psnr_v:55.63 
n:2350 mse_avg:0.34 mse_y:0.42 mse_u:0.19 mse_v:0.17 psnr_avg:52.81 psnr_y:51.90 psnr_u:55.28 psnr_v:55.83 
n:2351 mse_avg:0.33 mse_y:0.40 mse_u:0.19 mse_v:0.17 psnr_avg:53.01 psnr_y:52.11 psnr_u:55.45 psnr_v:55.89 
n:2352 mse_avg:0.35 mse_y:0.44 mse_u:0.19 mse_v:0.16 psnr_avg:52.70 psnr_y:51.74 psnr_u:55.24 psnr_v:56.07 
n:2353 mse_avg:0.33 mse_y:0.41 mse_u:0.19 mse_v:0.16 psnr_avg:52.92 psnr_y:52.02 psnr_u:55.23 psnr_v:55.99 
n:2354 mse_avg:0.36 mse_y:0.45 mse_u:0.20 mse_v:0.16 psnr_avg:52.57 psnr_y:51.61 psnr_u:55.07 psnr_v:56.05 
n:2355 mse_avg:0.36 mse_y:0.46 mse_u:0.20 mse_v:0.16 psnr_avg:52.53 psnr_y:51.54 psnr_u:55.14 psnr_v:56.14 
n:2356 mse_avg:0.36 mse_y:0.45 mse_u:0.19 mse_v:0.15 psnr_avg:52.61 psnr_y:51.62 psnr_u:55.25 psnr_v:56.23 
n:2357 mse_avg:0.36 mse_y:0.46 mse_u:0.20 mse_v:0.15 psnr_avg:52.51 psnr_y:51.52 psnr_u:55.11 psnr_v:56.24 
n:2358 mse_avg:0.36 mse_y:0.45 mse_u:0.20 mse_v:0.16 psnr_avg:52.55 psnr_y:51.56 psnr_u:55.15 psnr_v:56.19 
n:2359 mse_avg:0.36 mse_y:0.45 mse_u:0.20 mse_v:0.15 psnr_avg:52.59 psnr_y:51.60 psnr_u:55.21 psnr_v:56.28 
n:2360 mse_avg:0.35 mse_y:0.44 mse_u:0.19 mse_v:0.15 psnr_avg:52.66 psnr_y:51.67 psnr_u:55.26 psnr_v:56.33 
n:2361 mse_avg:0.35 mse_y:0.44 mse_u:0.19 mse_v:0.15 psnr_avg:52.65 psnr_y:51.67 psnr_u:55.26 psnr_v:56.24 
n:2362 mse_avg:0.35 mse_y:0.44 mse_u:0.20 mse_v:0.15 psnr_avg:52.69 psnr_y:51.71 psnr_u:55.18 psnr_v:56.31 
n:2363 mse_avg:0.35 mse_y:0.44 mse_u:0.19 mse_v:0.15 psnr_avg:52.66 psnr_y:51.67 psnr_u:55.27 psnr_v:56.33 
n:2364 mse_avg:0.35 mse_y:0.44 mse_u:0.19 mse_v:0.15 psnr_avg:52.70 psnr_y:51.73 psnr_u:55.24 psnr_v:56.26 
n:2365 mse_avg:0.34 mse_y:0.43 mse_u:0.19 mse_v:0.15 psnr_avg:52.80 psnr_y:51.83 psnr_u:55.30 psnr_v:56.32 
n:2366 mse_avg:0.34 mse_y:0.43 mse_u:0.19 mse_v:0.15 psnr_avg:52.81 psnr_y:51.83 psnr_u:55.40 psnr_v:56.43 
n:2367 mse_avg:0.30 mse_y:0.38 mse_u:0.18 mse_v:0.14 psnr_avg:53.30 psnr_y:52.37 psnr_u:55.65 psnr_v:56.57 
n:2368 mse_avg:0.36 mse_y:0.43 mse_u:0.23 mse_v:0.19 psnr_avg:52.63 psnr_y:51.80 psnr_u:54.61 psnr_v:55.36 
n:2369 mse_avg:0.32 mse_y:0.39 mse_u:0.18 mse_v:0.15 psnr_avg:53.13 psnr_y:52.21 psnr_u:55.60 psnr_v:56.25 
n:2370 mse_avg:0.31 mse_y:0.38 mse_u:0.18 mse_v:0.15 psnr_avg:53.27 psnr_y:52.38 psnr_u:55.62 psnr_v:56.25 
n:2371 mse_avg:0.32 mse_y:0.39 mse_u:0.18 mse_v:0.16 psnr_avg:53.10 psnr_y:52.20 psnr_u:55.51 psnr_v:56.08 
n:2372 mse_avg:0.31 mse_y:0.38 mse_u:0.18 mse_v:0.16 psnr_avg:53.25 psnr_y:52.39 psnr_u:55.47 psnr_v:56.15 
n:2373 mse_avg:0.32 mse_y:0.39 mse_u:0.19 mse_v:0.15 psnr_avg:53.12 psnr_y:52.22 psnr_u:55.44 psnr_v:56.24 
n:2374 mse_avg:0.31 mse_y:0.39 mse_u:0.19 mse_v:0.15 psnr_avg:53.15 psnr_y:52.24 psnr_u:55.43 psnr_v:56.30 
n:2375 mse_avg:0.30 mse_y:0.37 mse_u:0.18 mse_v:0.15 psnr_avg:53.32 psnr_y:52.46 psnr_u:55.47 psnr_v:56.27 
n:2376 mse_avg:0.32 mse_y:0.39 mse_u:0.19 mse_v:0.16 psnr_avg:53.13 psnr_y:52.24 psnr_u:55.39 psnr_v:56.21 
n:2377 mse_avg:0.37 mse_y:0.46 mse_u:0.22 mse_v:0.17 psnr_avg:52.40 psnr_y:51.46 psnr_u:54.70 psnr_v:55.84 
n:2378 mse_avg:0.31 mse_y:0.39 mse_u:0.18 mse_v:0.16 psnr_avg:53.15 psnr_y:52.25 psnr_u:55.50 psnr_v:56.17 
n:2379 mse_avg:0.34 mse_y:0.41 mse_u:0.21 mse_v:0.17 psnr_avg:52.82 psnr_y:51.96 psnr_u:54.81 psnr_v:55.86 
n:2380 mse_avg:0.39 mse_y:0.50 mse_u:0.21 mse_v:0.17 psnr_avg:52.17 psnr_y:51.17 psnr_u:54.96 psnr_v:55.84 
n:2381 mse_avg:0.31 mse_y:0.38 mse_u:0.18 mse_v:0.16 psnr_avg:53.27 psnr_y:52.38 psnr_u:55.60 psnr_v:56.18 
n:2382 mse_avg:0.30 mse_y:0.36 mse_u:0.17 mse_v:0.15 psnr_avg:53.42 psnr_y:52.55 psnr_u:55.71 psnr_v:56.25 
n:2383 mse_avg:0.29 mse_y:0.35 mse_u:0.17 mse_v:0.15 psnr_avg:53.50 psnr_y:52.64 psnr_u:55.75 psnr_v:56.28 
n:2384 mse_avg:0.38 mse_y:0.47 mse_u:0.21 mse_v:0.17 psnr_avg:52.37 psnr_y:51.39 psnr_u:55.01 psnr_v:55.93 
n:2385 mse_avg:0.29 mse_y:0.36 mse_u:0.17 mse_v:0.15 psnr_avg:53.49 psnr_y:52.63 psnr_u:55.77 psnr_v:56.25 
n:2386 mse_avg:0.29 mse_y:0.35 mse_u:0.17 mse_v:0.15 psnr_avg:53.58 psnr_y:52.74 psnr_u:55.76 psnr_v:56.24 
n:2387 mse_avg:0.32 mse_y:0.39 mse_u:0.19 mse_v:0.16 psnr_avg:53.09 psnr_y:52.22 psnr_u:55.23 psnr_v:56.06 
n:2388 mse_avg:0.29 mse_y:0.35 mse_u:0.17 mse_v:0.15 psnr_avg:53.53 psnr_y:52.67 psnr_u:55.79 psnr_v:56.27 
n:2389 mse_avg:0.31 mse_y:0.37 mse_u:0.19 mse_v:0.16 psnr_avg:53.26 psnr_y:52.42 psnr_u:55.29 psnr_v:56.03 
n:2390 mse_avg:0.29 mse_y:0.35 mse_u:0.17 mse_v:0.15 psnr_avg:53.58 psnr_y:52.71 psnr_u:55.86 psnr_v:56.34 
n:2391 mse_avg:0.29 mse_y:0.35 mse_u:0.17 mse_v:0.15 psnr_avg:53.57 psnr_y:52.69 psnr_u:55.90 psnr_v:56.36 
n:2392 mse_avg:0.35 mse_y:0.43 mse_u:0.20 mse_v:0.16 psnr_avg:52.68 psnr_y:51.75 psnr_u:55.02 psnr_v:56.01 
n:2393 mse_avg:0.39 mse_y:0.49 mse_u:0.20 mse_v:0.16 psnr_avg:52.26 psnr_y:51.24 psnr_u:55.06 psnr_v:56.12 
n:2394 mse_avg:0.29 mse_y:0.35 mse_u:0.17 mse_v:0.16 psnr_avg:53.55 psnr_y:52.70 psnr_u:55.84 psnr_v:56.16 
n:2395 mse_avg:0.29 mse_y:0.35 mse_u:0.17 mse_v:0.15 psnr_avg:53.52 psnr_y:52.64 psnr_u:55.88 psnr_v:56.29 
n:2396 mse_avg:0.29 mse_y:0.35 mse_u:0.16 mse_v:0.15 psnr_avg:53.54 psnr_y:52.65 psnr_u:55.97 psnr_v:56.31 
n:2397 mse_avg:0.29 mse_y:0.35 mse_u:0.16 mse_v:0.15 psnr_avg:53.54 psnr_y:52.64 psnr_u:56.06 psnr_v:56.36 
n:2398 mse_avg:0.31 mse_y:0.39 mse_u:0.18 mse_v:0.15 psnr_avg:53.16 psnr_y:52.25 psnr_u:55.55 psnr_v:56.24 
n:2399 mse_avg:0.28 mse_y:0.35 mse_u:0.16 mse_v:0.15 psnr_avg:53.62 psnr_y:52.73 psnr_u:56.11 psnr_v:56.36 
n:2400 mse_avg:0.27 mse_y:0.33 mse_u:0.16 mse_v:0.15 psnr_avg:53.77 psnr_y:52.91 psnr_u:56.16 psnr_v:56.35 
n:2401 mse_avg:0.28 mse_y:0.34 mse_u:0.16 mse_v:0.15 psnr_avg:53.65 psnr_y:52.77 psnr_u:56.14 psnr_v:56.35 
n:2402 mse_avg:0.27 mse_y:0.34 mse_u:0.16 mse_v:0.15 psnr_avg:53.74 psnr_y:52.87 psnr_u:56.14 psnr_v:56.44 
n:2403 mse_avg:0.27 mse_y:0.33 mse_u:0.16 mse_v:0.15 psnr_avg:53.76 psnr_y:52.89 psnr_u:56.13 psnr_v:56.51 
n:2404 mse_avg:0.27 mse_y:0.33 mse_u:0.16 mse_v:0.14 psnr_avg:53.82 psnr_y:52.95 psnr_u:56.16 psnr_v:56.52 
n:2405 mse_avg:0.29 mse_y:0.36 mse_u:0.16 mse_v:0.14 psnr_avg:53.47 psnr_y:52.54 psnr_u:56.06 psnr_v:56.54 
n:2406 mse_avg:0.27 mse_y:0.34 mse_u:0.16 mse_v:0.14 psnr_avg:53.75 psnr_y:52.87 psnr_u:56.14 psnr_v:56.58 
n:2407 mse_avg:0.27 mse_y:0.33 mse_u:0.16 mse_v:0.14 psnr_avg:53.79 psnr_y:52.91 psnr_u:56.19 psnr_v:56.60 
n:2408 mse_avg:0.27 mse_y:0.34 mse_u:0.16 mse_v:0.14 psnr_avg:53.74 psnr_y:52.85 psnr_u:56.22 psnr_v:56.59 
n:2409 mse_avg:0.27 mse_y:0.34 mse_u:0.15 mse_v:0.14 psnr_avg:53.74 psnr_y:52.84 psnr_u:56.26 psnr_v:56.59 
n:2410 mse_avg:0.27 mse_y:0.33 mse_u:0.15 mse_v:0.14 psnr_avg:53.78 psnr_y:52.89 psnr_u:56.26 psnr_v:56.63 
n:2411 mse_avg:0.28 mse_y:0.34 mse_u:0.15 mse_v:0.14 psnr_avg:53.72 psnr_y:52.82 psnr_u:56.24 psnr_v:56.57 
n:2412 mse_avg:0.30 mse_y:0.37 mse_u:0.18 mse_v:0.15 psnr_avg:53.32 psnr_y:52.40 psnr_u:55.68 psnr_v:56.47 
n:2413 mse_avg:0.31 mse_y:0.39 mse_u:0.16 mse_v:0.14 psnr_avg:53.23 psnr_y:52.23 psnr_u:56.16 psnr_v:56.56 
n:2414 mse_avg:0.28 mse_y:0.34 mse_u:0.15 mse_v:0.14 psnr_avg:53.71 psnr_y:52.81 psnr_u:56.25 psnr_v:56.60 
n:2415 mse_avg:0.28 mse_y:0.34 mse_u:0.15 mse_v:0.14 psnr_avg:53.73 psnr_y:52.83 psnr_u:56.24 psnr_v:56.61 
n:2416 mse_avg:0.27 mse_y:0.32 mse_u:0.15 mse_v:0.14 psnr_avg:53.89 psnr_y:53.03 psnr_u:56.25 psnr_v:56.63 
n:2417 mse_avg:0.27 mse_y:0.34 mse_u:0.15 mse_v:0.14 psnr_avg:53.76 psnr_y:52.86 psnr_u:56.23 psnr_v:56.64 
n:2418 mse_avg:0.27 mse_y:0.34 mse_u:0.16 mse_v:0.14 psnr_avg:53.76 psnr_y:52.86 psnr_u:56.18 psnr_v:56.66 
n:2419 mse_avg:0.27 mse_y:0.33 mse_u:0.16 mse_v:0.14 psnr_avg:53.87 psnr_y:53.00 psnr_u:56.17 psnr_v:56.67 
n:2420 mse_avg:0.29 mse_y:0.36 mse_u:0.16 mse_v:0.14 psnr_avg:53.50 psnr_y:52.56 psnr_u:56.08 psnr_v:56.70 
n:2421 mse_avg:0.27 mse_y:0.33 mse_u:0.16 mse_v:0.14 psnr_avg:53.77 psnr_y:52.88 psnr_u:56.15 psnr_v:56.64 
n:2422 mse_avg:0.26 mse_y:0.32 mse_u:0.16 mse_v:0.14 psnr_avg:53.91 psnr_y:53.05 psnr_u:56.19 psnr_v:56.68 
n:2423 mse_avg:0.28 mse_y:0.34 mse_u:0.16 mse_v:0.14 psnr_avg:53.67 psnr_y:52.76 psnr_u:56.10 psnr_v:56.69 
n:2424 mse_avg:0.14 mse_y:0.18 mse_u:0.08 mse_v:0.07 psnr_avg:56.61 psnr_y:55.70 psnr_u:59.26 psnr_v:59.48 
n:2425 mse_avg:0.18 mse_y:0.23 mse_u:0.08 mse_v:0.08 psnr_avg:55.60 psnr_y:54.53 psnr_u:58.92 psnr_v:59.33 
n:2426 mse_avg:0.17 mse_y:0.22 mse_u:0.08 mse_v:0.08 psnr_avg:55.78 psnr_y:54.75 psnr_u:58.89 psnr_v:59.30 
n:2427 mse_avg:0.20 mse_y:0.26 mse_u:0.09 mse_v:0.08 psnr_avg:55.14 psnr_y:54.04 psnr_u:58.65 psnr_v:59.19 
n:2428 mse_avg:0.28 mse_y:0.36 mse_u:0.14 mse_v:0.09 psnr_avg:53.68 psnr_y:52.55 psnr_u:56.82 psnr_v:58.50 
n:2429 mse_avg:0.20 mse_y:0.25 mse_u:0.09 mse_v:0.08 psnr_avg:55.15 psnr_y:54.08 psnr_u:58.43 psnr_v:58.96 
n:2430 mse_avg:0.20 mse_y:0.26 mse_u:0.10 mse_v:0.08 psnr_avg:55.10 psnr_y:54.04 psnr_u:58.26 psnr_v:58.97 
n:2431 mse_avg:0.21 mse_y:0.27 mse_u:0.10 mse_v:0.08 psnr_avg:54.93 psnr_y:53.86 psnr_u:58.14 psnr_v:58.87 
n:2432 mse_avg:0.21 mse_y:0.27 mse_u:0.11 mse_v:0.09 psnr_avg:54.89 psnr_y:53.85 psnr_u:57.88 psnr_v:58.71 
n:2433 mse_avg:0.28 mse_y:0.37 mse_u:0.11 mse_v:0.09 psnr_avg:53.68 psnr_y:52.47 psnr_u:57.63 psnr_v:58.73 
n:2434 mse_avg:0.22 mse_y:0.28 mse_u:0.11 mse_v:0.09 psnr_avg:54.69 psnr_y:53.61 psnr_u:57.91 psnr_v:58.77 
n:2435 mse_avg:0.21 mse_y:0.27 mse_u:0.10 mse_v:0.09 psnr_avg:54.95 psnr_y:53.89 psnr_u:58.03 psnr_v:58.83 
n:2436 mse_avg:0.21 mse_y:0.27 mse_u:0.10 mse_v:0.09 psnr_avg:54.81 psnr_y:53.74 psnr_u:57.96 psnr_v:58.79 
n:2437 mse_avg:0.21 mse_y:0.27 mse_u:0.11 mse_v:0.09 psnr_avg:54.81 psnr_y:53.76 psnr_u:57.83 psnr_v:58.73 
n:2438 mse_avg:0.21 mse_y:0.27 mse_u:0.10 mse_v:0.09 psnr_avg:54.88 psnr_y:53.83 psnr_u:57.99 psnr_v:58.77 
n:2439 mse_avg:0.24 mse_y:0.31 mse_u:0.14 mse_v:0.10 psnr_avg:54.24 psnr_y:53.27 psnr_u:56.65 psnr_v:58.03 
n:2440 mse_avg:0.27 mse_y:0.36 mse_u:0.11 mse_v:0.09 psnr_avg:53.74 psnr_y:52.53 psnr_u:57.74 psnr_v:58.70 
n:2441 mse_avg:0.21 mse_y:0.26 mse_u:0.11 mse_v:0.09 psnr_avg:54.95 psnr_y:53.92 psnr_u:57.91 psnr_v:58.65 
n:2442 mse_avg:0.22 mse_y:0.28 mse_u:0.13 mse_v:0.10 psnr_avg:54.63 psnr_y:53.71 psnr_u:56.84 psnr_v:58.09 
n:2443 mse_avg:0.20 mse_y:0.25 mse_u:0.10 mse_v:0.09 psnr_avg:55.12 psnr_y:54.11 psnr_u:57.98 psnr_v:58.67 
n:2444 mse_avg:0.19 mse_y:0.24 mse_u:0.11 mse_v:0.09 psnr_avg:55.26 psnr_y:54.30 psnr_u:57.87 psnr_v:58.57 
n:2445 mse_avg:0.25 mse_y:0.32 mse_u:0.11 mse_v:0.09 psnr_avg:54.24 psnr_y:53.13 psnr_u:57.53 psnr_v:58.52 
n:2446 mse_avg:0.20 mse_y:0.25 mse_u:0.11 mse_v:0.09 psnr_avg:55.21 psnr_y:54.24 psnr_u:57.88 psnr_v:58.64 
n:2447 mse_avg:0.20 mse_y:0.25 mse_u:0.10 mse_v:0.09 psnr_avg:55.21 psnr_y:54.23 psnr_u:57.92 psnr_v:58.69 
n:2448 mse_avg:0.19 mse_y:0.24 mse_u:0.11 mse_v:0.09 psnr_avg:55.32 psnr_y:54.38 psnr_u:57.78 psnr_v:58.53 
n:2449 mse_avg:0.24 mse_y:0.32 mse_u:0.11 mse_v:0.09 psnr_avg:54.25 psnr_y:53.12 psnr_u:57.74 psnr_v:58.63 
n:2450 mse_avg:0.19 mse_y:0.24 mse_u:0.10 mse_v:0.09 psnr_avg:55.27 psnr_y:54.29 psnr_u:57.93 psnr_v:58.69 
n:2451 mse_avg:0.19 mse_y:0.24 mse_u:0.10 mse_v:0.09 psnr_avg:55.28 psnr_y:54.30 psnr_u:57.96 psnr_v:58.72 
n:2452 mse_avg:0.20 mse_y:0.25 mse_u:0.10 mse_v:0.09 psnr_avg:55.22 psnr_y:54.23 psnr_u:57.95 psnr_v:58.71 
n:2453 mse_avg:0.19 mse_y:0.24 mse_u:0.12 mse_v:0.09 psnr_avg:55.27 psnr_y:54.37 psnr_u:57.47 psnr_v:58.49 
n:2454 mse_avg:0.19 mse_y:0.24 mse_u:0.11 mse_v:0.09 psnr_avg:55.31 psnr_y:54.35 psnr_u:57.88 psnr_v:58.77 
n:2455 mse_avg:0.18 mse_y:0.23 mse_u:0.10 mse_v:0.09 psnr_avg:55.52 psnr_y:54.59 psnr_u:57.99 psnr_v:58.80 
n:2456 mse_avg:0.21 mse_y:0.27 mse_u:0.11 mse_v:0.09 psnr_avg:54.81 psnr_y:53.79 psnr_u:57.74 psnr_v:58.56 
n:2457 mse_avg:0.18 mse_y:0.22 mse_u:0.10 mse_v:0.09 psnr_avg:55.61 psnr_y:54.70 psnr_u:58.00 psnr_v:58.72 
n:2458 mse_avg:0.17 mse_y:0.21 mse_u:0.10 mse_v:0.09 psnr_avg:55.81 psnr_y:54.93 psnr_u:58.07 psnr_v:58.80 
n:2459 mse_avg:0.18 mse_y:0.22 mse_u:0.10 mse_v:0.09 psnr_avg:55.67 psnr_y:54.75 psnr_u:58.06 psnr_v:58.83 
n:2460 mse_avg:0.17 mse_y:0.21 mse_u:0.10 mse_v:0.09 psnr_avg:55.81 psnr_y:54.95 psnr_u:58.02 psnr_v:58.63 
n:2461 mse_avg:0.17 mse_y:0.21 mse_u:0.10 mse_v:0.08 psnr_avg:55.87 psnr_y:54.99 psnr_u:58.14 psnr_v:58.87 
n:2462 mse_avg:0.19 mse_y:0.23 mse_u:0.12 mse_v:0.09 psnr_avg:55.32 psnr_y:54.45 psnr_u:57.33 psnr_v:58.58 
n:2463 mse_avg:0.19 mse_y:0.24 mse_u:0.10 mse_v:0.09 psnr_avg:55.28 psnr_y:54.28 psnr_u:58.10 psnr_v:58.83 
n:2464 mse_avg:0.17 mse_y:0.21 mse_u:0.10 mse_v:0.08 psnr_avg:55.84 psnr_y:54.94 psnr_u:58.16 psnr_v:58.88 
n:2465 mse_avg:0.18 mse_y:0.22 mse_u:0.10 mse_v:0.09 psnr_avg:55.63 psnr_y:54.71 psnr_u:58.10 psnr_v:58.71 
n:2466 mse_avg:0.18 mse_y:0.22 mse_u:0.10 mse_v:0.09 psnr_avg:55.59 psnr_y:54.66 psnr_u:58.11 psnr_v:58.77 
n:2467 mse_avg:0.18 mse_y:0.22 mse_u:0.10 mse_v:0.09 psnr_avg:55.67 psnr_y:54.76 psnr_u:58.09 psnr_v:58.79 
n:2468 mse_avg:0.17 mse_y:0.21 mse_u:0.10 mse_v:0.09 psnr_avg:55.81 psnr_y:54.92 psnr_u:58.10 psnr_v:58.82 
n:2469 mse_avg:0.18 mse_y:0.22 mse_u:0.10 mse_v:0.09 psnr_avg:55.65 psnr_y:54.75 psnr_u:58.04 psnr_v:58.63 
n:2470 mse_avg:0.17 mse_y:0.21 mse_u:0.10 mse_v:0.09 psnr_avg:55.81 psnr_y:54.94 psnr_u:58.07 psnr_v:58.67 
n:2471 mse_avg:0.17 mse_y:0.21 mse_u:0.10 mse_v:0.09 psnr_avg:55.76 psnr_y:54.88 psnr_u:58.04 psnr_v:58.69 
n:2472 mse_avg:0.17 mse_y:0.21 mse_u:0.10 mse_v:0.09 psnr_avg:55.88 psnr_y:55.01 psnr_u:58.11 psnr_v:58.80 
n:2473 mse_avg:0.17 mse_y:0.22 mse_u:0.10 mse_v:0.09 psnr_avg:55.71 psnr_y:54.80 psnr_u:58.11 psnr_v:58.81 
n:2474 mse_avg:0.17 mse_y:0.21 mse_u:0.10 mse_v:0.09 psnr_avg:55.78 psnr_y:54.89 psnr_u:58.10 psnr_v:58.80 
n:2475 mse_avg:0.18 mse_y:0.22 mse_u:0.10 mse_v:0.09 psnr_avg:55.70 psnr_y:54.79 psnr_u:58.06 psnr_v:58.78 
n:2476 mse_avg:0.17 mse_y:0.21 mse_u:0.10 mse_v:0.09 psnr_avg:55.84 psnr_y:54.97 psnr_u:58.07 psnr_v:58.77 
n:2477 mse_avg:0.18 mse_y:0.22 mse_u:0.10 mse_v:0.09 psnr_avg:55.61 psnr_y:54.70 psnr_u:58.02 psnr_v:58.69 
n:2478 mse_avg:0.17 mse_y:0.21 mse_u:0.10 mse_v:0.09 psnr_avg:55.74 psnr_y:54.85 psnr_u:58.05 psnr_v:58.71 
n:2479 mse_avg:0.17 mse_y:0.21 mse_u:0.10 mse_v:0.09 psnr_avg:55.80 psnr_y:54.92 psnr_u:58.08 psnr_v:58.78 
n:2480 mse_avg:0.17 mse_y:0.21 mse_u:0.10 mse_v:0.08 psnr_avg:55.77 psnr_y:54.87 psnr_u:58.06 psnr_v:58.84 
n:2481 mse_avg:0.17 mse_y:0.21 mse_u:0.10 mse_v:0.09 psnr_avg:55.76 psnr_y:54.86 psnr_u:58.07 psnr_v:58.79 
n:2482 mse_avg:0.17 mse_y:0.21 mse_u:0.10 mse_v:0.09 psnr_avg:55.74 psnr_y:54.85 psnr_u:58.06 psnr_v:58.74 
n:2483 mse_avg:0.17 mse_y:0.21 mse_u:0.10 mse_v:0.09 psnr_avg:55.75 psnr_y:54.86 psnr_u:58.00 psnr_v:58.75 
n:2484 mse_avg:0.17 mse_y:0.21 mse_u:0.10 mse_v:0.09 psnr_avg:55.71 psnr_y:54.81 psnr_u:57.98 psnr_v:58.82 
n:2485 mse_avg:0.32 mse_y:0.38 mse_u:0.22 mse_v:0.18 psnr_avg:53.12 psnr_y:52.37 psnr_u:54.71 psnr_v:55.70 
n:2486 mse_avg:0.27 mse_y:0.32 mse_u:0.19 mse_v:0.17 psnr_avg:53.78 psnr_y:53.10 psnr_u:55.27 psnr_v:55.93 
n:2487 mse_avg:0.35 mse_y:0.41 mse_u:0.27 mse_v:0.20 psnr_avg:52.70 psnr_y:52.04 psnr_u:53.89 psnr_v:55.06 
n:2488 mse_avg:0.34 mse_y:0.38 mse_u:0.26 mse_v:0.22 psnr_avg:52.87 psnr_y:52.29 psnr_u:53.92 psnr_v:54.80 
n:2489 mse_avg:0.34 mse_y:0.39 mse_u:0.27 mse_v:0.18 psnr_avg:52.84 psnr_y:52.19 psnr_u:53.75 psnr_v:55.53 
n:2490 mse_avg:0.29 mse_y:0.34 mse_u:0.20 mse_v:0.17 psnr_avg:53.57 psnr_y:52.85 psnr_u:55.13 psnr_v:55.94 
n:2491 mse_avg:0.27 mse_y:0.32 mse_u:0.19 mse_v:0.16 psnr_avg:53.80 psnr_y:53.09 psnr_u:55.32 psnr_v:56.13 
n:2492 mse_avg:0.33 mse_y:0.40 mse_u:0.25 mse_v:0.17 psnr_avg:52.90 psnr_y:52.16 psnr_u:54.22 psnr_v:55.73 
n:2493 mse_avg:0.25 mse_y:0.29 mse_u:0.18 mse_v:0.15 psnr_avg:54.12 psnr_y:53.44 psnr_u:55.51 psnr_v:56.42 
n:2494 mse_avg:0.24 mse_y:0.28 mse_u:0.17 mse_v:0.15 psnr_avg:54.32 psnr_y:53.67 psnr_u:55.73 psnr_v:56.27 
n:2495 mse_avg:0.30 mse_y:0.35 mse_u:0.23 mse_v:0.16 psnr_avg:53.36 psnr_y:52.64 psnr_u:54.56 psnr_v:56.17 
n:2496 mse_avg:0.24 mse_y:0.28 mse_u:0.17 mse_v:0.15 psnr_avg:54.31 psnr_y:53.63 psnr_u:55.79 psnr_v:56.46 
n:2497 mse_avg:0.24 mse_y:0.28 mse_u:0.16 mse_v:0.15 psnr_avg:54.37 psnr_y:53.65 psnr_u:56.15 psnr_v:56.47 
n:2498 mse_avg:0.29 mse_y:0.35 mse_u:0.20 mse_v:0.15 psnr_avg:53.48 psnr_y:52.67 psnr_u:55.15 psnr_v:56.50 
n:2499 mse_avg:1.41 mse_y:1.99 mse_u:0.34 mse_v:0.17 psnr_avg:46.63 psnr_y:45.13 psnr_u:52.83 psnr_v:55.89 
n:2500 mse_avg:2.64 mse_y:3.69 mse_u:0.83 mse_v:0.25 psnr_avg:43.92 psnr_y:42.46 psnr_u:48.93 psnr_v:54.21 
n:2501 mse_avg:1.83 mse_y:2.59 mse_u:0.42 mse_v:0.19 psnr_avg:45.52 psnr_y:44.00 psnr_u:51.86 psnr_v:55.41 
n:2502 mse_avg:2.44 mse_y:3.43 mse_u:0.65 mse_v:0.26 psnr_avg:44.26 psnr_y:42.77 psnr_u:50.02 psnr_v:53.99 
n:2503 mse_avg:2.46 mse_y:3.43 mse_u:0.70 mse_v:0.34 psnr_avg:44.22 psnr_y:42.78 psnr_u:49.65 psnr_v:52.77 
n:2504 mse_avg:2.25 mse_y:3.22 mse_u:0.44 mse_v:0.20 psnr_avg:44.60 psnr_y:43.05 psnr_u:51.75 psnr_v:55.18 
n:2505 mse_avg:3.10 mse_y:4.46 mse_u:0.43 mse_v:0.32 psnr_avg:43.22 psnr_y:41.64 psnr_u:51.84 psnr_v:53.07 
n:2506 mse_avg:10.77 mse_y:15.59 mse_u:0.90 mse_v:1.34 psnr_avg:37.81 psnr_y:36.20 psnr_u:48.58 psnr_v:46.86 
n:2507 mse_avg:3.21 mse_y:4.68 mse_u:0.31 mse_v:0.22 psnr_avg:43.07 psnr_y:41.43 psnr_u:53.23 psnr_v:54.72 
n:2508 mse_avg:1.25 mse_y:1.81 mse_u:0.15 mse_v:0.09 psnr_avg:47.18 psnr_y:45.56 psnr_u:56.49 psnr_v:58.38 
n:2509 mse_avg:1.21 mse_y:1.78 mse_u:0.06 mse_v:0.04 psnr_avg:47.31 psnr_y:45.62 psnr_u:60.04 psnr_v:61.69 
n:2510 mse_avg:1.48 mse_y:2.18 mse_u:0.07 mse_v:0.05 psnr_avg:46.44 psnr_y:44.74 psnr_u:59.77 psnr_v:61.24 
n:2511 mse_avg:2.43 mse_y:3.57 mse_u:0.20 mse_v:0.05 psnr_avg:44.28 psnr_y:42.60 psnr_u:55.11 psnr_v:60.78 
n:2512 mse_avg:4.48 mse_y:6.65 mse_u:0.21 mse_v:0.08 psnr_avg:41.61 psnr_y:39.90 psnr_u:54.95 psnr_v:59.05 
n:2513 mse_avg:2.92 mse_y:4.30 mse_u:0.17 mse_v:0.13 psnr_avg:43.48 psnr_y:41.80 psnr_u:55.86 psnr_v:57.00 
n:2514 mse_avg:4.80 mse_y:7.09 mse_u:0.33 mse_v:0.14 psnr_avg:41.31 psnr_y:39.62 psnr_u:52.99 psnr_v:56.72 
n:2515 mse_avg:4.95 mse_y:7.34 mse_u:0.20 mse_v:0.12 psnr_avg:41.19 psnr_y:39.47 psnr_u:55.08 psnr_v:57.51 
n:2516 mse_avg:5.62 mse_y:8.32 mse_u:0.26 mse_v:0.19 psnr_avg:40.63 psnr_y:38.93 psnr_u:53.92 psnr_v:55.38 
n:2517 mse_avg:6.99 mse_y:10.35 mse_u:0.36 mse_v:0.19 psnr_avg:39.69 psnr_y:37.98 psnr_u:52.58 psnr_v:55.28 
n:2518 mse_avg:8.66 mse_y:12.86 mse_u:0.34 mse_v:0.18 psnr_avg:38.76 psnr_y:37.04 psnr_u:52.75 psnr_v:55.65 
n:2519 mse_avg:7.97 mse_y:11.82 mse_u:0.32 mse_v:0.18 psnr_avg:39.12 psnr_y:37.40 psnr_u:53.05 psnr_v:55.68 
n:2520 mse_avg:7.24 mse_y:10.72 mse_u:0.36 mse_v:0.20 psnr_avg:39.54 psnr_y:37.83 psnr_u:52.56 psnr_v:55.18 
n:2521 mse_avg:5.30 mse_y:7.83 mse_u:0.37 mse_v:0.15 psnr_avg:40.89 psnr_y:39.20 psnr_u:52.49 psnr_v:56.40 
n:2522 mse_avg:6.06 mse_y:8.96 mse_u:0.31 mse_v:0.21 psnr_avg:40.30 psnr_y:38.61 psnr_u:53.16 psnr_v:54.99 
n:2523 mse_avg:8.25 mse_y:12.20 mse_u:0.51 mse_v:0.23 psnr_avg:38.96 psnr_y:37.27 psnr_u:51.08 psnr_v:54.52 
n:2524 mse_avg:9.84 mse_y:14.60 mse_u:0.39 mse_v:0.27 psnr_avg:38.20 psnr_y:36.49 psnr_u:52.18 psnr_v:53.85 
n:2525 mse_avg:12.91 mse_y:19.12 mse_u:0.72 mse_v:0.28 psnr_avg:37.02 psnr_y:35.32 psnr_u:49.58 psnr_v:53.63 
n:2526 mse_avg:13.36 mse_y:19.81 mse_u:0.53 mse_v:0.38 psnr_avg:36.87 psnr_y:35.16 psnr_u:50.87 psnr_v:52.31 
n:2527 mse_avg:14.71 mse_y:21.80 mse_u:0.67 mse_v:0.36 psnr_avg:36.46 psnr_y:34.75 psnr_u:49.90 psnr_v:52.57 
n:2528 mse_avg:14.89 mse_y:22.08 mse_u:0.68 mse_v:0.33 psnr_avg:36.40 psnr_y:34.69 psnr_u:49.83 psnr_v:52.96 
n:2529 mse_avg:17.33 mse_y:25.69 mse_u:0.88 mse_v:0.33 psnr_avg:35.74 psnr_y:34.03 psnr_u:48.66 psnr_v:52.92 
n:2530 mse_avg:20.91 mse_y:31.06 mse_u:0.92 mse_v:0.33 psnr_avg:34.93 psnr_y:33.21 psnr_u:48.47 psnr_v:52.97 
n:2531 mse_avg:25.07 mse_y:37.25 mse_u:0.99 mse_v:0.45 psnr_avg:34.14 psnr_y:32.42 psnr_u:48.17 psnr_v:51.64 
n:2532 mse_avg:18.06 mse_y:26.65 mse_u:1.26 mse_v:0.51 psnr_avg:35.56 psnr_y:33.87 psnr_u:47.13 psnr_v:51.07 
n:2533 mse_avg:20.06 mse_y:29.56 mse_u:1.55 mse_v:0.61 psnr_avg:35.11 psnr_y:33.42 psnr_u:46.24 psnr_v:50.25 
n:2534 mse_avg:22.94 mse_y:33.63 mse_u:2.19 mse_v:0.92 psnr_avg:34.53 psnr_y:32.86 psnr_u:44.74 psnr_v:48.50 
n:2535 mse_avg:1.56 mse_y:2.19 mse_u:0.42 mse_v:0.23 psnr_avg:46.19 psnr_y:44.73 psnr_u:51.91 psnr_v:54.59 
n:2536 mse_avg:2.29 mse_y:3.24 mse_u:0.48 mse_v:0.26 psnr_avg:44.54 psnr_y:43.02 psnr_u:51.30 psnr_v:54.04 
n:2537 mse_avg:2.14 mse_y:3.02 mse_u:0.54 mse_v:0.24 psnr_avg:44.82 psnr_y:43.33 psnr_u:50.84 psnr_v:54.31 
n:2538 mse_avg:2.23 mse_y:3.15 mse_u:0.50 mse_v:0.28 psnr_avg:44.64 psnr_y:43.14 psnr_u:51.15 psnr_v:53.63 
n:2539 mse_avg:2.25 mse_y:3.20 mse_u:0.49 mse_v:0.23 psnr_avg:44.60 psnr_y:43.08 psnr_u:51.24 psnr_v:54.45 
n:2540 mse_avg:2.11 mse_y:2.99 mse_u:0.41 mse_v:0.27 psnr_avg:44.89 psnr_y:43.37 psnr_u:52.03 psnr_v:53.81 
n:2541 mse_avg:1.87 mse_y:2.64 mse_u:0.36 mse_v:0.28 psnr_avg:45.42 psnr_y:43.92 psnr_u:52.52 psnr_v:53.62 
n:2542 mse_avg:1.41 mse_y:1.97 mse_u:0.39 mse_v:0.21 psnr_avg:46.64 psnr_y:45.19 psnr_u:52.21 psnr_v:54.96 
n:2543 mse_avg:1.35 mse_y:1.89 mse_u:0.28 mse_v:0.24 psnr_avg:46.83 psnr_y:45.37 psnr_u:53.61 psnr_v:54.24 
n:2544 mse_avg:1.16 mse_y:1.59 mse_u:0.40 mse_v:0.20 psnr_avg:47.48 psnr_y:46.10 psnr_u:52.15 psnr_v:55.06 
n:2545 mse_avg:1.60 mse_y:2.22 mse_u:0.45 mse_v:0.28 psnr_avg:46.08 psnr_y:44.66 psnr_u:51.56 psnr_v:53.62 
n:2546 mse_avg:1.45 mse_y:2.02 mse_u:0.36 mse_v:0.25 psnr_avg:46.52 psnr_y:45.08 psnr_u:52.58 psnr_v:54.09 
n:2547 mse_avg:1.58 mse_y:2.21 mse_u:0.41 mse_v:0.24 psnr_avg:46.14 psnr_y:44.69 psnr_u:52.03 psnr_v:54.28 
n:2548 mse_avg:1.28 mse_y:1.77 mse_u:0.39 mse_v:0.24 psnr_avg:47.04 psnr_y:45.65 psnr_u:52.18 psnr_v:54.32 
n:2549 mse_avg:1.50 mse_y:2.09 mse_u:0.43 mse_v:0.20 psnr_avg:46.37 psnr_y:44.92 psnr_u:51.82 psnr_v:55.03 
n:2550 mse_avg:1.26 mse_y:1.73 mse_u:0.41 mse_v:0.20 psnr_avg:47.14 psnr_y:45.74 psnr_u:52.05 psnr_v:55.19 
n:2551 mse_avg:1.16 mse_y:1.60 mse_u:0.34 mse_v:0.23 psnr_avg:47.48 psnr_y:46.09 psnr_u:52.83 psnr_v:54.46 
n:2552 mse_avg:1.13 mse_y:1.54 mse_u:0.42 mse_v:0.21 psnr_avg:47.58 psnr_y:46.24 psnr_u:51.91 psnr_v:54.90 
n:2553 mse_avg:0.88 mse_y:1.21 mse_u:0.28 mse_v:0.19 psnr_avg:48.67 psnr_y:47.31 psnr_u:53.63 psnr_v:55.42 
n:2554 mse_avg:0.60 mse_y:0.79 mse_u:0.29 mse_v:0.17 psnr_avg:50.33 psnr_y:49.15 psnr_u:53.56 psnr_v:55.92 
n:2555 mse_avg:0.85 mse_y:1.14 mse_u:0.29 mse_v:0.24 psnr_avg:48.84 psnr_y:47.55 psnr_u:53.49 psnr_v:54.42 
n:2556 mse_avg:0.96 mse_y:1.31 mse_u:0.33 mse_v:0.18 psnr_avg:48.31 psnr_y:46.96 psnr_u:52.90 psnr_v:55.59 
n:2557 mse_avg:0.44 mse_y:0.57 mse_u:0.23 mse_v:0.15 psnr_avg:51.68 psnr_y:50.58 psnr_u:54.56 psnr_v:56.41 
n:2558 mse_avg:0.49 mse_y:0.64 mse_u:0.22 mse_v:0.15 psnr_avg:51.24 psnr_y:50.07 psnr_u:54.62 psnr_v:56.46 
n:2559 mse_avg:0.65 mse_y:0.87 mse_u:0.28 mse_v:0.17 psnr_avg:49.99 psnr_y:48.75 psnr_u:53.66 psnr_v:55.89 
n:2560 mse_avg:0.71 mse_y:0.95 mse_u:0.28 mse_v:0.19 psnr_avg:49.62 psnr_y:48.36 psnr_u:53.65 psnr_v:55.37 
n:2561 mse_avg:0.41 mse_y:0.53 mse_u:0.22 mse_v:0.16 psnr_avg:51.97 psnr_y:50.92 psnr_u:54.77 psnr_v:56.15 
n:2562 mse_avg:0.44 mse_y:0.57 mse_u:0.20 mse_v:0.15 psnr_avg:51.71 psnr_y:50.58 psnr_u:55.14 psnr_v:56.27 
n:2563 mse_avg:0.62 mse_y:0.82 mse_u:0.25 mse_v:0.18 psnr_avg:50.21 psnr_y:48.98 psnr_u:54.23 psnr_v:55.59 
n:2564 mse_avg:0.75 mse_y:1.02 mse_u:0.27 mse_v:0.18 psnr_avg:49.37 psnr_y:48.07 psnr_u:53.81 psnr_v:55.67 
n:2565 mse_avg:0.42 mse_y:0.55 mse_u:0.20 mse_v:0.15 psnr_avg:51.88 psnr_y:50.76 psnr_u:55.22 psnr_v:56.36 
n:2566 mse_avg:0.33 mse_y:0.42 mse_u:0.16 mse_v:0.14 psnr_avg:52.92 psnr_y:51.88 psnr_u:55.96 psnr_v:56.69 
n:2567 mse_avg:0.84 mse_y:1.15 mse_u:0.31 mse_v:0.17 psnr_avg:48.87 psnr_y:47.54 psnr_u:53.25 psnr_v:55.90 
n:2568 mse_avg:0.33 mse_y:0.42 mse_u:0.17 mse_v:0.13 psnr_avg:52.90 psnr_y:51.86 psnr_u:55.70 psnr_v:56.91 
n:2569 mse_avg:0.28 mse_y:0.34 mse_u:0.16 mse_v:0.13 psnr_avg:53.73 psnr_y:52.79 psnr_u:56.15 psnr_v:57.08 
n:2570 mse_avg:0.34 mse_y:0.43 mse_u:0.17 mse_v:0.13 psnr_avg:52.84 psnr_y:51.77 psnr_u:55.83 psnr_v:57.01 
n:2571 mse_avg:0.31 mse_y:0.39 mse_u:0.16 mse_v:0.13 psnr_avg:53.20 psnr_y:52.17 psnr_u:56.07 psnr_v:56.98 
n:2572 mse_avg:0.33 mse_y:0.42 mse_u:0.16 mse_v:0.13 psnr_avg:52.92 psnr_y:51.85 psnr_u:55.97 psnr_v:57.03 
n:2573 mse_avg:0.28 mse_y:0.34 mse_u:0.16 mse_v:0.13 psnr_avg:53.73 psnr_y:52.82 psnr_u:56.12 psnr_v:56.91 
n:2574 mse_avg:0.25 mse_y:0.31 mse_u:0.15 mse_v:0.13 psnr_avg:54.14 psnr_y:53.26 psnr_u:56.42 psnr_v:57.11 
n:2575 mse_avg:0.38 mse_y:0.49 mse_u:0.20 mse_v:0.13 psnr_avg:52.33 psnr_y:51.24 psnr_u:55.14 psnr_v:56.94 
n:2576 mse_avg:0.20 mse_y:0.23 mse_u:0.14 mse_v:0.11 psnr_avg:55.20 psnr_y:54.48 psnr_u:56.73 psnr_v:57.54 
n:2577 mse_avg:0.24 mse_y:0.29 mse_u:0.15 mse_v:0.12 psnr_avg:54.40 psnr_y:53.53 psnr_u:56.48 psnr_v:57.44 
n:2578 mse_avg:0.20 mse_y:0.24 mse_u:0.14 mse_v:0.11 psnr_avg:55.08 psnr_y:54.36 psnr_u:56.56 psnr_v:57.55 
n:2579 mse_avg:0.22 mse_y:0.27 mse_u:0.15 mse_v:0.12 psnr_avg:54.65 psnr_y:53.87 psnr_u:56.29 psnr_v:57.52 
n:2580 mse_avg:0.21 mse_y:0.25 mse_u:0.15 mse_v:0.12 psnr_avg:54.85 psnr_y:54.12 psnr_u:56.29 psnr_v:57.47 
n:2581 mse_avg:0.20 mse_y:0.24 mse_u:0.14 mse_v:0.12 psnr_avg:55.05 psnr_y:54.34 psnr_u:56.52 psnr_v:57.50 
n:2582 mse_avg:0.20 mse_y:0.24 mse_u:0.14 mse_v:0.11 psnr_avg:55.06 psnr_y:54.30 psnr_u:56.82 psnr_v:57.56 
n:2583 mse_avg:0.19 mse_y:0.23 mse_u:0.14 mse_v:0.11 psnr_avg:55.23 psnr_y:54.51 psnr_u:56.81 psnr_v:57.58 
n:2584 mse_avg:0.20 mse_y:0.24 mse_u:0.14 mse_v:0.11 psnr_avg:55.05 psnr_y:54.27 psnr_u:56.77 psnr_v:57.65 
n:2585 mse_avg:0.20 mse_y:0.23 mse_u:0.15 mse_v:0.12 psnr_avg:55.11 psnr_y:54.43 psnr_u:56.37 psnr_v:57.49 
n:2586 mse_avg:0.20 mse_y:0.24 mse_u:0.14 mse_v:0.11 psnr_avg:55.03 psnr_y:54.27 psnr_u:56.74 psnr_v:57.60 
n:2587 mse_avg:0.24 mse_y:0.30 mse_u:0.14 mse_v:0.11 psnr_avg:54.28 psnr_y:53.35 psnr_u:56.58 psnr_v:57.67 
n:2588 mse_avg:0.26 mse_y:0.32 mse_u:0.17 mse_v:0.12 psnr_avg:54.01 psnr_y:53.14 psnr_u:55.87 psnr_v:57.35 
n:2589 mse_avg:0.25 mse_y:0.31 mse_u:0.15 mse_v:0.11 psnr_avg:54.20 psnr_y:53.28 psnr_u:56.42 psnr_v:57.58 
n:2590 mse_avg:0.30 mse_y:0.38 mse_u:0.15 mse_v:0.11 psnr_avg:53.38 psnr_y:52.32 psnr_u:56.33 psnr_v:57.53 
n:2591 mse_avg:0.26 mse_y:0.32 mse_u:0.15 mse_v:0.11 psnr_avg:53.97 psnr_y:53.02 psnr_u:56.30 psnr_v:57.53 
n:2592 mse_avg:0.33 mse_y:0.43 mse_u:0.15 mse_v:0.12 psnr_avg:52.94 psnr_y:51.82 psnr_u:56.27 psnr_v:57.37 
n:2593 mse_avg:0.36 mse_y:0.47 mse_u:0.16 mse_v:0.12 psnr_avg:52.61 psnr_y:51.45 psnr_u:56.12 psnr_v:57.36 
n:2594 mse_avg:0.35 mse_y:0.45 mse_u:0.16 mse_v:0.12 psnr_avg:52.75 psnr_y:51.62 psnr_u:56.15 psnr_v:57.31 
n:2595 mse_avg:0.46 mse_y:0.61 mse_u:0.19 mse_v:0.13 psnr_avg:51.53 psnr_y:50.31 psnr_u:55.36 psnr_v:56.92 
n:2596 mse_avg:0.41 mse_y:0.54 mse_u:0.18 mse_v:0.13 psnr_avg:51.97 psnr_y:50.77 psnr_u:55.68 psnr_v:57.15 
n:2597 mse_avg:0.45 mse_y:0.61 mse_u:0.17 mse_v:0.12 psnr_avg:51.57 psnr_y:50.30 psnr_u:55.88 psnr_v:57.21 
n:2598 mse_avg:0.42 mse_y:0.56 mse_u:0.19 mse_v:0.13 psnr_avg:51.85 psnr_y:50.66 psnr_u:55.45 psnr_v:57.07 
n:2599 mse_avg:0.53 mse_y:0.71 mse_u:0.20 mse_v:0.14 psnr_avg:50.92 psnr_y:49.64 psnr_u:55.13 psnr_v:56.80 
n:2600 mse_avg:0.57 mse_y:0.76 mse_u:0.21 mse_v:0.14 psnr_avg:50.60 psnr_y:49.32 psnr_u:54.82 psnr_v:56.58 
n:2601 mse_avg:0.53 mse_y:0.71 mse_u:0.20 mse_v:0.14 psnr_avg:50.90 psnr_y:49.64 psnr_u:55.02 psnr_v:56.54 
n:2602 mse_avg:0.58 mse_y:0.78 mse_u:0.19 mse_v:0.15 psnr_avg:50.50 psnr_y:49.19 psnr_u:55.34 psnr_v:56.47 
n:2603 mse_avg:0.55 mse_y:0.75 mse_u:0.18 mse_v:0.14 psnr_avg:50.72 psnr_y:49.41 psnr_u:55.49 psnr_v:56.68 
n:2604 mse_avg:0.64 mse_y:0.87 mse_u:0.22 mse_v:0.17 psnr_avg:50.04 psnr_y:48.74 psnr_u:54.75 psnr_v:55.85 
n:2605 mse_avg:1.02 mse_y:1.42 mse_u:0.27 mse_v:0.18 psnr_avg:48.05 psnr_y:46.62 psnr_u:53.75 psnr_v:55.58 
n:2606 mse_avg:1.03 mse_y:1.44 mse_u:0.28 mse_v:0.14 psnr_avg:48.00 psnr_y:46.55 psnr_u:53.64 psnr_v:56.55 
n:2607 mse_avg:1.09 mse_y:1.53 mse_u:0.27 mse_v:0.16 psnr_avg:47.77 psnr_y:46.30 psnr_u:53.87 psnr_v:56.20 
n:2608 mse_avg:1.29 mse_y:1.83 mse_u:0.26 mse_v:0.20 psnr_avg:47.01 psnr_y:45.51 psnr_u:53.97 psnr_v:55.12 
n:2609 mse_avg:1.21 mse_y:1.69 mse_u:0.32 mse_v:0.16 psnr_avg:47.32 psnr_y:45.86 psnr_u:53.06 psnr_v:55.96 
n:2610 mse_avg:1.38 mse_y:1.95 mse_u:0.29 mse_v:0.18 psnr_avg:46.74 psnr_y:45.24 psnr_u:53.47 psnr_v:55.52 
n:2611 mse_avg:1.16 mse_y:1.62 mse_u:0.31 mse_v:0.17 psnr_avg:47.48 psnr_y:46.03 psnr_u:53.25 psnr_v:55.82 
n:2612 mse_avg:1.65 mse_y:2.37 mse_u:0.26 mse_v:0.18 psnr_avg:45.96 psnr_y:44.39 psnr_u:54.05 psnr_v:55.55 
n:2613 mse_avg:1.35 mse_y:1.89 mse_u:0.36 mse_v:0.19 psnr_avg:46.82 psnr_y:45.37 psnr_u:52.56 psnr_v:55.43 
n:2614 mse_avg:1.21 mse_y:1.71 mse_u:0.24 mse_v:0.18 psnr_avg:47.31 psnr_y:45.80 psnr_u:54.42 psnr_v:55.47 
n:2615 mse_avg:1.42 mse_y:2.00 mse_u:0.32 mse_v:0.18 psnr_avg:46.62 psnr_y:45.12 psnr_u:53.11 psnr_v:55.52 
n:2616 mse_avg:1.31 mse_y:1.86 mse_u:0.22 mse_v:0.20 psnr_avg:46.96 psnr_y:45.44 psnr_u:54.64 psnr_v:55.19 
n:2617 mse_avg:1.34 mse_y:1.88 mse_u:0.34 mse_v:0.18 psnr_avg:46.86 psnr_y:45.39 psnr_u:52.85 psnr_v:55.69 
n:2618 mse_avg:1.43 mse_y:2.04 mse_u:0.25 mse_v:0.20 psnr_avg:46.56 psnr_y:45.04 psnr_u:54.11 psnr_v:55.03 
n:2619 mse_avg:1.72 mse_y:2.42 mse_u:0.40 mse_v:0.24 psnr_avg:45.78 psnr_y:44.30 psnr_u:52.16 psnr_v:54.26 
n:2620 mse_avg:2.09 mse_y:2.99 mse_u:0.33 mse_v:0.27 psnr_avg:44.93 psnr_y:43.38 psnr_u:52.99 psnr_v:53.86 
n:2621 mse_avg:1.99 mse_y:2.82 mse_u:0.41 mse_v:0.24 psnr_avg:45.15 psnr_y:43.63 psnr_u:52.05 psnr_v:54.36 
n:2622 mse_avg:1.80 mse_y:2.58 mse_u:0.29 mse_v:0.22 psnr_avg:45.57 psnr_y:44.02 psnr_u:53.46 psnr_v:54.80 
n:2623 mse_avg:2.09 mse_y:2.96 mse_u:0.43 mse_v:0.26 psnr_avg:44.94 psnr_y:43.42 psnr_u:51.83 psnr_v:53.98 
n:2624 mse_avg:1.47 mse_y:2.06 mse_u:0.37 mse_v:0.21 psnr_avg:46.46 psnr_y:44.99 psnr_u:52.50 psnr_v:54.82 
n:2625 mse_avg:1.38 mse_y:1.95 mse_u:0.23 mse_v:0.21 psnr_avg:46.75 psnr_y:45.22 psnr_u:54.46 psnr_v:54.88 
n:2626 mse_avg:1.63 mse_y:2.31 mse_u:0.36 mse_v:0.22 psnr_avg:46.00 psnr_y:44.50 psnr_u:52.62 psnr_v:54.71 
n:2627 mse_avg:1.74 mse_y:2.48 mse_u:0.30 mse_v:0.20 psnr_avg:45.73 psnr_y:44.19 psnr_u:53.32 psnr_v:55.10 
n:2628 mse_avg:1.63 mse_y:2.30 mse_u:0.33 mse_v:0.21 psnr_avg:46.02 psnr_y:44.50 psnr_u:52.97 psnr_v:54.83 
n:2629 mse_avg:1.29 mse_y:1.83 mse_u:0.20 mse_v:0.19 psnr_avg:47.04 psnr_y:45.50 psnr_u:55.03 psnr_v:55.38 
n:2630 mse_avg:1.35 mse_y:1.91 mse_u:0.27 mse_v:0.19 psnr_avg:46.82 psnr_y:45.31 psnr_u:53.74 psnr_v:55.36 
n:2631 mse_avg:1.49 mse_y:2.10 mse_u:0.36 mse_v:0.18 psnr_avg:46.40 psnr_y:44.91 psnr_u:52.60 psnr_v:55.48 
n:2632 mse_avg:1.22 mse_y:1.75 mse_u:0.20 mse_v:0.16 psnr_avg:47.25 psnr_y:45.71 psnr_u:55.18 psnr_v:56.06 
n:2633 mse_avg:1.15 mse_y:1.62 mse_u:0.24 mse_v:0.17 psnr_avg:47.52 psnr_y:46.03 psnr_u:54.27 psnr_v:55.83 
n:2634 mse_avg:0.98 mse_y:1.37 mse_u:0.24 mse_v:0.15 psnr_avg:48.24 psnr_y:46.77 psnr_u:54.37 psnr_v:56.50 
n:2635 mse_avg:1.00 mse_y:1.43 mse_u:0.17 mse_v:0.14 psnr_avg:48.11 psnr_y:46.59 psnr_u:55.75 psnr_v:56.54 
n:2636 mse_avg:1.32 mse_y:1.88 mse_u:0.23 mse_v:0.16 psnr_avg:46.92 psnr_y:45.38 psnr_u:54.51 psnr_v:56.11 
n:2637 mse_avg:1.30 mse_y:1.86 mse_u:0.21 mse_v:0.14 psnr_avg:46.99 psnr_y:45.43 psnr_u:54.99 psnr_v:56.63 
n:2638 mse_avg:1.35 mse_y:1.95 mse_u:0.17 mse_v:0.14 psnr_avg:46.81 psnr_y:45.22 psnr_u:55.87 psnr_v:56.73 
n:2639 mse_avg:1.96 mse_y:2.84 mse_u:0.23 mse_v:0.19 psnr_avg:45.20 psnr_y:43.60 psnr_u:54.49 psnr_v:55.38 
n:2640 mse_avg:2.29 mse_y:3.35 mse_u:0.21 mse_v:0.15 psnr_avg:44.52 psnr_y:42.88 psnr_u:54.81 psnr_v:56.42 
n:2641 mse_avg:1.82 mse_y:2.64 mse_u:0.18 mse_v:0.15 psnr_avg:45.54 psnr_y:43.92 psnr_u:55.53 psnr_v:56.26 
n:2642 mse_avg:1.75 mse_y:2.54 mse_u:0.20 mse_v:0.14 psnr_avg:45.70 psnr_y:44.08 psnr_u:55.09 psnr_v:56.81 
n:2643 mse_avg:1.69 mse_y:2.43 mse_u:0.30 mse_v:0.13 psnr_avg:45.84 psnr_y:44.27 psnr_u:53.30 psnr_v:56.99 
n:2644 mse_avg:1.98 mse_y:2.88 mse_u:0.22 mse_v:0.13 psnr_avg:45.17 psnr_y:43.54 psnr_u:54.78 psnr_v:56.86 
n:2645 mse_avg:2.43 mse_y:3.56 mse_u:0.21 mse_v:0.13 psnr_avg:44.27 psnr_y:42.61 psnr_u:54.92 psnr_v:57.07 
n:2646 mse_avg:0.19 mse_y:0.22 mse_u:0.14 mse_v:0.11 psnr_avg:55.33 psnr_y:54.64 psnr_u:56.64 psnr_v:57.78 
n:2647 mse_avg:1.76 mse_y:2.57 mse_u:0.17 mse_v:0.12 psnr_avg:45.67 psnr_y:44.03 psnr_u:55.83 psnr_v:57.41 
n:2648 mse_avg:1.60 mse_y:2.30 mse_u:0.24 mse_v:0.13 psnr_avg:46.10 psnr_y:44.51 psnr_u:54.27 psnr_v:56.99 
n:2649 mse_avg:0.22 mse_y:0.26 mse_u:0.17 mse_v:0.11 psnr_avg:54.64 psnr_y:53.90 psnr_u:55.82 psnr_v:57.70 
n:2650 mse_avg:1.54 mse_y:2.22 mse_u:0.25 mse_v:0.13 psnr_avg:46.24 psnr_y:44.67 psnr_u:54.11 psnr_v:56.94 
n:2651 mse_avg:1.34 mse_y:1.93 mse_u:0.20 mse_v:0.11 psnr_avg:46.85 psnr_y:45.26 psnr_u:55.15 psnr_v:57.60 
n:2652 mse_avg:0.27 mse_y:0.34 mse_u:0.15 mse_v:0.11 psnr_avg:53.84 psnr_y:52.86 psnr_u:56.28 psnr_v:57.65 
n:2653 mse_avg:8.73 mse_y:11.86 mse_u:3.36 mse_v:1.57 psnr_avg:38.72 psnr_y:37.39 psnr_u:42.87 psnr_v:46.18 
n:2654 mse_avg:1.60 mse_y:2.33 mse_u:0.18 mse_v:0.11 psnr_avg:46.09 psnr_y:44.46 psnr_u:55.67 psnr_v:57.76 
n:2655 mse_avg:0.14 mse_y:0.17 mse_u:0.11 mse_v:0.08 psnr_avg:56.55 psnr_y:55.93 psnr_u:57.55 psnr_v:58.86 
n:2656 mse_avg:0.13 mse_y:0.15 mse_u:0.11 mse_v:0.08 psnr_avg:56.95 psnr_y:56.40 psnr_u:57.74 psnr_v:58.94 
n:2657 mse_avg:1.69 mse_y:2.47 mse_u:0.19 mse_v:0.11 psnr_avg:45.85 psnr_y:44.21 psnr_u:55.39 psnr_v:57.92 
n:2658 mse_avg:0.13 mse_y:0.15 mse_u:0.11 mse_v:0.08 psnr_avg:56.99 psnr_y:56.43 psnr_u:57.85 psnr_v:59.01 
n:2659 mse_avg:0.14 mse_y:0.16 mse_u:0.11 mse_v:0.08 psnr_avg:56.64 psnr_y:56.01 psnr_u:57.69 psnr_v:58.89 
n:2660 mse_avg:1.22 mse_y:1.77 mse_u:0.16 mse_v:0.10 psnr_avg:47.25 psnr_y:45.65 psnr_u:55.98 psnr_v:57.97 
n:2661 mse_avg:0.16 mse_y:0.19 mse_u:0.12 mse_v:0.08 psnr_avg:56.17 psnr_y:55.44 psnr_u:57.50 psnr_v:58.94 
n:2662 mse_avg:0.13 mse_y:0.16 mse_u:0.11 mse_v:0.08 psnr_avg:56.84 psnr_y:56.22 psnr_u:57.87 psnr_v:59.10 
n:2663 mse_avg:0.98 mse_y:1.41 mse_u:0.13 mse_v:0.09 psnr_avg:48.22 psnr_y:46.63 psnr_u:56.83 psnr_v:58.66 
n:2664 mse_avg:0.15 mse_y:0.18 mse_u:0.12 mse_v:0.08 psnr_avg:56.26 psnr_y:55.57 psnr_u:57.42 psnr_v:58.84 
n:2665 mse_avg:0.14 mse_y:0.15 mse_u:0.11 mse_v:0.08 psnr_avg:56.81 psnr_y:56.23 psnr_u:57.71 psnr_v:58.93 
n:2666 mse_avg:0.13 mse_y:0.15 mse_u:0.11 mse_v:0.08 psnr_avg:57.00 psnr_y:56.46 psnr_u:57.80 psnr_v:59.00 
n:2667 mse_avg:0.16 mse_y:0.18 mse_u:0.12 mse_v:0.09 psnr_avg:56.17 psnr_y:55.50 psnr_u:57.22 psnr_v:58.82 
n:2668 mse_avg:0.14 mse_y:0.16 mse_u:0.11 mse_v:0.08 psnr_avg:56.80 psnr_y:56.22 psnr_u:57.60 psnr_v:58.99 
n:2669 mse_avg:0.16 mse_y:0.18 mse_u:0.13 mse_v:0.08 psnr_avg:56.22 psnr_y:55.58 psnr_u:57.08 psnr_v:58.84 
n:2670 mse_avg:0.14 mse_y:0.16 mse_u:0.11 mse_v:0.08 psnr_avg:56.66 psnr_y:56.06 psnr_u:57.53 psnr_v:58.97 
n:2671 mse_avg:0.17 mse_y:0.20 mse_u:0.12 mse_v:0.09 psnr_avg:55.83 psnr_y:55.03 psnr_u:57.44 psnr_v:58.83 
n:2672 mse_avg:0.16 mse_y:0.19 mse_u:0.12 mse_v:0.08 psnr_avg:56.00 psnr_y:55.28 psnr_u:57.17 psnr_v:58.86 
n:2673 mse_avg:0.14 mse_y:0.16 mse_u:0.12 mse_v:0.08 psnr_avg:56.60 psnr_y:56.02 psnr_u:57.37 psnr_v:58.89 
n:2674 mse_avg:0.07 mse_y:0.08 mse_u:0.05 mse_v:0.04 psnr_avg:59.70 psnr_y:58.94 psnr_u:61.26 psnr_v:62.39 
n:2675 mse_avg:0.08 mse_y:0.09 mse_u:0.06 mse_v:0.04 psnr_avg:59.21 psnr_y:58.49 psnr_u:60.36 psnr_v:62.05 
n:2676 mse_avg:0.09 mse_y:0.11 mse_u:0.07 mse_v:0.04 psnr_avg:58.50 psnr_y:57.70 psnr_u:59.80 psnr_v:61.96 
n:2677 mse_avg:0.09 mse_y:0.10 mse_u:0.07 mse_v:0.04 psnr_avg:58.64 psnr_y:57.93 psnr_u:59.55 psnr_v:61.85 
n:2678 mse_avg:0.10 mse_y:0.11 mse_u:0.08 mse_v:0.04 psnr_avg:58.33 psnr_y:57.63 psnr_u:59.07 psnr_v:61.76 
n:2679 mse_avg:0.11 mse_y:0.13 mse_u:0.09 mse_v:0.05 psnr_avg:57.72 psnr_y:57.01 psnr_u:58.44 psnr_v:61.27 
n:2680 mse_avg:0.11 mse_y:0.13 mse_u:0.08 mse_v:0.05 psnr_avg:57.89 psnr_y:57.12 psnr_u:58.96 psnr_v:61.45 
n:2681 mse_avg:0.11 mse_y:0.12 mse_u:0.08 mse_v:0.05 psnr_avg:57.91 psnr_y:57.18 psnr_u:58.86 psnr_v:61.27 
n:2682 mse_avg:0.10 mse_y:0.12 mse_u:0.09 mse_v:0.05 psnr_avg:57.95 psnr_y:57.27 psnr_u:58.67 psnr_v:61.27 
n:2683 mse_avg:0.11 mse_y:0.13 mse_u:0.09 mse_v:0.05 psnr_avg:57.65 psnr_y:56.95 psnr_u:58.39 psnr_v:61.09 
n:2684 mse_avg:0.17 mse_y:0.20 mse_u:0.13 mse_v:0.06 psnr_avg:55.88 psnr_y:55.03 psnr_u:56.85 psnr_v:60.58 
n:2685 mse_avg:0.15 mse_y:0.18 mse_u:0.13 mse_v:0.06 psnr_avg:56.39 psnr_y:55.64 psnr_u:57.10 psnr_v:60.35 
n:2686 mse_avg:0.16 mse_y:0.19 mse_u:0.13 mse_v:0.08 psnr_avg:56.11 psnr_y:55.43 psnr_u:56.84 psnr_v:59.32 
n:2687 mse_avg:0.16 mse_y:0.19 mse_u:0.13 mse_v:0.07 psnr_avg:56.02 psnr_y:55.29 psnr_u:56.86 psnr_v:59.51 
n:2688 mse_avg:0.17 mse_y:0.19 mse_u:0.14 mse_v:0.08 psnr_avg:55.92 psnr_y:55.26 psnr_u:56.65 psnr_v:58.96 
n:2689 mse_avg:0.16 mse_y:0.19 mse_u:0.14 mse_v:0.08 psnr_avg:55.96 psnr_y:55.26 psnr_u:56.75 psnr_v:59.28 
n:2690 mse_avg:0.17 mse_y:0.20 mse_u:0.13 mse_v:0.08 psnr_avg:55.80 psnr_y:55.05 psnr_u:56.93 psnr_v:58.95 
n:2691 mse_avg:0.18 mse_y:0.21 mse_u:0.13 mse_v:0.09 psnr_avg:55.62 psnr_y:54.83 psnr_u:57.05 psnr_v:58.80 
n:2692 mse_avg:0.19 mse_y:0.23 mse_u:0.13 mse_v:0.10 psnr_avg:55.30 psnr_y:54.51 psnr_u:56.86 psnr_v:58.24 
n:2693 mse_avg:0.17 mse_y:0.20 mse_u:0.13 mse_v:0.10 psnr_avg:55.75 psnr_y:55.09 psnr_u:56.89 psnr_v:58.10 
n:2694 mse_avg:0.15 mse_y:0.18 mse_u:0.10 mse_v:0.08 psnr_avg:56.30 psnr_y:55.48 psnr_u:58.17 psnr_v:59.18 
n:2695 mse_avg:0.14 mse_y:0.17 mse_u:0.10 mse_v:0.09 psnr_avg:56.59 psnr_y:55.91 psnr_u:57.96 psnr_v:58.81 
n:2696 mse_avg:0.10 mse_y:0.12 mse_u:0.06 mse_v:0.05 psnr_avg:58.21 psnr_y:57.36 psnr_u:60.13 psnr_v:61.24 
n:2697 mse_avg:0.09 mse_y:0.11 mse_u:0.05 mse_v:0.04 psnr_avg:58.47 psnr_y:57.53 psnr_u:60.97 psnr_v:61.72 
n:2698 mse_avg:0.08 mse_y:0.09 mse_u:0.05 mse_v:0.04 psnr_avg:59.34 psnr_y:58.47 psnr_u:61.54 psnr_v:62.18 
n:2699 mse_avg:0.08 mse_y:0.09 mse_u:0.04 mse_v:0.04 psnr_avg:59.26 psnr_y:58.36 psnr_u:61.72 psnr_v:62.21 
n:2700 mse_avg:0.08 mse_y:0.09 mse_u:0.04 mse_v:0.04 psnr_avg:59.36 psnr_y:58.50 psnr_u:61.66 psnr_v:62.00 
n:2701 mse_avg:0.09 mse_y:0.11 mse_u:0.05 mse_v:0.04 psnr_avg:58.62 psnr_y:57.70 psnr_u:61.10 psnr_v:61.69 
n:2702 mse_avg:0.08 mse_y:0.10 mse_u:0.05 mse_v:0.05 psnr_avg:58.90 psnr_y:58.07 psnr_u:61.25 psnr_v:61.34 
n:2703 mse_avg:0.10 mse_y:0.13 mse_u:0.05 mse_v:0.05 psnr_avg:58.03 psnr_y:57.11 psnr_u:60.83 psnr_v:60.87 
n:2704 mse_avg:0.12 mse_y:0.14 mse_u:0.07 mse_v:0.07 psnr_avg:57.51 psnr_y:56.75 psnr_u:59.75 psnr_v:59.44 
n:2705 mse_avg:0.17 mse_y:0.21 mse_u:0.09 mse_v:0.10 psnr_avg:55.85 psnr_y:55.01 psnr_u:58.52 psnr_v:58.02 
n:2706 mse_avg:0.18 mse_y:0.20 mse_u:0.12 mse_v:0.14 psnr_avg:55.60 psnr_y:55.02 psnr_u:57.45 psnr_v:56.71 
n:2707 mse_avg:0.11 mse_y:0.14 mse_u:0.07 mse_v:0.07 psnr_avg:57.54 psnr_y:56.74 psnr_u:60.00 psnr_v:59.61 
n:2708 mse_avg:0.14 mse_y:0.17 mse_u:0.08 mse_v:0.09 psnr_avg:56.66 psnr_y:55.92 psnr_u:58.97 psnr_v:58.44 
n:2709 mse_avg:0.13 mse_y:0.15 mse_u:0.08 mse_v:0.10 psnr_avg:57.04 psnr_y:56.38 psnr_u:59.24 psnr_v:58.31 
n:2710 mse_avg:0.16 mse_y:0.19 mse_u:0.09 mse_v:0.11 psnr_avg:56.15 psnr_y:55.44 psnr_u:58.47 psnr_v:57.64 
n:2711 mse_avg:0.17 mse_y:0.20 mse_u:0.11 mse_v:0.12 psnr_avg:55.70 psnr_y:55.02 psnr_u:57.86 psnr_v:57.17 
n:2712 mse_avg:0.17 mse_y:0.20 mse_u:0.11 mse_v:0.13 psnr_avg:55.74 psnr_y:55.13 psnr_u:57.72 psnr_v:56.89 
n:2713 mse_avg:0.17 mse_y:0.19 mse_u:0.11 mse_v:0.13 psnr_avg:55.95 psnr_y:55.38 psnr_u:57.72 psnr_v:57.13 
n:2714 mse_avg:0.16 mse_y:0.18 mse_u:0.11 mse_v:0.12 psnr_avg:56.22 psnr_y:55.67 psnr_u:57.77 psnr_v:57.40 
n:2715 mse_avg:0.15 mse_y:0.17 mse_u:0.11 mse_v:0.12 psnr_avg:56.38 psnr_y:55.85 psnr_u:57.88 psnr_v:57.49 
n:2716 mse_avg:0.19 mse_y:0.21 mse_u:0.15 mse_v:0.15 psnr_avg:55.35 psnr_y:54.91 psnr_u:56.37 psnr_v:56.44 
n:2717 mse_avg:0.16 mse_y:0.18 mse_u:0.11 mse_v:0.12 psnr_avg:56.21 psnr_y:55.66 psnr_u:57.80 psnr_v:57.40 
n:2718 mse_avg:0.15 mse_y:0.17 mse_u:0.11 mse_v:0.12 psnr_avg:56.32 psnr_y:55.78 psnr_u:57.79 psnr_v:57.52 
n:2719 mse_avg:0.18 mse_y:0.20 mse_u:0.13 mse_v:0.14 psnr_avg:55.60 psnr_y:55.09 psnr_u:56.85 psnr_v:56.81 
n:2720 mse_avg:0.15 mse_y:0.17 mse_u:0.11 mse_v:0.11 psnr_avg:56.38 psnr_y:55.85 psnr_u:57.83 psnr_v:57.53 
n:2721 mse_avg:0.15 mse_y:0.16 mse_u:0.10 mse_v:0.11 psnr_avg:56.50 psnr_y:55.99 psnr_u:57.93 psnr_v:57.59 
n:2722 mse_avg:0.15 mse_y:0.17 mse_u:0.10 mse_v:0.11 psnr_avg:56.47 psnr_y:55.92 psnr_u:58.00 psnr_v:57.73 
n:2723 mse_avg:0.14 mse_y:0.16 mse_u:0.10 mse_v:0.11 psnr_avg:56.54 psnr_y:55.99 psnr_u:58.05 psnr_v:57.82 
n:2724 mse_avg:0.14 mse_y:0.16 mse_u:0.10 mse_v:0.11 psnr_avg:56.59 psnr_y:56.04 psnr_u:58.07 psnr_v:57.87 
n:2725 mse_avg:0.14 mse_y:0.16 mse_u:0.10 mse_v:0.11 psnr_avg:56.61 psnr_y:56.07 psnr_u:58.08 psnr_v:57.83 
n:2726 mse_avg:0.14 mse_y:0.16 mse_u:0.10 mse_v:0.11 psnr_avg:56.69 psnr_y:56.18 psnr_u:58.06 psnr_v:57.83 
n:2727 mse_avg:0.14 mse_y:0.16 mse_u:0.10 mse_v:0.11 psnr_avg:56.76 psnr_y:56.22 psnr_u:58.24 psnr_v:57.91 
n:2728 mse_avg:0.14 mse_y:0.15 mse_u:0.10 mse_v:0.10 psnr_avg:56.79 psnr_y:56.26 psnr_u:58.25 psnr_v:57.94 
n:2729 mse_avg:0.13 mse_y:0.15 mse_u:0.10 mse_v:0.10 psnr_avg:56.88 psnr_y:56.36 psnr_u:58.27 psnr_v:57.99 
n:2730 mse_avg:0.13 mse_y:0.15 mse_u:0.10 mse_v:0.10 psnr_avg:56.89 psnr_y:56.35 psnr_u:58.35 psnr_v:58.08 
n:2731 mse_avg:0.13 mse_y:0.15 mse_u:0.09 mse_v:0.10 psnr_avg:56.94 psnr_y:56.40 psnr_u:58.41 psnr_v:58.14 
n:2732 mse_avg:0.13 mse_y:0.15 mse_u:0.09 mse_v:0.10 psnr_avg:56.95 psnr_y:56.40 psnr_u:58.47 psnr_v:58.17 
n:2733 mse_avg:0.13 mse_y:0.14 mse_u:0.09 mse_v:0.10 psnr_avg:57.04 psnr_y:56.53 psnr_u:58.41 psnr_v:58.20 
n:2734 mse_avg:0.13 mse_y:0.14 mse_u:0.09 mse_v:0.10 psnr_avg:57.11 psnr_y:56.58 psnr_u:58.57 psnr_v:58.29 
n:2735 mse_avg:0.13 mse_y:0.14 mse_u:0.09 mse_v:0.10 psnr_avg:57.11 psnr_y:56.57 psnr_u:58.56 psnr_v:58.33 
n:2736 mse_avg:0.12 mse_y:0.14 mse_u:0.09 mse_v:0.10 psnr_avg:57.21 psnr_y:56.71 psnr_u:58.56 psnr_v:58.34 
n:2737 mse_avg:0.12 mse_y:0.14 mse_u:0.09 mse_v:0.09 psnr_avg:57.24 psnr_y:56.73 psnr_u:58.57 psnr_v:58.41 
n:2738 mse_avg:0.12 mse_y:0.14 mse_u:0.09 mse_v:0.09 psnr_avg:57.33 psnr_y:56.82 psnr_u:58.64 psnr_v:58.50 
n:2739 mse_avg:0.12 mse_y:0.14 mse_u:0.09 mse_v:0.09 psnr_avg:57.27 psnr_y:56.74 psnr_u:58.67 psnr_v:58.50 
n:2740 mse_avg:0.12 mse_y:0.13 mse_u:0.09 mse_v:0.09 psnr_avg:57.37 psnr_y:56.85 psnr_u:58.78 psnr_v:58.50 
n:2741 mse_avg:0.12 mse_y:0.13 mse_u:0.09 mse_v:0.09 psnr_avg:57.42 psnr_y:56.91 psnr_u:58.75 psnr_v:58.55 
n:2742 mse_avg:0.12 mse_y:0.13 mse_u:0.08 mse_v:0.09 psnr_avg:57.45 psnr_y:56.92 psnr_u:58.92 psnr_v:58.63 
n:2743 mse_avg:0.11 mse_y:0.13 mse_u:0.08 mse_v:0.09 psnr_avg:57.59 psnr_y:57.07 psnr_u:59.00 psnr_v:58.74 
n:2744 mse_avg:0.11 mse_y:0.13 mse_u:0.08 mse_v:0.09 psnr_avg:57.66 psnr_y:57.15 psnr_u:59.03 psnr_v:58.79 
n:2745 mse_avg:0.11 mse_y:0.12 mse_u:0.08 mse_v:0.09 psnr_avg:57.69 psnr_y:57.18 psnr_u:59.05 psnr_v:58.83 
n:2746 mse_avg:0.11 mse_y:0.12 mse_u:0.08 mse_v:0.08 psnr_avg:57.76 psnr_y:57.26 psnr_u:59.15 psnr_v:58.86 
n:2747 mse_avg:0.11 mse_y:0.12 mse_u:0.08 mse_v:0.08 psnr_avg:57.81 psnr_y:57.29 psnr_u:59.23 psnr_v:58.95 
n:2748 mse_avg:0.12 mse_y:0.14 mse_u:0.09 mse_v:0.09 psnr_avg:57.20 psnr_y:56.62 psnr_u:58.71 psnr_v:58.60 
n:2749 mse_avg:0.12 mse_y:0.13 mse_u:0.08 mse_v:0.09 psnr_avg:57.47 psnr_y:56.88 psnr_u:59.18 psnr_v:58.76 
n:2750 mse_avg:0.11 mse_y:0.13 mse_u:0.08 mse_v:0.09 psnr_avg:57.65 psnr_y:57.11 psnr_u:59.22 psnr_v:58.80 
n:2751 mse_avg:0.11 mse_y:0.12 mse_u:0.08 mse_v:0.08 psnr_avg:57.72 psnr_y:57.19 psnr_u:59.22 psnr_v:58.89 
n:2752 mse_avg:0.11 mse_y:0.12 mse_u:0.08 mse_v:0.08 psnr_avg:57.76 psnr_y:57.24 psnr_u:59.19 psnr_v:58.85 
n:2753 mse_avg:0.12 mse_y:0.14 mse_u:0.08 mse_v:0.09 psnr_avg:57.34 psnr_y:56.74 psnr_u:59.02 psnr_v:58.71 
n:2754 mse_avg:0.11 mse_y:0.12 mse_u:0.08 mse_v:0.08 psnr_avg:57.79 psnr_y:57.25 psnr_u:59.27 psnr_v:58.97 
n:2755 mse_avg:0.11 mse_y:0.12 mse_u:0.08 mse_v:0.08 psnr_avg:57.81 psnr_y:57.28 psnr_u:59.27 psnr_v:58.98 
n:2756 mse_avg:0.12 mse_y:0.14 mse_u:0.08 mse_v:0.09 psnr_avg:57.41 psnr_y:56.81 psnr_u:59.13 psnr_v:58.76 
n:2757 mse_avg:0.11 mse_y:0.12 mse_u:0.08 mse_v:0.08 psnr_avg:57.80 psnr_y:57.27 psnr_u:59.28 psnr_v:58.97 
n:2758 mse_avg:0.11 mse_y:0.12 mse_u:0.08 mse_v:0.08 psnr_avg:57.87 psnr_y:57.35 psnr_u:59.32 psnr_v:59.00 
n:2759 mse_avg:0.11 mse_y:0.12 mse_u:0.08 mse_v:0.08 psnr_avg:57.91 psnr_y:57.38 psnr_u:59.35 psnr_v:59.09 
n:2760 mse_avg:0.10 mse_y:0.12 mse_u:0.08 mse_v:0.08 psnr_avg:57.97 psnr_y:57.45 psnr_u:59.38 psnr_v:59.11 
n:2761 mse_avg:0.11 mse_y:0.12 mse_u:0.08 mse_v:0.08 psnr_avg:57.79 psnr_y:57.25 psnr_u:59.24 psnr_v:59.07 
n:2762 mse_avg:0.10 mse_y:0.12 mse_u:0.08 mse_v:0.08 psnr_avg:57.97 psnr_y:57.45 psnr_u:59.35 psnr_v:59.12 
n:2763 mse_avg:0.10 mse_y:0.12 mse_u:0.08 mse_v:0.08 psnr_avg:57.97 psnr_y:57.45 psnr_u:59.34 psnr_v:59.14 
n:2764 mse_avg:0.10 mse_y:0.12 mse_u:0.07 mse_v:0.08 psnr_avg:58.03 psnr_y:57.50 psnr_u:59.43 psnr_v:59.23 
n:2765 mse_avg:0.11 mse_y:0.12 mse_u:0.07 mse_v:0.08 psnr_avg:57.80 psnr_y:57.21 psnr_u:59.40 psnr_v:59.18 
n:2766 mse_avg:0.10 mse_y:0.12 mse_u:0.07 mse_v:0.08 psnr_avg:57.97 psnr_y:57.43 psnr_u:59.45 psnr_v:59.21 
n:2767 mse_avg:0.10 mse_y:0.12 mse_u:0.07 mse_v:0.08 psnr_avg:58.04 psnr_y:57.51 psnr_u:59.47 psnr_v:59.24 
n:2768 mse_avg:0.10 mse_y:0.11 mse_u:0.07 mse_v:0.08 psnr_avg:58.07 psnr_y:57.55 psnr_u:59.48 psnr_v:59.24 
n:2769 mse_avg:0.10 mse_y:0.12 mse_u:0.07 mse_v:0.08 psnr_avg:57.94 psnr_y:57.38 psnr_u:59.47 psnr_v:59.18 
n:2770 mse_avg:0.10 mse_y:0.11 mse_u:0.07 mse_v:0.08 psnr_avg:58.10 psnr_y:57.57 psnr_u:59.51 psnr_v:59.28 
n:2771 mse_avg:0.10 mse_y:0.11 mse_u:0.07 mse_v:0.08 psnr_avg:58.11 psnr_y:57.59 psnr_u:59.49 psnr_v:59.31 
n:2772 mse_avg:0.10 mse_y:0.12 mse_u:0.07 mse_v:0.08 psnr_avg:58.06 psnr_y:57.52 psnr_u:59.50 psnr_v:59.30 
n:2773 mse_avg:0.10 mse_y:0.12 mse_u:0.07 mse_v:0.08 psnr_avg:58.05 psnr_y:57.52 psnr_u:59.48 psnr_v:59.21 
n:2774 mse_avg:0.11 mse_y:0.13 mse_u:0.08 mse_v:0.08 psnr_avg:57.54 psnr_y:56.89 psnr_u:59.33 psnr_v:59.09 
n:2775 mse_avg:0.10 mse_y:0.12 mse_u:0.07 mse_v:0.08 psnr_avg:58.03 psnr_y:57.48 psnr_u:59.57 psnr_v:59.24 
n:2776 mse_avg:0.11 mse_y:0.12 mse_u:0.07 mse_v:0.08 psnr_avg:57.80 psnr_y:57.22 psnr_u:59.44 psnr_v:59.10 
n:2777 mse_avg:0.11 mse_y:0.13 mse_u:0.07 mse_v:0.08 psnr_avg:57.76 psnr_y:57.16 psnr_u:59.45 psnr_v:59.13 
n:2778 mse_avg:0.11 mse_y:0.13 mse_u:0.07 mse_v:0.08 psnr_avg:57.74 psnr_y:57.13 psnr_u:59.50 psnr_v:59.09 
n:2779 mse_avg:0.10 mse_y:0.12 mse_u:0.07 mse_v:0.08 psnr_avg:57.99 psnr_y:57.43 psnr_u:59.55 psnr_v:59.23 
n:2780 mse_avg:0.11 mse_y:0.12 mse_u:0.07 mse_v:0.08 psnr_avg:57.85 psnr_y:57.29 psnr_u:59.39 psnr_v:59.15 
n:2781 mse_avg:0.11 mse_y:0.12 mse_u:0.07 mse_v:0.08 psnr_avg:57.82 psnr_y:57.23 psnr_u:59.49 psnr_v:59.11 
n:2782 mse_avg:0.11 mse_y:0.12 mse_u:0.07 mse_v:0.08 psnr_avg:57.87 psnr_y:57.31 psnr_u:59.47 psnr_v:59.10 
n:2783 mse_avg:0.11 mse_y:0.12 mse_u:0.07 mse_v:0.08 psnr_avg:57.92 psnr_y:57.36 psnr_u:59.52 psnr_v:59.12 
n:2784 mse_avg:0.11 mse_y:0.12 mse_u:0.07 mse_v:0.08 psnr_avg:57.84 psnr_y:57.26 psnr_u:59.53 psnr_v:59.07 
n:2785 mse_avg:0.11 mse_y:0.12 mse_u:0.08 mse_v:0.08 psnr_avg:57.81 psnr_y:57.26 psnr_u:59.37 psnr_v:59.00 
n:2786 mse_avg:0.12 mse_y:0.14 mse_u:0.07 mse_v:0.08 psnr_avg:57.33 psnr_y:56.65 psnr_u:59.38 psnr_v:58.92 
n:2787 mse_avg:0.11 mse_y:0.12 mse_u:0.07 mse_v:0.08 psnr_avg:57.81 psnr_y:57.24 psnr_u:59.42 psnr_v:59.08 
n:2788 mse_avg:0.11 mse_y:0.13 mse_u:0.08 mse_v:0.08 psnr_avg:57.53 psnr_y:56.93 psnr_u:59.23 psnr_v:58.88 
n:2789 mse_avg:0.11 mse_y:0.12 mse_u:0.08 mse_v:0.08 psnr_avg:57.76 psnr_y:57.19 psnr_u:59.34 psnr_v:59.05 
n:2790 mse_avg:0.11 mse_y:0.12 mse_u:0.08 mse_v:0.08 psnr_avg:57.78 psnr_y:57.21 psnr_u:59.34 psnr_v:59.03 
n:2791 mse_avg:0.11 mse_y:0.13 mse_u:0.08 mse_v:0.08 psnr_avg:57.71 psnr_y:57.14 psnr_u:59.31 psnr_v:58.97 
n:2792 mse_avg:0.11 mse_y:0.13 mse_u:0.08 mse_v:0.08 psnr_avg:57.59 psnr_y:57.01 psnr_u:59.23 psnr_v:58.89 
n:2793 mse_avg:0.12 mse_y:0.13 mse_u:0.08 mse_v:0.09 psnr_avg:57.47 psnr_y:56.91 psnr_u:59.02 psnr_v:58.69 
n:2794 mse_avg:0.12 mse_y:0.13 mse_u:0.08 mse_v:0.09 psnr_avg:57.48 psnr_y:56.91 psnr_u:59.08 psnr_v:58.78 
n:2795 mse_avg:0.11 mse_y:0.13 mse_u:0.08 mse_v:0.09 psnr_avg:57.54 psnr_y:56.97 psnr_u:59.13 psnr_v:58.78 
n:2796 mse_avg:0.12 mse_y:0.13 mse_u:0.08 mse_v:0.09 psnr_avg:57.40 psnr_y:56.83 psnr_u:58.99 psnr_v:58.67 
n:2797 mse_avg:0.12 mse_y:0.13 mse_u:0.08 mse_v:0.09 psnr_avg:57.41 psnr_y:56.86 psnr_u:58.98 psnr_v:58.60 
n:2798 mse_avg:0.12 mse_y:0.13 mse_u:0.08 mse_v:0.09 psnr_avg:57.43 psnr_y:56.88 psnr_u:58.96 psnr_v:58.62 
n:2799 mse_avg:0.12 mse_y:0.13 mse_u:0.08 mse_v:0.09 psnr_avg:57.46 psnr_y:56.90 psnr_u:59.04 psnr_v:58.67 
n:2800 mse_avg:0.12 mse_y:0.14 mse_u:0.08 mse_v:0.09 psnr_avg:57.24 psnr_y:56.66 psnr_u:58.90 psnr_v:58.49 
n:2801 mse_avg:0.12 mse_y:0.14 mse_u:0.09 mse_v:0.09 psnr_avg:57.22 psnr_y:56.64 psnr_u:58.83 psnr_v:58.56 
n:2802 mse_avg:0.12 mse_y:0.14 mse_u:0.09 mse_v:0.09 psnr_avg:57.21 psnr_y:56.63 psnr_u:58.82 psnr_v:58.55 
n:2803 mse_avg:0.12 mse_y:0.14 mse_u:0.08 mse_v:0.09 psnr_avg:57.25 psnr_y:56.67 psnr_u:58.85 psnr_v:58.56 
n:2804 mse_avg:0.12 mse_y:0.14 mse_u:0.09 mse_v:0.09 psnr_avg:57.18 psnr_y:56.62 psnr_u:58.70 psnr_v:58.46 
n:2805 mse_avg:0.16 mse_y:0.19 mse_u:0.10 mse_v:0.10 psnr_avg:56.03 psnr_y:55.27 psnr_u:58.21 psnr_v:58.10 
n:2806 mse_avg:0.13 mse_y:0.15 mse_u:0.09 mse_v:0.09 psnr_avg:57.03 psnr_y:56.43 psnr_u:58.68 psnr_v:58.40 
n:2807 mse_avg:0.13 mse_y:0.15 mse_u:0.09 mse_v:0.09 psnr_avg:57.08 psnr_y:56.50 psnr_u:58.63 psnr_v:58.43 
n:2808 mse_avg:0.13 mse_y:0.15 mse_u:0.09 mse_v:0.10 psnr_avg:56.95 psnr_y:56.36 psnr_u:58.54 psnr_v:58.33 
n:2809 mse_avg:0.13 mse_y:0.15 mse_u:0.09 mse_v:0.10 psnr_avg:56.90 psnr_y:56.33 psnr_u:58.42 psnr_v:58.19 
n:2810 mse_avg:0.13 mse_y:0.15 mse_u:0.09 mse_v:0.10 psnr_avg:56.84 psnr_y:56.26 psnr_u:58.45 psnr_v:58.20 
n:2811 mse_avg:0.13 mse_y:0.15 mse_u:0.09 mse_v:0.10 psnr_avg:56.88 psnr_y:56.32 psnr_u:58.42 psnr_v:58.18 
n:2812 mse_avg:0.14 mse_y:0.15 mse_u:0.10 mse_v:0.11 psnr_avg:56.76 psnr_y:56.23 psnr_u:58.25 psnr_v:57.91 
n:2813 mse_avg:0.17 mse_y:0.20 mse_u:0.11 mse_v:0.13 psnr_avg:55.82 psnr_y:55.19 psnr_u:57.91 psnr_v:57.09 
n:2814 mse_avg:0.14 mse_y:0.16 mse_u:0.10 mse_v:0.11 psnr_avg:56.58 psnr_y:56.02 psnr_u:58.17 psnr_v:57.82 
n:2815 mse_avg:0.17 mse_y:0.19 mse_u:0.11 mse_v:0.13 psnr_avg:55.80 psnr_y:55.23 psnr_u:57.65 psnr_v:56.84 
n:2816 mse_avg:0.15 mse_y:0.17 mse_u:0.11 mse_v:0.12 psnr_avg:56.32 psnr_y:55.79 psnr_u:57.85 psnr_v:57.40 
n:2817 mse_avg:0.15 mse_y:0.17 mse_u:0.11 mse_v:0.12 psnr_avg:56.31 psnr_y:55.80 psnr_u:57.84 psnr_v:57.29 
n:2818 mse_avg:0.15 mse_y:0.17 mse_u:0.11 mse_v:0.13 psnr_avg:56.24 psnr_y:55.76 psnr_u:57.71 psnr_v:57.15 
n:2819 mse_avg:0.17 mse_y:0.19 mse_u:0.11 mse_v:0.14 psnr_avg:55.86 psnr_y:55.36 psnr_u:57.55 psnr_v:56.64 
n:2820 mse_avg:0.15 mse_y:0.17 mse_u:0.11 mse_v:0.12 psnr_avg:56.26 psnr_y:55.73 psnr_u:57.79 psnr_v:57.38 
n:2821 mse_avg:0.24 mse_y:0.27 mse_u:0.16 mse_v:0.19 psnr_avg:54.35 psnr_y:53.82 psnr_u:56.08 psnr_v:55.29 
n:2822 mse_avg:0.20 mse_y:0.22 mse_u:0.13 mse_v:0.17 psnr_avg:55.19 psnr_y:54.68 psnr_u:57.05 psnr_v:55.85 
n:2823 mse_avg:0.16 mse_y:0.18 mse_u:0.12 mse_v:0.13 psnr_avg:56.04 psnr_y:55.58 psnr_u:57.32 psnr_v:56.95 
n:2824 mse_avg:0.17 mse_y:0.19 mse_u:0.13 mse_v:0.14 psnr_avg:55.81 psnr_y:55.40 psnr_u:56.98 psnr_v:56.56 
n:2825 mse_avg:0.18 mse_y:0.19 mse_u:0.14 mse_v:0.15 psnr_avg:55.68 psnr_y:55.32 psnr_u:56.73 psnr_v:56.29 
n:2826 mse_avg:0.19 mse_y:0.20 mse_u:0.14 mse_v:0.15 psnr_avg:55.44 psnr_y:55.02 psnr_u:56.59 psnr_v:56.29 
n:2827 mse_avg:0.19 mse_y:0.21 mse_u:0.14 mse_v:0.15 psnr_avg:55.45 psnr_y:55.00 psnr_u:56.72 psnr_v:56.33 
n:2828 mse_avg:0.19 mse_y:0.20 mse_u:0.14 mse_v:0.16 psnr_avg:55.45 psnr_y:55.01 psnr_u:56.81 psnr_v:56.20 
n:2829 mse_avg:0.19 mse_y:0.21 mse_u:0.14 mse_v:0.16 psnr_avg:55.40 psnr_y:54.95 psnr_u:56.73 psnr_v:56.18 
n:2830 mse_avg:0.18 mse_y:0.21 mse_u:0.13 mse_v:0.15 psnr_avg:55.48 psnr_y:55.01 psnr_u:56.95 psnr_v:56.30 
n:2831 mse_avg:0.18 mse_y:0.20 mse_u:0.13 mse_v:0.15 psnr_avg:55.57 psnr_y:55.09 psnr_u:57.13 psnr_v:56.41 
n:2832 mse_avg:3.18 mse_y:4.57 mse_u:0.37 mse_v:0.43 psnr_avg:43.10 psnr_y:41.53 psnr_u:52.49 psnr_v:51.82 
n:2833 mse_avg:2.39 mse_y:3.40 mse_u:0.37 mse_v:0.39 psnr_avg:44.34 psnr_y:42.82 psnr_u:52.47 psnr_v:52.18 
n:2834 mse_avg:3.52 mse_y:5.09 mse_u:0.31 mse_v:0.43 psnr_avg:42.67 psnr_y:41.06 psnr_u:53.23 psnr_v:51.83 
n:2835 mse_avg:4.48 mse_y:6.47 mse_u:0.46 mse_v:0.53 psnr_avg:41.62 psnr_y:40.02 psnr_u:51.50 psnr_v:50.86 
n:2836 mse_avg:3.26 mse_y:4.73 mse_u:0.27 mse_v:0.34 psnr_avg:43.00 psnr_y:41.38 psnr_u:53.84 psnr_v:52.87 
n:2837 mse_avg:3.52 mse_y:5.12 mse_u:0.30 mse_v:0.37 psnr_avg:42.66 psnr_y:41.04 psnr_u:53.30 psnr_v:52.43 
n:2838 mse_avg:2.67 mse_y:3.87 mse_u:0.22 mse_v:0.29 psnr_avg:43.87 psnr_y:42.25 psnr_u:54.72 psnr_v:53.54 
n:2839 mse_avg:1.93 mse_y:2.77 mse_u:0.22 mse_v:0.29 psnr_avg:45.27 psnr_y:43.71 psnr_u:54.74 psnr_v:53.55 
n:2840 mse_avg:2.53 mse_y:3.63 mse_u:0.33 mse_v:0.32 psnr_avg:44.11 psnr_y:42.54 psnr_u:53.00 psnr_v:53.02 
n:2841 mse_avg:1.97 mse_y:2.84 mse_u:0.21 mse_v:0.27 psnr_avg:45.18 psnr_y:43.60 psnr_u:54.99 psnr_v:53.76 
n:2842 mse_avg:1.46 mse_y:2.07 mse_u:0.18 mse_v:0.26 psnr_avg:46.50 psnr_y:44.97 psnr_u:55.48 psnr_v:54.02 
n:2843 mse_avg:1.97 mse_y:2.82 mse_u:0.26 mse_v:0.28 psnr_avg:45.18 psnr_y:43.62 psnr_u:54.01 psnr_v:53.61 
n:2844 mse_avg:1.40 mse_y:2.01 mse_u:0.17 mse_v:0.22 psnr_avg:46.66 psnr_y:45.10 psnr_u:55.86 psnr_v:54.76 
n:2845 mse_avg:1.21 mse_y:1.72 mse_u:0.17 mse_v:0.24 psnr_avg:47.29 psnr_y:45.78 psnr_u:55.92 psnr_v:54.29 
n:2846 mse_avg:1.46 mse_y:2.07 mse_u:0.23 mse_v:0.27 psnr_avg:46.48 psnr_y:44.97 psnr_u:54.50 psnr_v:53.82 
n:2847 mse_avg:1.14 mse_y:1.61 mse_u:0.15 mse_v:0.24 psnr_avg:47.57 psnr_y:46.07 psnr_u:56.27 psnr_v:54.37 
n:2848 mse_avg:1.06 mse_y:1.47 mse_u:0.20 mse_v:0.25 psnr_avg:47.90 psnr_y:46.46 psnr_u:55.07 psnr_v:54.14 
n:2849 mse_avg:0.94 mse_y:1.32 mse_u:0.14 mse_v:0.23 psnr_avg:48.39 psnr_y:46.92 psnr_u:56.65 psnr_v:54.48 
n:2850 mse_avg:1.12 mse_y:1.56 mse_u:0.19 mse_v:0.27 psnr_avg:47.66 psnr_y:46.20 psnr_u:55.39 psnr_v:53.85 
n:2851 mse_avg:1.09 mse_y:1.51 mse_u:0.22 mse_v:0.26 psnr_avg:47.76 psnr_y:46.33 psnr_u:54.70 psnr_v:53.90 
n:2852 mse_avg:1.15 mse_y:1.62 mse_u:0.15 mse_v:0.27 psnr_avg:47.51 psnr_y:46.02 psnr_u:56.24 psnr_v:53.86 
n:2853 mse_avg:2.20 mse_y:3.14 mse_u:0.23 mse_v:0.41 psnr_avg:44.70 psnr_y:43.16 psnr_u:54.56 psnr_v:52.03 
n:2854 mse_avg:2.15 mse_y:3.03 mse_u:0.29 mse_v:0.49 psnr_avg:44.80 psnr_y:43.31 psnr_u:53.47 psnr_v:51.26 
n:2855 mse_avg:2.09 mse_y:3.00 mse_u:0.16 mse_v:0.39 psnr_avg:44.92 psnr_y:43.36 psnr_u:56.06 psnr_v:52.18 
n:2856 mse_avg:1.34 mse_y:1.91 mse_u:0.13 mse_v:0.27 psnr_avg:46.87 psnr_y:45.33 psnr_u:56.93 psnr_v:53.81 
n:2857 mse_avg:1.43 mse_y:2.02 mse_u:0.19 mse_v:0.34 psnr_avg:46.56 psnr_y:45.08 psnr_u:55.38 psnr_v:52.78 
n:2858 mse_avg:1.32 mse_y:1.89 mse_u:0.09 mse_v:0.25 psnr_avg:46.94 psnr_y:45.37 psnr_u:58.50 psnr_v:54.22 
n:2859 mse_avg:1.01 mse_y:1.45 mse_u:0.11 mse_v:0.18 psnr_avg:48.07 psnr_y:46.52 psnr_u:57.89 psnr_v:55.65 
n:2860 mse_avg:0.96 mse_y:1.36 mse_u:0.12 mse_v:0.19 psnr_avg:48.31 psnr_y:46.79 psnr_u:57.23 psnr_v:55.32 
n:2861 mse_avg:0.95 mse_y:1.36 mse_u:0.07 mse_v:0.14 psnr_avg:48.38 psnr_y:46.78 psnr_u:59.57 psnr_v:56.68 
n:2862 mse_avg:0.65 mse_y:0.94 mse_u:0.08 mse_v:0.10 psnr_avg:49.97 psnr_y:48.41 psnr_u:58.91 psnr_v:58.24 
n:2863 mse_avg:0.69 mse_y:0.98 mse_u:0.11 mse_v:0.15 psnr_avg:49.72 psnr_y:48.24 psnr_u:57.81 psnr_v:56.40 
n:2864 mse_avg:0.67 mse_y:0.96 mse_u:0.05 mse_v:0.09 psnr_avg:49.90 psnr_y:48.29 psnr_u:60.86 psnr_v:58.58 
n:2865 mse_avg:0.48 mse_y:0.68 mse_u:0.08 mse_v:0.08 psnr_avg:51.35 psnr_y:49.83 psnr_u:59.28 psnr_v:59.32 
n:2866 mse_avg:0.57 mse_y:0.83 mse_u:0.05 mse_v:0.07 psnr_avg:50.55 psnr_y:48.94 psnr_u:61.14 psnr_v:59.94 
n:2867 mse_avg:0.47 mse_y:0.67 mse_u:0.06 mse_v:0.08 psnr_avg:51.44 psnr_y:49.89 psnr_u:60.48 psnr_v:59.37 
n:2868 mse_avg:0.56 mse_y:0.80 mse_u:0.07 mse_v:0.12 psnr_avg:50.63 psnr_y:49.12 psnr_u:59.64 psnr_v:57.45 
n:2869 mse_avg:0.44 mse_y:0.65 mse_u:0.02 mse_v:0.05 psnr_avg:51.68 psnr_y:50.03 psnr_u:65.24 psnr_v:61.23 
n:2870 mse_avg:0.41 mse_y:0.59 mse_u:0.03 mse_v:0.06 psnr_avg:52.01 psnr_y:50.40 psnr_u:63.86 psnr_v:60.63 
n:2871 mse_avg:0.11 mse_y:0.16 mse_u:0.02 mse_v:0.03 psnr_avg:57.56 psnr_y:56.08 psnr_u:65.92 psnr_v:63.85 
n:2872 mse_avg:0.05 mse_y:0.07 mse_u:0.00 mse_v:0.00 psnr_avg:61.54 psnr_y:59.91 psnr_u:72.51 psnr_v:71.86 
n:2873 mse_avg:0.00 mse_y:0.00 mse_u:0.00 mse_v:0.00 psnr_avg:80.77 psnr_y:98.75 psnr_u:78.66 psnr_v:74.43 
n:2874 mse_avg:0.00 mse_y:0.00 mse_u:0.00 mse_v:0.00 psnr_avg:81.59 psnr_y:98.75 psnr_u:78.66 psnr_v:75.61 
n:2875 mse_avg:0.00 mse_y:0.00 mse_u:0.00 mse_v:0.00 psnr_avg:81.67 psnr_y:98.75 psnr_u:78.75 psnr_v:75.69 
n:2876 mse_avg:0.00 mse_y:0.00 mse_u:0.00 mse_v:0.00 psnr_avg:78.66 psnr_y:79.80 psnr_u:78.83 psnr_v:75.74 
n:2877 mse_avg:0.25 mse_y:0.38 mse_u:0.00 mse_v:0.00 psnr_avg:54.14 psnr_y:52.38 psnr_u:78.83 psnr_v:75.74 
n:2878 mse_avg:0.94 mse_y:1.40 mse_u:0.00 mse_v:0.01 psnr_avg:48.41 psnr_y:46.66 psnr_u:72.66 psnr_v:67.78 
n:2879 mse_avg:0.94 mse_y:1.40 mse_u:0.00 mse_v:0.01 psnr_avg:48.42 psnr_y:46.67 psnr_u:76.49 psnr_v:70.34 
n:2880 mse_avg:0.90 mse_y:1.34 mse_u:0.02 mse_v:0.01 psnr_avg:48.58 psnr_y:46.85 psnr_u:65.15 psnr_v:67.24 
n:2881 mse_avg:0.65 mse_y:0.97 mse_u:0.01 mse_v:0.01 psnr_avg:49.99 psnr_y:48.24 psnr_u:70.55 psnr_v:69.26 
n:2882 mse_avg:0.48 mse_y:0.72 mse_u:0.00 mse_v:0.01 psnr_avg:51.30 psnr_y:49.55 psnr_u:79.11 psnr_v:70.72 
n:2883 mse_avg:0.46 mse_y:0.68 mse_u:0.02 mse_v:0.02 psnr_avg:51.49 psnr_y:49.79 psnr_u:65.47 psnr_v:65.11 
n:2884 mse_avg:0.37 mse_y:0.55 mse_u:0.00 mse_v:0.01 psnr_avg:52.45 psnr_y:50.70 psnr_u:78.66 psnr_v:71.01 
n:2885 mse_avg:0.44 mse_y:0.65 mse_u:0.00 mse_v:0.00 psnr_avg:51.74 psnr_y:49.99 psnr_u:79.40 psnr_v:71.39 
n:2886 mse_avg:0.35 mse_y:0.51 mse_u:0.02 mse_v:0.03 psnr_avg:52.72 psnr_y:51.05 psnr_u:65.50 psnr_v:64.00 
n:2887 mse_avg:0.42 mse_y:0.63 mse_u:0.00 mse_v:0.01 psnr_avg:51.88 psnr_y:50.13 psnr_u:77.54 psnr_v:69.55 
n:2888 mse_avg:0.30 mse_y:0.45 mse_u:0.00 mse_v:0.01 psnr_avg:53.37 psnr_y:51.63 psnr_u:75.48 psnr_v:69.76 
n:2889 mse_avg:0.43 mse_y:0.63 mse_u:0.01 mse_v:0.04 psnr_avg:51.83 psnr_y:50.15 psnr_u:67.00 psnr_v:62.46 
n:2890 mse_avg:0.33 mse_y:0.50 mse_u:0.00 mse_v:0.01 psnr_avg:52.90 psnr_y:51.17 psnr_u:73.30 psnr_v:66.83 
n:2891 mse_avg:0.42 mse_y:0.63 mse_u:0.00 mse_v:0.02 psnr_avg:51.88 psnr_y:50.15 psnr_u:73.67 psnr_v:65.45 
n:2892 mse_avg:0.29 mse_y:0.43 mse_u:0.02 mse_v:0.04 psnr_avg:53.46 psnr_y:51.83 psnr_u:66.18 psnr_v:62.46 
n:2893 mse_avg:0.40 mse_y:0.59 mse_u:0.00 mse_v:0.01 psnr_avg:52.14 psnr_y:50.40 psnr_u:74.66 psnr_v:67.00 
n:2894 mse_avg:0.36 mse_y:0.53 mse_u:0.00 mse_v:0.02 psnr_avg:52.57 psnr_y:50.85 psnr_u:72.75 psnr_v:66.22 
n:2895 mse_avg:0.34 mse_y:0.49 mse_u:0.03 mse_v:0.04 psnr_avg:52.82 psnr_y:51.20 psnr_u:63.97 psnr_v:62.26 
n:2896 mse_avg:0.30 mse_y:0.45 mse_u:0.00 mse_v:0.01 psnr_avg:53.36 psnr_y:51.64 psnr_u:71.29 psnr_v:67.13 
n:2897 mse_avg:0.43 mse_y:0.64 mse_u:0.01 mse_v:0.02 psnr_avg:51.79 psnr_y:50.08 psnr_u:68.70 psnr_v:65.17 
n:2898 mse_avg:0.42 mse_y:0.61 mse_u:0.03 mse_v:0.04 psnr_avg:51.92 psnr_y:50.27 psnr_u:63.80 psnr_v:62.33 
n:2899 mse_avg:0.40 mse_y:0.59 mse_u:0.01 mse_v:0.02 psnr_avg:52.15 psnr_y:50.43 psnr_u:69.27 psnr_v:66.29 
n:2900 mse_avg:0.46 mse_y:0.69 mse_u:0.01 mse_v:0.02 psnr_avg:51.48 psnr_y:49.77 psnr_u:68.33 psnr_v:64.53 
n:2901 mse_avg:0.47 mse_y:0.69 mse_u:0.03 mse_v:0.04 psnr_avg:51.37 psnr_y:49.72 psnr_u:63.54 psnr_v:61.69 
n:2902 mse_avg:0.43 mse_y:0.63 mse_u:0.01 mse_v:0.02 psnr_avg:51.82 psnr_y:50.11 psnr_u:68.46 psnr_v:65.14 
n:2903 mse_avg:0.40 mse_y:0.58 mse_u:0.01 mse_v:0.02 psnr_avg:52.15 psnr_y:50.46 psnr_u:66.37 psnr_v:64.56 
n:2904 mse_avg:0.43 mse_y:0.62 mse_u:0.03 mse_v:0.04 psnr_avg:51.82 psnr_y:50.17 psnr_u:63.59 psnr_v:62.03 
n:2905 mse_avg:0.40 mse_y:0.59 mse_u:0.02 mse_v:0.02 psnr_avg:52.13 psnr_y:50.42 psnr_u:66.32 psnr_v:65.76 
n:2906 mse_avg:0.44 mse_y:0.65 mse_u:0.01 mse_v:0.02 psnr_avg:51.69 psnr_y:49.98 psnr_u:67.93 psnr_v:65.19 
n:2907 mse_avg:0.48 mse_y:0.70 mse_u:0.04 mse_v:0.05 psnr_avg:51.32 psnr_y:49.70 psnr_u:62.27 psnr_v:60.92 
n:2908 mse_avg:0.45 mse_y:0.67 mse_u:0.01 mse_v:0.02 psnr_avg:51.57 psnr_y:49.86 psnr_u:67.03 psnr_v:64.95 
n:2909 mse_avg:0.56 mse_y:0.83 mse_u:0.02 mse_v:0.04 psnr_avg:50.64 psnr_y:48.96 psnr_u:64.57 psnr_v:61.98 
n:2910 mse_avg:0.45 mse_y:0.66 mse_u:0.02 mse_v:0.04 psnr_avg:51.61 psnr_y:49.94 psnr_u:65.07 psnr_v:62.36 
n:2911 mse_avg:0.69 mse_y:1.02 mse_u:0.03 mse_v:0.03 psnr_avg:49.75 psnr_y:48.06 psnr_u:63.15 psnr_v:62.73 
n:2912 mse_avg:0.77 mse_y:1.13 mse_u:0.03 mse_v:0.08 psnr_avg:49.24 psnr_y:47.59 psnr_u:62.88 psnr_v:59.14 
n:2913 mse_avg:0.82 mse_y:1.21 mse_u:0.04 mse_v:0.06 psnr_avg:48.99 psnr_y:47.32 psnr_u:62.17 psnr_v:60.44 
n:2914 mse_avg:0.61 mse_y:0.90 mse_u:0.02 mse_v:0.03 psnr_avg:50.28 psnr_y:48.58 psnr_u:64.87 psnr_v:63.24 
n:2915 mse_avg:0.53 mse_y:0.78 mse_u:0.03 mse_v:0.05 psnr_avg:50.87 psnr_y:49.22 psnr_u:63.16 psnr_v:60.97 
n:2916 mse_avg:0.53 mse_y:0.78 mse_u:0.02 mse_v:0.03 psnr_avg:50.92 psnr_y:49.23 psnr_u:65.09 psnr_v:63.87 
n:2917 mse_avg:0.70 mse_y:1.02 mse_u:0.03 mse_v:0.07 psnr_avg:49.70 psnr_y:48.05 psnr_u:62.97 psnr_v:59.57 
n:2918 mse_avg:0.72 mse_y:1.05 mse_u:0.07 mse_v:0.08 psnr_avg:49.53 psnr_y:47.92 psnr_u:59.86 psnr_v:59.28 
n:2919 mse_avg:0.62 mse_y:0.91 mse_u:0.05 mse_v:0.04 psnr_avg:50.18 psnr_y:48.53 psnr_u:61.02 psnr_v:62.02 
n:2920 mse_avg:0.76 mse_y:1.11 mse_u:0.03 mse_v:0.08 psnr_avg:49.34 psnr_y:47.69 psnr_u:63.22 psnr_v:59.06 
n:2921 mse_avg:0.86 mse_y:1.26 mse_u:0.05 mse_v:0.08 psnr_avg:48.78 psnr_y:47.13 psnr_u:60.99 psnr_v:59.27 
n:2922 mse_avg:0.86 mse_y:1.26 mse_u:0.05 mse_v:0.08 psnr_avg:48.79 psnr_y:47.13 psnr_u:61.57 psnr_v:58.92 
n:2923 mse_avg:0.87 mse_y:1.27 mse_u:0.06 mse_v:0.08 psnr_avg:48.72 psnr_y:47.08 psnr_u:60.48 psnr_v:58.88 
n:2924 mse_avg:0.32 mse_y:0.46 mse_u:0.04 mse_v:0.04 psnr_avg:53.11 psnr_y:51.54 psnr_u:62.32 psnr_v:61.83 
n:2925 mse_avg:0.33 mse_y:0.48 mse_u:0.04 mse_v:0.05 psnr_avg:52.92 psnr_y:51.35 psnr_u:62.28 psnr_v:61.22 
n:2926 mse_avg:0.24 mse_y:0.35 mse_u:0.03 mse_v:0.04 psnr_avg:54.27 psnr_y:52.72 psnr_u:63.01 psnr_v:62.50 
n:2927 mse_avg:0.27 mse_y:0.38 mse_u:0.04 mse_v:0.05 psnr_avg:53.87 psnr_y:52.34 psnr_u:62.35 psnr_v:61.55 
n:2928 mse_avg:0.29 mse_y:0.42 mse_u:0.03 mse_v:0.04 psnr_avg:53.47 psnr_y:51.89 psnr_u:62.85 psnr_v:62.41 
n:2929 mse_avg:0.29 mse_y:0.41 mse_u:0.04 mse_v:0.04 psnr_avg:53.54 psnr_y:51.97 psnr_u:62.67 psnr_v:62.02 
n:2930 mse_avg:0.35 mse_y:0.50 mse_u:0.03 mse_v:0.04 psnr_avg:52.73 psnr_y:51.12 psnr_u:62.87 psnr_v:62.09 
n:2931 mse_avg:0.36 mse_y:0.52 mse_u:0.03 mse_v:0.04 psnr_avg:52.60 psnr_y:51.00 psnr_u:62.74 psnr_v:61.90 
n:2932 mse_avg:0.42 mse_y:0.60 mse_u:0.04 mse_v:0.05 psnr_avg:51.93 psnr_y:50.33 psnr_u:61.64 psnr_v:61.07 
n:2933 mse_avg:0.40 mse_y:0.57 mse_u:0.04 mse_v:0.05 psnr_avg:52.14 psnr_y:50.54 psnr_u:62.60 psnr_v:61.17 
n:2934 mse_avg:0.42 mse_y:0.61 mse_u:0.04 mse_v:0.04 psnr_avg:51.91 psnr_y:50.29 psnr_u:62.63 psnr_v:61.92 
n:2935 mse_avg:0.39 mse_y:0.56 mse_u:0.03 mse_v:0.05 psnr_avg:52.22 psnr_y:50.61 psnr_u:62.71 psnr_v:61.42 
n:2936 mse_avg:0.55 mse_y:0.80 mse_u:0.04 mse_v:0.05 psnr_avg:50.73 psnr_y:49.09 psnr_u:62.31 psnr_v:61.20 
n:2937 mse_avg:0.51 mse_y:0.74 mse_u:0.03 mse_v:0.05 psnr_avg:51.08 psnr_y:49.45 psnr_u:62.79 psnr_v:60.92 
n:2938 mse_avg:0.60 mse_y:0.88 mse_u:0.04 mse_v:0.05 psnr_avg:50.35 psnr_y:48.69 psnr_u:62.27 psnr_v:61.56 
n:2939 mse_avg:0.43 mse_y:0.63 mse_u:0.04 mse_v:0.05 psnr_avg:51.75 psnr_y:50.13 psnr_u:62.54 psnr_v:61.36 
n:2940 mse_avg:0.56 mse_y:0.82 mse_u:0.04 mse_v:0.05 psnr_avg:50.66 psnr_y:49.02 psnr_u:61.91 psnr_v:61.33 
n:2941 mse_avg:0.54 mse_y:0.78 mse_u:0.04 mse_v:0.06 psnr_avg:50.83 psnr_y:49.20 psnr_u:62.17 psnr_v:60.72 
n:2942 mse_avg:0.54 mse_y:0.79 mse_u:0.04 mse_v:0.05 psnr_avg:50.79 psnr_y:49.16 psnr_u:61.81 psnr_v:60.91 
n:2943 mse_avg:0.55 mse_y:0.80 mse_u:0.04 mse_v:0.05 psnr_avg:50.73 psnr_y:49.10 psnr_u:61.80 psnr_v:61.08 
n:2944 mse_avg:0.70 mse_y:1.01 mse_u:0.05 mse_v:0.07 psnr_avg:49.71 psnr_y:48.07 psnr_u:61.27 psnr_v:59.82 
n:2945 mse_avg:0.63 mse_y:0.92 mse_u:0.05 mse_v:0.07 psnr_avg:50.14 psnr_y:48.51 psnr_u:61.40 psnr_v:59.92 
n:2946 mse_avg:0.51 mse_y:0.74 mse_u:0.05 mse_v:0.06 psnr_avg:51.03 psnr_y:49.43 psnr_u:60.95 psnr_v:60.43 
n:2947 mse_avg:0.53 mse_y:0.77 mse_u:0.05 mse_v:0.05 psnr_avg:50.90 psnr_y:49.27 psnr_u:61.24 psnr_v:61.02 
n:2948 mse_avg:0.61 mse_y:0.88 mse_u:0.05 mse_v:0.07 psnr_avg:50.31 psnr_y:48.70 psnr_u:60.86 psnr_v:59.63 
n:2949 mse_avg:0.52 mse_y:0.75 mse_u:0.05 mse_v:0.06 psnr_avg:51.01 psnr_y:49.41 psnr_u:60.92 psnr_v:60.63 
n:2950 mse_avg:0.45 mse_y:0.65 mse_u:0.04 mse_v:0.05 psnr_avg:51.60 psnr_y:49.98 psnr_u:61.81 psnr_v:61.46 
n:2951 mse_avg:0.44 mse_y:0.64 mse_u:0.04 mse_v:0.04 psnr_avg:51.66 psnr_y:50.05 psnr_u:61.69 psnr_v:61.64 
n:2952 mse_avg:0.50 mse_y:0.73 mse_u:0.05 mse_v:0.05 psnr_avg:51.14 psnr_y:49.52 psnr_u:61.39 psnr_v:61.00 
n:2953 mse_avg:0.43 mse_y:0.62 mse_u:0.05 mse_v:0.07 psnr_avg:51.78 psnr_y:50.22 psnr_u:61.05 psnr_v:59.86 
n:2954 mse_avg:0.50 mse_y:0.72 mse_u:0.05 mse_v:0.05 psnr_avg:51.17 psnr_y:49.55 psnr_u:61.45 psnr_v:60.90 
n:2955 mse_avg:0.44 mse_y:0.64 mse_u:0.04 mse_v:0.04 psnr_avg:51.71 psnr_y:50.09 psnr_u:61.97 psnr_v:61.69 
n:2956 mse_avg:0.44 mse_y:0.63 mse_u:0.04 mse_v:0.04 psnr_avg:51.74 psnr_y:50.12 psnr_u:62.27 psnr_v:61.84 
n:2957 mse_avg:0.40 mse_y:0.58 mse_u:0.04 mse_v:0.05 psnr_avg:52.09 psnr_y:50.49 psnr_u:62.51 psnr_v:60.96 
n:2958 mse_avg:0.38 mse_y:0.54 mse_u:0.04 mse_v:0.05 psnr_avg:52.37 psnr_y:50.80 psnr_u:61.68 psnr_v:61.16 
n:2959 mse_avg:0.35 mse_y:0.51 mse_u:0.03 mse_v:0.04 psnr_avg:52.70 psnr_y:51.10 psnr_u:62.84 psnr_v:62.05 
n:2960 mse_avg:0.41 mse_y:0.59 mse_u:0.04 mse_v:0.06 psnr_avg:51.99 psnr_y:50.42 psnr_u:62.12 psnr_v:60.04 
n:2961 mse_avg:0.37 mse_y:0.53 mse_u:0.03 mse_v:0.05 psnr_avg:52.51 psnr_y:50.91 psnr_u:62.87 psnr_v:61.24 
n:2962 mse_avg:0.40 mse_y:0.58 mse_u:0.03 mse_v:0.04 psnr_avg:52.15 psnr_y:50.53 psnr_u:63.14 psnr_v:61.94 
n:2963 mse_avg:0.37 mse_y:0.53 mse_u:0.03 mse_v:0.04 psnr_avg:52.49 psnr_y:50.86 psnr_u:62.91 psnr_v:62.62 
n:2964 mse_avg:0.30 mse_y:0.43 mse_u:0.03 mse_v:0.04 psnr_avg:53.42 psnr_y:51.84 psnr_u:62.71 psnr_v:61.98 
n:2965 mse_avg:0.30 mse_y:0.44 mse_u:0.03 mse_v:0.04 psnr_avg:53.30 psnr_y:51.70 psnr_u:63.42 psnr_v:62.45 
n:2966 mse_avg:0.29 mse_y:0.42 mse_u:0.03 mse_v:0.04 psnr_avg:53.48 psnr_y:51.88 psnr_u:63.78 psnr_v:62.44 
n:2967 mse_avg:0.27 mse_y:0.39 mse_u:0.03 mse_v:0.03 psnr_avg:53.84 psnr_y:52.24 psnr_u:63.73 psnr_v:62.93 
n:2968 mse_avg:0.38 mse_y:0.56 mse_u:0.02 mse_v:0.04 psnr_avg:52.31 psnr_y:50.67 psnr_u:64.29 psnr_v:62.55 
n:2969 mse_avg:0.23 mse_y:0.33 mse_u:0.03 mse_v:0.04 psnr_avg:54.54 psnr_y:53.00 psnr_u:63.38 psnr_v:62.05 
n:2970 mse_avg:0.21 mse_y:0.30 mse_u:0.02 mse_v:0.03 psnr_avg:54.97 psnr_y:53.39 psnr_u:64.66 psnr_v:63.59 
n:2971 mse_avg:0.27 mse_y:0.38 mse_u:0.02 mse_v:0.05 psnr_avg:53.89 psnr_y:52.32 psnr_u:64.42 psnr_v:61.55 
n:2972 mse_avg:0.21 mse_y:0.30 mse_u:0.03 mse_v:0.04 psnr_avg:54.83 psnr_y:53.29 psnr_u:63.63 psnr_v:62.48 
n:2973 mse_avg:0.19 mse_y:0.28 mse_u:0.02 mse_v:0.03 psnr_avg:55.24 psnr_y:53.67 psnr_u:65.05 psnr_v:63.35 
n:2974 mse_avg:0.09 mse_y:0.13 mse_u:0.02 mse_v:0.02 psnr_avg:58.53 psnr_y:57.13 psnr_u:65.14 psnr_v:64.30 
n:2975 mse_avg:0.11 mse_y:0.16 mse_u:0.02 mse_v:0.02 psnr_avg:57.64 psnr_y:56.20 psnr_u:64.34 psnr_v:64.46 
n:2976 mse_avg:0.04 mse_y:0.05 mse_u:0.02 mse_v:0.02 psnr_avg:62.09 psnr_y:61.07 psnr_u:65.63 psnr_v:65.11 
n:2977 mse_avg:0.11 mse_y:0.15 mse_u:0.02 mse_v:0.02 psnr_avg:57.80 psnr_y:56.34 psnr_u:65.17 psnr_v:64.22 
n:2978 mse_avg:0.09 mse_y:0.13 mse_u:0.02 mse_v:0.03 psnr_avg:58.47 psnr_y:57.10 psnr_u:64.83 psnr_v:64.02 
n:2979 mse_avg:0.04 mse_y:0.05 mse_u:0.02 mse_v:0.02 psnr_avg:62.15 psnr_y:61.11 psnr_u:65.89 psnr_v:65.17 
n:2980 mse_avg:0.11 mse_y:0.16 mse_u:0.02 mse_v:0.02 psnr_avg:57.57 psnr_y:56.09 psnr_u:65.35 psnr_v:64.49 
n:2981 mse_avg:0.13 mse_y:0.18 mse_u:0.02 mse_v:0.02 psnr_avg:57.06 psnr_y:55.53 psnr_u:65.53 psnr_v:64.67 
n:2982 mse_avg:0.05 mse_y:0.06 mse_u:0.02 mse_v:0.02 psnr_avg:61.52 psnr_y:60.39 psnr_u:65.86 psnr_v:65.01 
n:2983 mse_avg:0.09 mse_y:0.13 mse_u:0.02 mse_v:0.02 psnr_avg:58.57 psnr_y:57.15 psnr_u:65.59 psnr_v:64.57 
n:2984 mse_avg:0.09 mse_y:0.12 mse_u:0.02 mse_v:0.03 psnr_avg:58.72 psnr_y:57.38 psnr_u:65.59 psnr_v:63.25 
n:2985 mse_avg:0.04 mse_y:0.05 mse_u:0.02 mse_v:0.02 psnr_avg:62.14 psnr_y:61.10 psnr_u:65.94 psnr_v:65.20 
n:2986 mse_avg:0.04 mse_y:0.05 mse_u:0.02 mse_v:0.02 psnr_avg:62.10 psnr_y:61.06 psnr_u:65.87 psnr_v:65.11 
n:2987 mse_avg:0.07 mse_y:0.09 mse_u:0.02 mse_v:0.02 psnr_avg:59.77 psnr_y:58.44 psnr_u:65.57 psnr_v:64.79 
n:2988 mse_avg:0.04 mse_y:0.05 mse_u:0.02 mse_v:0.02 psnr_avg:62.00 psnr_y:60.94 psnr_u:65.89 psnr_v:65.06 
n:2989 mse_avg:0.03 mse_y:0.03 mse_u:0.01 mse_v:0.01 psnr_avg:63.87 psnr_y:62.92 psnr_u:67.19 psnr_v:66.37 
n:2990 mse_avg:0.04 mse_y:0.06 mse_u:0.01 mse_v:0.02 psnr_avg:61.82 psnr_y:60.55 psnr_u:67.19 psnr_v:66.32 
n:2991 mse_avg:0.03 mse_y:0.03 mse_u:0.01 mse_v:0.01 psnr_avg:63.71 psnr_y:62.71 psnr_u:67.35 psnr_v:66.48 
n:2992 mse_avg:0.03 mse_y:0.03 mse_u:0.01 mse_v:0.01 psnr_avg:63.71 psnr_y:62.71 psnr_u:67.48 psnr_v:66.41 
n:2993 mse_avg:0.09 mse_y:0.13 mse_u:0.01 mse_v:0.02 psnr_avg:58.59 psnr_y:57.11 psnr_u:66.57 psnr_v:65.31 
n:2994 mse_avg:0.03 mse_y:0.04 mse_u:0.01 mse_v:0.02 psnr_avg:63.48 psnr_y:62.48 psnr_u:67.23 psnr_v:66.13 
n:2995 mse_avg:0.03 mse_y:0.04 mse_u:0.01 mse_v:0.02 psnr_avg:63.51 psnr_y:62.51 psnr_u:67.29 psnr_v:66.18 
n:2996 mse_avg:0.03 mse_y:0.04 mse_u:0.01 mse_v:0.02 psnr_avg:63.32 psnr_y:62.26 psnr_u:67.41 psnr_v:66.26 
n:2997 mse_avg:0.03 mse_y:0.04 mse_u:0.01 mse_v:0.02 psnr_avg:63.29 psnr_y:62.27 psnr_u:67.28 psnr_v:65.98 
n:2998 mse_avg:0.03 mse_y:0.04 mse_u:0.01 mse_v:0.02 psnr_avg:63.23 psnr_y:62.19 psnr_u:67.35 psnr_v:66.01 
n:2999 mse_avg:0.03 mse_y:0.04 mse_u:0.01 mse_v:0.02 psnr_avg:63.21 psnr_y:62.18 psnr_u:67.37 psnr_v:65.86 
n:3000 mse_avg:0.03 mse_y:0.04 mse_u:0.01 mse_v:0.02 psnr_avg:63.08 psnr_y:62.03 psnr_u:67.37 psnr_v:65.76 
n:3001 mse_avg:0.03 mse_y:0.04 mse_u:0.01 mse_v:0.02 psnr_avg:63.03 psnr_y:62.04 psnr_u:67.00 psnr_v:65.46 
n:3002 mse_avg:0.03 mse_y:0.04 mse_u:0.01 mse_v:0.02 psnr_avg:62.92 psnr_y:61.91 psnr_u:66.99 psnr_v:65.37 
n:3003 mse_avg:0.04 mse_y:0.05 mse_u:0.01 mse_v:0.02 psnr_avg:62.56 psnr_y:61.52 psnr_u:66.93 psnr_v:65.14 
n:3004 mse_avg:0.04 mse_y:0.05 mse_u:0.01 mse_v:0.02 psnr_avg:62.51 psnr_y:61.47 psnr_u:66.74 psnr_v:65.17 
n:3005 mse_avg:0.04 mse_y:0.05 mse_u:0.01 mse_v:0.02 psnr_avg:62.42 psnr_y:61.39 psnr_u:66.60 psnr_v:65.05 
n:3006 mse_avg:0.04 mse_y:0.05 mse_u:0.02 mse_v:0.02 psnr_avg:62.28 psnr_y:61.30 psnr_u:66.24 psnr_v:64.65 
n:3007 mse_avg:0.04 mse_y:0.05 mse_u:0.02 mse_v:0.02 psnr_avg:61.97 psnr_y:60.97 psnr_u:65.96 psnr_v:64.47 
n:3008 mse_avg:0.04 mse_y:0.05 mse_u:0.02 mse_v:0.02 psnr_avg:61.87 psnr_y:60.85 psnr_u:66.07 psnr_v:64.43 
n:3009 mse_avg:0.04 mse_y:0.06 mse_u:0.02 mse_v:0.03 psnr_avg:61.64 psnr_y:60.63 psnr_u:65.86 psnr_v:64.11 
n:3010 mse_avg:0.05 mse_y:0.06 mse_u:0.02 mse_v:0.03 psnr_avg:61.38 psnr_y:60.37 psnr_u:65.47 psnr_v:63.88 
n:3011 mse_avg:0.05 mse_y:0.06 mse_u:0.02 mse_v:0.03 psnr_avg:61.35 psnr_y:60.36 psnr_u:65.29 psnr_v:63.77 
n:3012 mse_avg:0.05 mse_y:0.06 mse_u:0.02 mse_v:0.03 psnr_avg:61.29 psnr_y:60.32 psnr_u:65.14 psnr_v:63.69 
n:3013 mse_avg:0.05 mse_y:0.06 mse_u:0.02 mse_v:0.03 psnr_avg:61.14 psnr_y:60.18 psnr_u:65.01 psnr_v:63.33 
n:3014 mse_avg:0.05 mse_y:0.06 mse_u:0.02 mse_v:0.03 psnr_avg:61.00 psnr_y:60.03 psnr_u:64.95 psnr_v:63.29 
n:3015 mse_avg:0.05 mse_y:0.07 mse_u:0.02 mse_v:0.03 psnr_avg:60.88 psnr_y:59.92 psnr_u:64.80 psnr_v:63.04 
n:3016 mse_avg:0.05 mse_y:0.07 mse_u:0.02 mse_v:0.03 psnr_avg:60.73 psnr_y:59.77 psnr_u:64.65 psnr_v:62.91 
n:3017 mse_avg:0.06 mse_y:0.07 mse_u:0.03 mse_v:0.04 psnr_avg:60.44 psnr_y:59.53 psnr_u:63.95 psnr_v:62.50 
n:3018 mse_avg:0.06 mse_y:0.08 mse_u:0.03 mse_v:0.04 psnr_avg:60.18 psnr_y:59.29 psnr_u:63.80 psnr_v:62.07 
n:3019 mse_avg:0.06 mse_y:0.08 mse_u:0.03 mse_v:0.04 psnr_avg:60.13 psnr_y:59.23 psnr_u:63.68 psnr_v:62.10 
n:3020 mse_avg:0.06 mse_y:0.08 mse_u:0.03 mse_v:0.04 psnr_avg:60.05 psnr_y:59.19 psnr_u:63.38 psnr_v:61.87 
n:3021 mse_avg:0.07 mse_y:0.08 mse_u:0.03 mse_v:0.04 psnr_avg:59.86 psnr_y:58.99 psnr_u:63.21 psnr_v:61.69 
n:3022 mse_avg:0.07 mse_y:0.08 mse_u:0.03 mse_v:0.04 psnr_avg:59.80 psnr_y:58.94 psnr_u:63.06 psnr_v:61.67 
n:3023 mse_avg:0.07 mse_y:0.08 mse_u:0.03 mse_v:0.04 psnr_avg:59.80 psnr_y:58.96 psnr_u:62.96 psnr_v:61.63 
n:3024 mse_avg:0.07 mse_y:0.08 mse_u:0.03 mse_v:0.05 psnr_avg:59.76 psnr_y:58.94 psnr_u:62.73 psnr_v:61.55 
n:3025 mse_avg:0.07 mse_y:0.08 mse_u:0.04 mse_v:0.05 psnr_avg:59.65 psnr_y:58.86 psnr_u:62.62 psnr_v:61.25 
n:3026 mse_avg:0.09 mse_y:0.11 mse_u:0.04 mse_v:0.07 psnr_avg:58.36 psnr_y:57.56 psnr_u:61.62 psnr_v:59.79 
n:3027 mse_avg:0.07 mse_y:0.08 mse_u:0.04 mse_v:0.05 psnr_avg:59.68 psnr_y:58.87 psnr_u:62.55 psnr_v:61.41 
n:3028 mse_avg:0.07 mse_y:0.08 mse_u:0.04 mse_v:0.05 psnr_avg:59.68 psnr_y:58.94 psnr_u:62.37 psnr_v:61.12 
n:3029 mse_avg:0.07 mse_y:0.09 mse_u:0.04 mse_v:0.05 psnr_avg:59.59 psnr_y:58.80 psnr_u:62.57 psnr_v:61.17 
n:3030 mse_avg:0.07 mse_y:0.08 mse_u:0.04 mse_v:0.05 psnr_avg:59.70 psnr_y:58.93 psnr_u:62.57 psnr_v:61.18 
n:3031 mse_avg:0.07 mse_y:0.08 mse_u:0.03 mse_v:0.04 psnr_avg:59.77 psnr_y:58.93 psnr_u:62.85 psnr_v:61.67 
n:3032 mse_avg:0.06 mse_y:0.08 mse_u:0.03 mse_v:0.04 psnr_avg:60.14 psnr_y:59.31 psnr_u:63.06 psnr_v:62.01 
n:3033 mse_avg:0.06 mse_y:0.08 mse_u:0.03 mse_v:0.04 psnr_avg:60.12 psnr_y:59.30 psnr_u:62.98 psnr_v:62.04 
n:3034 mse_avg:0.06 mse_y:0.07 mse_u:0.03 mse_v:0.04 psnr_avg:60.56 psnr_y:59.72 psnr_u:63.41 psnr_v:62.54 
n:3035 mse_avg:0.06 mse_y:0.07 mse_u:0.03 mse_v:0.03 psnr_avg:60.69 psnr_y:59.83 psnr_u:63.63 psnr_v:62.71 
n:3036 mse_avg:0.05 mse_y:0.07 mse_u:0.03 mse_v:0.04 psnr_avg:60.75 psnr_y:59.97 psnr_u:63.57 psnr_v:62.33 
n:3037 mse_avg:0.05 mse_y:0.06 mse_u:0.03 mse_v:0.03 psnr_avg:61.16 psnr_y:60.32 psnr_u:64.10 psnr_v:63.14 
n:3038 mse_avg:0.05 mse_y:0.06 mse_u:0.03 mse_v:0.04 psnr_avg:61.15 psnr_y:60.43 psnr_u:63.64 psnr_v:62.57 
n:3039 mse_avg:0.06 mse_y:0.07 mse_u:0.03 mse_v:0.04 psnr_avg:60.27 psnr_y:59.41 psnr_u:63.49 psnr_v:62.14 
n:3040 mse_avg:0.05 mse_y:0.06 mse_u:0.02 mse_v:0.03 psnr_avg:61.40 psnr_y:60.58 psnr_u:64.20 psnr_v:63.28 
n:3041 mse_avg:0.08 mse_y:0.10 mse_u:0.03 mse_v:0.05 psnr_avg:59.17 psnr_y:58.28 psnr_u:63.08 psnr_v:60.83 
n:3042 mse_avg:0.05 mse_y:0.06 mse_u:0.02 mse_v:0.03 psnr_avg:61.54 psnr_y:60.73 psnr_u:64.34 psnr_v:63.43 
n:3043 mse_avg:0.05 mse_y:0.06 mse_u:0.03 mse_v:0.03 psnr_avg:60.97 psnr_y:60.09 psnr_u:63.97 psnr_v:63.18 
n:3044 mse_avg:0.06 mse_y:0.07 mse_u:0.03 mse_v:0.04 psnr_avg:60.28 psnr_y:59.44 psnr_u:63.49 psnr_v:62.07 
n:3045 mse_avg:0.05 mse_y:0.05 mse_u:0.02 mse_v:0.03 psnr_avg:61.57 psnr_y:60.74 psnr_u:64.36 psnr_v:63.57 
n:3046 mse_avg:0.05 mse_y:0.06 mse_u:0.02 mse_v:0.03 psnr_avg:61.03 psnr_y:60.12 psnr_u:64.45 psnr_v:63.15 
n:3047 mse_avg:0.08 mse_y:0.09 mse_u:0.03 mse_v:0.05 psnr_avg:59.25 psnr_y:58.36 psnr_u:63.07 psnr_v:60.93 
n:3048 mse_avg:0.04 mse_y:0.05 mse_u:0.02 mse_v:0.03 psnr_avg:61.74 psnr_y:60.93 psnr_u:64.48 psnr_v:63.66 
n:3049 mse_avg:0.05 mse_y:0.06 mse_u:0.02 mse_v:0.03 psnr_avg:61.25 psnr_y:60.34 psnr_u:64.47 psnr_v:63.56 
n:3050 mse_avg:0.06 mse_y:0.07 mse_u:0.03 mse_v:0.03 psnr_avg:60.55 psnr_y:59.62 psnr_u:64.12 psnr_v:62.71 
n:3051 mse_avg:0.04 mse_y:0.05 mse_u:0.02 mse_v:0.03 psnr_avg:61.77 psnr_y:60.92 psnr_u:64.72 psnr_v:63.80 
n:3052 mse_avg:0.05 mse_y:0.06 mse_u:0.02 mse_v:0.03 psnr_avg:61.29 psnr_y:60.38 psnr_u:64.58 psnr_v:63.51 
n:3053 mse_avg:0.05 mse_y:0.06 mse_u:0.02 mse_v:0.03 psnr_avg:61.14 psnr_y:60.28 psnr_u:64.26 psnr_v:63.09 
n:3054 mse_avg:0.04 mse_y:0.05 mse_u:0.02 mse_v:0.03 psnr_avg:61.91 psnr_y:61.08 psnr_u:64.73 psnr_v:63.87 
n:3055 mse_avg:0.05 mse_y:0.06 mse_u:0.02 mse_v:0.03 psnr_avg:61.56 psnr_y:60.72 psnr_u:64.40 psnr_v:63.63 
n:3056 mse_avg:0.05 mse_y:0.06 mse_u:0.02 mse_v:0.03 psnr_avg:61.03 psnr_y:60.12 psnr_u:64.30 psnr_v:63.26 
n:3057 mse_avg:0.04 mse_y:0.05 mse_u:0.02 mse_v:0.03 psnr_avg:62.02 psnr_y:61.21 psnr_u:64.82 psnr_v:63.91 
n:3058 mse_avg:0.05 mse_y:0.06 mse_u:0.02 mse_v:0.03 psnr_avg:61.37 psnr_y:60.44 psnr_u:64.66 psnr_v:63.77 
n:3059 mse_avg:0.05 mse_y:0.06 mse_u:0.02 mse_v:0.03 psnr_avg:61.14 psnr_y:60.16 psnr_u:64.65 psnr_v:63.81 
n:3060 mse_avg:0.05 mse_y:0.06 mse_u:0.02 mse_v:0.03 psnr_avg:61.50 psnr_y:60.60 psnr_u:64.67 psnr_v:63.75 
n:3061 mse_avg:0.04 mse_y:0.05 mse_u:0.02 mse_v:0.03 psnr_avg:62.19 psnr_y:61.39 psnr_u:64.91 psnr_v:64.01 
n:3062 mse_avg:0.05 mse_y:0.06 mse_u:0.02 mse_v:0.03 psnr_avg:61.54 psnr_y:60.67 psnr_u:64.44 psnr_v:63.75 
n:3063 mse_avg:0.04 mse_y:0.05 mse_u:0.02 mse_v:0.03 psnr_avg:61.89 psnr_y:61.05 psnr_u:64.80 psnr_v:63.83 
n:3064 mse_avg:0.05 mse_y:0.06 mse_u:0.02 mse_v:0.03 psnr_avg:61.40 psnr_y:60.51 psnr_u:64.57 psnr_v:63.50 
n:3065 mse_avg:0.04 mse_y:0.05 mse_u:0.02 mse_v:0.03 psnr_avg:62.19 psnr_y:61.40 psnr_u:64.94 psnr_v:63.91 
n:3066 mse_avg:0.04 mse_y:0.05 mse_u:0.02 mse_v:0.03 psnr_avg:61.98 psnr_y:61.16 psnr_u:64.91 psnr_v:63.83 
n:3067 mse_avg:0.04 mse_y:0.05 mse_u:0.02 mse_v:0.03 psnr_avg:61.79 psnr_y:60.92 psnr_u:64.90 psnr_v:63.81 
n:3068 mse_avg:0.04 mse_y:0.05 mse_u:0.02 mse_v:0.03 psnr_avg:62.28 psnr_y:61.52 psnr_u:64.90 psnr_v:63.95 
n:3069 mse_avg:0.04 mse_y:0.05 mse_u:0.02 mse_v:0.03 psnr_avg:62.07 psnr_y:61.23 psnr_u:64.97 psnr_v:64.06 
n:3070 mse_avg:0.05 mse_y:0.06 mse_u:0.02 mse_v:0.03 psnr_avg:61.44 psnr_y:60.61 psnr_u:64.61 psnr_v:63.09 
n:3071 mse_avg:0.04 mse_y:0.04 mse_u:0.02 mse_v:0.02 psnr_avg:62.43 psnr_y:61.65 psnr_u:65.07 psnr_v:64.16 
n:3072 mse_avg:0.04 mse_y:0.05 mse_u:0.02 mse_v:0.03 psnr_avg:62.34 psnr_y:61.53 psnr_u:65.17 psnr_v:64.12 
n:3073 mse_avg:0.04 mse_y:0.05 mse_u:0.02 mse_v:0.03 psnr_avg:62.01 psnr_y:61.15 psnr_u:65.08 psnr_v:63.94 
n:3074 mse_avg:0.04 mse_y:0.04 mse_u:0.02 mse_v:0.02 psnr_avg:62.56 psnr_y:61.80 psnr_u:65.06 psnr_v:64.25 
n:3075 mse_avg:0.04 mse_y:0.05 mse_u:0.02 mse_v:0.03 psnr_avg:62.14 psnr_y:61.29 psnr_u:65.09 psnr_v:64.13 
n:3076 mse_avg:0.05 mse_y:0.06 mse_u:0.02 mse_v:0.03 psnr_avg:61.45 psnr_y:60.53 psnr_u:64.91 psnr_v:63.68 
n:3077 mse_avg:0.04 mse_y:0.05 mse_u:0.02 mse_v:0.03 psnr_avg:61.92 psnr_y:61.07 psnr_u:64.82 psnr_v:63.97 
n:3078 mse_avg:0.04 mse_y:0.04 mse_u:0.02 mse_v:0.02 psnr_avg:62.51 psnr_y:61.74 psnr_u:65.09 psnr_v:64.25 
n:3079 mse_avg:0.04 mse_y:0.05 mse_u:0.02 mse_v:0.03 psnr_avg:62.06 psnr_y:61.24 psnr_u:64.79 psnr_v:64.00 
n:3080 mse_avg:0.04 mse_y:0.06 mse_u:0.02 mse_v:0.03 psnr_avg:61.60 psnr_y:60.71 psnr_u:64.92 psnr_v:63.70 
n:3081 mse_avg:0.04 mse_y:0.05 mse_u:0.02 mse_v:0.03 psnr_avg:61.91 psnr_y:61.03 psnr_u:64.98 psnr_v:64.06 
n:3082 mse_avg:0.04 mse_y:0.04 mse_u:0.02 mse_v:0.02 psnr_avg:62.44 psnr_y:61.66 psnr_u:65.14 psnr_v:64.16 
n:3083 mse_avg:0.04 mse_y:0.05 mse_u:0.02 mse_v:0.03 psnr_avg:61.75 psnr_y:60.87 psnr_u:64.85 psnr_v:63.92 
n:3084 mse_avg:0.04 mse_y:0.05 mse_u:0.02 mse_v:0.03 psnr_avg:62.05 psnr_y:61.23 psnr_u:64.93 psnr_v:63.95 
n:3085 mse_avg:0.04 mse_y:0.05 mse_u:0.02 mse_v:0.03 psnr_avg:61.95 psnr_y:61.11 psnr_u:64.81 psnr_v:63.96 
n:3086 mse_avg:0.04 mse_y:0.05 mse_u:0.02 mse_v:0.02 psnr_avg:62.37 psnr_y:61.58 psnr_u:65.01 psnr_v:64.17 
n:3087 mse_avg:0.04 mse_y:0.05 mse_u:0.02 mse_v:0.03 psnr_avg:62.04 psnr_y:61.19 psnr_u:64.94 psnr_v:64.11 
n:3088 mse_avg:0.05 mse_y:0.06 mse_u:0.02 mse_v:0.03 psnr_avg:61.34 psnr_y:60.41 psnr_u:64.72 psnr_v:63.63 
n:3089 mse_avg:0.04 mse_y:0.05 mse_u:0.02 mse_v:0.03 psnr_avg:61.88 psnr_y:61.02 psnr_u:64.90 psnr_v:63.91 
n:3090 mse_avg:0.04 mse_y:0.05 mse_u:0.02 mse_v:0.03 psnr_avg:62.35 psnr_y:61.57 psnr_u:65.00 psnr_v:64.09 
n:3091 mse_avg:0.04 mse_y:0.05 mse_u:0.02 mse_v:0.03 psnr_avg:62.05 psnr_y:61.21 psnr_u:64.97 psnr_v:63.94 
n:3092 mse_avg:0.04 mse_y:0.05 mse_u:0.02 mse_v:0.03 psnr_avg:61.93 psnr_y:61.09 psnr_u:64.90 psnr_v:63.91 
n:3093 mse_avg:0.04 mse_y:0.05 mse_u:0.02 mse_v:0.03 psnr_avg:62.06 psnr_y:61.23 psnr_u:64.90 psnr_v:64.01 
n:3094 mse_avg:0.04 mse_y:0.05 mse_u:0.02 mse_v:0.03 psnr_avg:62.24 psnr_y:61.46 psnr_u:64.90 psnr_v:64.03 
n:3095 mse_avg:0.04 mse_y:0.05 mse_u:0.02 mse_v:0.03 psnr_avg:61.87 psnr_y:61.04 psnr_u:64.83 psnr_v:63.73 
n:3096 mse_avg:0.04 mse_y:0.05 mse_u:0.02 mse_v:0.03 psnr_avg:61.93 psnr_y:61.11 psnr_u:64.80 psnr_v:63.80 
n:3097 mse_avg:0.04 mse_y:0.05 mse_u:0.02 mse_v:0.03 psnr_avg:61.85 psnr_y:61.02 psnr_u:64.78 psnr_v:63.72 
n:3098 mse_avg:0.04 mse_y:0.05 mse_u:0.02 mse_v:0.03 psnr_avg:62.12 psnr_y:61.32 psnr_u:64.86 psnr_v:63.94 
n:3099 mse_avg:0.04 mse_y:0.05 mse_u:0.02 mse_v:0.03 psnr_avg:61.85 psnr_y:61.00 psnr_u:64.86 psnr_v:63.83 
n:3100 mse_avg:0.04 mse_y:0.05 mse_u:0.02 mse_v:0.03 psnr_avg:61.71 psnr_y:60.83 psnr_u:64.85 psnr_v:63.84 
n:3101 mse_avg:0.04 mse_y:0.05 mse_u:0.02 mse_v:0.03 psnr_avg:61.67 psnr_y:60.79 psnr_u:64.79 psnr_v:63.85 
n:3102 mse_avg:0.04 mse_y:0.05 mse_u:0.02 mse_v:0.03 psnr_avg:62.03 psnr_y:61.22 psnr_u:64.83 psnr_v:63.89 
n:3103 mse_avg:0.04 mse_y:0.05 mse_u:0.02 mse_v:0.03 psnr_avg:61.75 psnr_y:60.89 psnr_u:64.78 psnr_v:63.81 
n:3104 mse_avg:0.04 mse_y:0.05 mse_u:0.02 mse_v:0.03 psnr_avg:61.70 psnr_y:60.83 psnr_u:64.82 psnr_v:63.72 
n:3105 mse_avg:0.04 mse_y:0.05 mse_u:0.02 mse_v:0.03 psnr_avg:61.82 psnr_y:61.00 psnr_u:64.80 psnr_v:63.61 
n:3106 mse_avg:0.04 mse_y:0.05 mse_u:0.02 mse_v:0.03 psnr_avg:61.87 psnr_y:61.05 psnr_u:64.77 psnr_v:63.70 
n:3107 mse_avg:0.04 mse_y:0.05 mse_u:0.02 mse_v:0.03 psnr_avg:61.68 psnr_y:60.84 psnr_u:64.63 psnr_v:63.58 
n:3108 mse_avg:0.04 mse_y:0.05 mse_u:0.02 mse_v:0.03 psnr_avg:61.72 psnr_y:60.90 psnr_u:64.64 psnr_v:63.56 
n:3109 mse_avg:0.04 mse_y:0.05 mse_u:0.02 mse_v:0.03 psnr_avg:61.67 psnr_y:60.85 psnr_u:64.60 psnr_v:63.45 
n:3110 mse_avg:0.04 mse_y:0.05 mse_u:0.02 mse_v:0.03 psnr_avg:61.67 psnr_y:60.86 psnr_u:64.61 psnr_v:63.45 
n:3111 mse_avg:0.04 mse_y:0.05 mse_u:0.02 mse_v:0.03 psnr_avg:61.61 psnr_y:60.79 psnr_u:64.60 psnr_v:63.41 
n:3112 mse_avg:0.05 mse_y:0.05 mse_u:0.02 mse_v:0.03 psnr_avg:61.59 psnr_y:60.76 psnr_u:64.61 psnr_v:63.42 
n:3113 mse_avg:0.04 mse_y:0.04 mse_u:0.02 mse_v:0.01 psnr_avg:62.67 psnr_y:61.71 psnr_u:64.24 psnr_v:67.79 
n:3114 mse_avg:0.09 mse_y:0.12 mse_u:0.07 mse_v:0.02 psnr_avg:58.49 psnr_y:57.46 psnr_u:59.61 psnr_v:66.36 
n:3115 mse_avg:0.10 mse_y:0.13 mse_u:0.07 mse_v:0.02 psnr_avg:58.02 psnr_y:56.94 psnr_u:59.55 psnr_v:65.85 
n:3116 mse_avg:0.11 mse_y:0.13 mse_u:0.08 mse_v:0.02 psnr_avg:57.90 psnr_y:56.87 psnr_u:58.96 psnr_v:66.11 
n:3117 mse_avg:0.08 mse_y:0.10 mse_u:0.05 mse_v:0.02 psnr_avg:59.11 psnr_y:58.04 psnr_u:60.78 psnr_v:66.05 
n:3118 mse_avg:0.09 mse_y:0.11 mse_u:0.06 mse_v:0.02 psnr_avg:58.82 psnr_y:57.78 psnr_u:60.20 psnr_v:65.89 
n:3119 mse_avg:0.13 mse_y:0.17 mse_u:0.09 mse_v:0.02 psnr_avg:57.07 psnr_y:55.95 psnr_u:58.72 psnr_v:65.45 
n:3120 mse_avg:0.08 mse_y:0.10 mse_u:0.05 mse_v:0.02 psnr_avg:59.09 psnr_y:58.03 psnr_u:60.83 psnr_v:65.53 
n:3121 mse_avg:0.09 mse_y:0.11 mse_u:0.06 mse_v:0.02 psnr_avg:58.60 psnr_y:57.58 psnr_u:60.06 psnr_v:65.16 
n:3122 mse_avg:0.13 mse_y:0.17 mse_u:0.08 mse_v:0.02 psnr_avg:56.97 psnr_y:55.82 psnr_u:59.15 psnr_v:64.28 
n:3123 mse_avg:0.08 mse_y:0.10 mse_u:0.06 mse_v:0.02 psnr_avg:59.01 psnr_y:58.02 psnr_u:60.55 psnr_v:64.65 
n:3124 mse_avg:0.09 mse_y:0.12 mse_u:0.07 mse_v:0.02 psnr_avg:58.41 psnr_y:57.38 psnr_u:59.98 psnr_v:64.70 
n:3125 mse_avg:0.13 mse_y:0.17 mse_u:0.08 mse_v:0.02 psnr_avg:56.96 psnr_y:55.84 psnr_u:58.87 psnr_v:64.24 
n:3126 mse_avg:0.08 mse_y:0.10 mse_u:0.06 mse_v:0.02 psnr_avg:58.98 psnr_y:58.02 psnr_u:60.24 psnr_v:64.68 
n:3127 mse_avg:0.09 mse_y:0.11 mse_u:0.07 mse_v:0.02 psnr_avg:58.72 psnr_y:57.78 psnr_u:59.85 psnr_v:64.64 
n:3128 mse_avg:0.13 mse_y:0.17 mse_u:0.09 mse_v:0.02 psnr_avg:57.01 psnr_y:55.92 psnr_u:58.78 psnr_v:64.17 
n:3129 mse_avg:0.08 mse_y:0.10 mse_u:0.06 mse_v:0.02 psnr_avg:59.06 psnr_y:58.10 psnr_u:60.36 psnr_v:64.58 
n:3130 mse_avg:0.13 mse_y:0.17 mse_u:0.07 mse_v:0.02 psnr_avg:57.00 psnr_y:55.80 psnr_u:59.66 psnr_v:64.27 
n:3131 mse_avg:0.12 mse_y:0.16 mse_u:0.08 mse_v:0.02 psnr_avg:57.22 psnr_y:56.11 psnr_u:59.10 psnr_v:64.46 
n:3132 mse_avg:0.13 mse_y:0.17 mse_u:0.07 mse_v:0.02 psnr_avg:56.93 psnr_y:55.72 psnr_u:59.60 psnr_v:64.51 
n:3133 mse_avg:0.08 mse_y:0.10 mse_u:0.06 mse_v:0.02 psnr_avg:59.26 psnr_y:58.31 psnr_u:60.58 psnr_v:64.71 
n:3134 mse_avg:0.14 mse_y:0.18 mse_u:0.08 mse_v:0.02 psnr_avg:56.82 psnr_y:55.63 psnr_u:59.28 psnr_v:64.49 
n:3135 mse_avg:0.11 mse_y:0.14 mse_u:0.07 mse_v:0.02 psnr_avg:57.82 psnr_y:56.76 psnr_u:59.42 psnr_v:64.59 
n:3136 mse_avg:0.12 mse_y:0.16 mse_u:0.08 mse_v:0.02 psnr_avg:57.17 psnr_y:56.02 psnr_u:59.37 psnr_v:64.48 
n:3137 mse_avg:0.08 mse_y:0.10 mse_u:0.06 mse_v:0.02 psnr_avg:59.04 psnr_y:58.09 psnr_u:60.28 psnr_v:64.60 
n:3138 mse_avg:0.08 mse_y:0.10 mse_u:0.06 mse_v:0.02 psnr_avg:58.90 psnr_y:57.93 psnr_u:60.25 psnr_v:64.59 
n:3139 mse_avg:0.11 mse_y:0.14 mse_u:0.07 mse_v:0.02 psnr_avg:57.75 psnr_y:56.66 psnr_u:59.61 psnr_v:64.60 
n:3140 mse_avg:0.08 mse_y:0.10 mse_u:0.06 mse_v:0.02 psnr_avg:58.93 psnr_y:57.97 psnr_u:60.28 psnr_v:64.64 
n:3141 mse_avg:0.11 mse_y:0.14 mse_u:0.08 mse_v:0.03 psnr_avg:57.69 psnr_y:56.73 psnr_u:59.19 psnr_v:62.85 
n:3142 mse_avg:0.11 mse_y:0.14 mse_u:0.07 mse_v:0.03 psnr_avg:57.75 psnr_y:56.73 psnr_u:59.69 psnr_v:62.87 
n:3143 mse_avg:0.06 mse_y:0.08 mse_u:0.05 mse_v:0.03 psnr_avg:60.02 psnr_y:59.28 psnr_u:61.22 psnr_v:63.06 
n:3144 mse_avg:0.10 mse_y:0.13 mse_u:0.06 mse_v:0.03 psnr_avg:58.17 psnr_y:57.15 psnr_u:60.32 psnr_v:63.01 
n:3145 mse_avg:0.09 mse_y:0.11 mse_u:0.06 mse_v:0.03 psnr_avg:58.56 psnr_y:57.58 psnr_u:60.48 psnr_v:63.27 
n:3146 mse_avg:0.08 mse_y:0.10 mse_u:0.05 mse_v:0.03 psnr_avg:59.01 psnr_y:58.07 psnr_u:60.79 psnr_v:63.44 
n:3147 mse_avg:0.08 mse_y:0.10 mse_u:0.05 mse_v:0.03 psnr_avg:59.13 psnr_y:58.19 psnr_u:60.75 psnr_v:63.65 
n:3148 mse_avg:0.11 mse_y:0.15 mse_u:0.06 mse_v:0.03 psnr_avg:57.57 psnr_y:56.44 psnr_u:60.16 psnr_v:63.59 
n:3149 mse_avg:0.08 mse_y:0.10 mse_u:0.05 mse_v:0.03 psnr_avg:59.15 psnr_y:58.21 psnr_u:60.78 psnr_v:63.75 
n:3150 mse_avg:0.08 mse_y:0.10 mse_u:0.05 mse_v:0.03 psnr_avg:59.09 psnr_y:58.12 psnr_u:60.87 psnr_v:63.78 
n:3151 mse_avg:0.13 mse_y:0.17 mse_u:0.07 mse_v:0.03 psnr_avg:57.01 psnr_y:55.81 psnr_u:59.88 psnr_v:63.73 
n:3152 mse_avg:0.13 mse_y:0.17 mse_u:0.07 mse_v:0.03 psnr_avg:56.98 psnr_y:55.79 psnr_u:59.82 psnr_v:63.76 
n:3153 mse_avg:0.13 mse_y:0.17 mse_u:0.07 mse_v:0.03 psnr_avg:56.99 psnr_y:55.78 psnr_u:59.88 psnr_v:63.78 
n:3154 mse_avg:0.08 mse_y:0.10 mse_u:0.06 mse_v:0.03 psnr_avg:59.10 psnr_y:58.15 psnr_u:60.72 psnr_v:63.87 
n:3155 mse_avg:0.14 mse_y:0.18 mse_u:0.06 mse_v:0.03 psnr_avg:56.77 psnr_y:55.52 psnr_u:60.02 psnr_v:63.87 
n:3156 mse_avg:0.13 mse_y:0.17 mse_u:0.06 mse_v:0.03 psnr_avg:57.08 psnr_y:55.87 psnr_u:60.04 psnr_v:63.93 
n:3157 mse_avg:0.08 mse_y:0.10 mse_u:0.06 mse_v:0.03 psnr_avg:59.10 psnr_y:58.14 psnr_u:60.69 psnr_v:63.98 
n:3158 mse_avg:0.13 mse_y:0.18 mse_u:0.06 mse_v:0.03 psnr_avg:56.84 psnr_y:55.59 psnr_u:60.16 psnr_v:63.90 
n:3159 mse_avg:0.13 mse_y:0.17 mse_u:0.06 mse_v:0.03 psnr_avg:57.02 psnr_y:55.79 psnr_u:60.16 psnr_v:63.97 
n:3160 mse_avg:0.08 mse_y:0.10 mse_u:0.06 mse_v:0.03 psnr_avg:58.92 psnr_y:58.00 psnr_u:60.31 psnr_v:63.85 
n:3161 mse_avg:0.14 mse_y:0.18 mse_u:0.07 mse_v:0.03 psnr_avg:56.81 psnr_y:55.59 psnr_u:59.76 psnr_v:63.78 
n:3162 mse_avg:0.13 mse_y:0.17 mse_u:0.07 mse_v:0.03 psnr_avg:56.94 psnr_y:55.75 psnr_u:59.67 psnr_v:63.79 
n:3163 mse_avg:0.09 mse_y:0.11 mse_u:0.06 mse_v:0.03 psnr_avg:58.79 psnr_y:57.86 psnr_u:60.13 psnr_v:63.83 
n:3164 mse_avg:0.16 mse_y:0.22 mse_u:0.07 mse_v:0.03 psnr_avg:56.06 psnr_y:54.77 psnr_u:59.57 psnr_v:63.88 
n:3165 mse_avg:3.49 mse_y:5.20 mse_u:0.09 mse_v:0.03 psnr_avg:42.70 psnr_y:40.97 psnr_u:58.57 psnr_v:63.62 
n:3166 mse_avg:5.94 mse_y:8.87 mse_u:0.14 mse_v:0.03 psnr_avg:40.39 psnr_y:38.65 psnr_u:56.59 psnr_v:63.59 
n:3167 mse_avg:6.72 mse_y:10.05 mse_u:0.12 mse_v:0.03 psnr_avg:39.86 psnr_y:38.11 psnr_u:57.33 psnr_v:63.55 
n:3168 mse_avg:3.92 mse_y:5.84 mse_u:0.13 mse_v:0.04 psnr_avg:42.20 psnr_y:40.47 psnr_u:57.06 psnr_v:61.67 
n:3169 mse_avg:6.53 mse_y:9.74 mse_u:0.15 mse_v:0.04 psnr_avg:39.98 psnr_y:38.24 psnr_u:56.25 psnr_v:62.13 
n:3170 mse_avg:8.12 mse_y:12.13 mse_u:0.17 mse_v:0.04 psnr_avg:39.03 psnr_y:37.29 psnr_u:55.86 psnr_v:61.92 
n:3171 mse_avg:6.39 mse_y:9.53 mse_u:0.16 mse_v:0.04 psnr_avg:40.08 psnr_y:38.34 psnr_u:56.18 psnr_v:61.96 
n:3172 mse_avg:8.12 mse_y:12.13 mse_u:0.17 mse_v:0.04 psnr_avg:39.03 psnr_y:37.29 psnr_u:55.87 psnr_v:61.86 
n:3173 mse_avg:8.11 mse_y:12.13 mse_u:0.13 mse_v:0.04 psnr_avg:39.04 psnr_y:37.29 psnr_u:56.88 psnr_v:61.65 
n:3174 mse_avg:5.39 mse_y:8.05 mse_u:0.10 mse_v:0.03 psnr_avg:40.81 psnr_y:39.07 psnr_u:58.09 psnr_v:62.83 
n:3175 mse_avg:8.53 mse_y:12.76 mse_u:0.12 mse_v:0.04 psnr_avg:38.82 psnr_y:37.07 psnr_u:57.44 psnr_v:62.54 
n:3176 mse_avg:8.99 mse_y:13.45 mse_u:0.12 mse_v:0.04 psnr_avg:38.59 psnr_y:36.84 psnr_u:57.29 psnr_v:62.68 
n:3177 mse_avg:4.85 mse_y:7.24 mse_u:0.10 mse_v:0.03 psnr_avg:41.28 psnr_y:39.53 psnr_u:57.99 psnr_v:62.73 
n:3178 mse_avg:8.49 mse_y:12.69 mse_u:0.13 mse_v:0.04 psnr_avg:38.84 psnr_y:37.10 psnr_u:57.09 psnr_v:62.69 
n:3179 mse_avg:8.16 mse_y:12.20 mse_u:0.12 mse_v:0.03 psnr_avg:39.01 psnr_y:37.27 psnr_u:57.49 psnr_v:62.71 
n:3180 mse_avg:3.68 mse_y:5.49 mse_u:0.09 mse_v:0.03 psnr_avg:42.47 psnr_y:40.74 psnr_u:58.78 psnr_v:63.12 
n:3181 mse_avg:6.74 mse_y:10.08 mse_u:0.10 mse_v:0.03 psnr_avg:39.84 psnr_y:38.10 psnr_u:58.20 psnr_v:63.05 
n:3182 mse_avg:8.01 mse_y:11.99 mse_u:0.09 mse_v:0.03 psnr_avg:39.09 psnr_y:37.34 psnr_u:58.52 psnr_v:63.29 
n:3183 mse_avg:4.05 mse_y:6.05 mse_u:0.08 mse_v:0.03 psnr_avg:42.05 psnr_y:40.31 psnr_u:59.26 psnr_v:63.07 
n:3184 mse_avg:5.46 mse_y:8.15 mse_u:0.10 mse_v:0.04 psnr_avg:40.76 psnr_y:39.02 psnr_u:57.94 psnr_v:62.25 
n:3185 mse_avg:3.67 mse_y:5.48 mse_u:0.09 mse_v:0.03 psnr_avg:42.48 psnr_y:40.75 psnr_u:58.55 psnr_v:63.16 
n:3186 mse_avg:8.60 mse_y:12.85 mse_u:0.15 mse_v:0.03 psnr_avg:38.79 psnr_y:37.04 psnr_u:56.41 psnr_v:62.74 
n:3187 mse_avg:6.49 mse_y:9.71 mse_u:0.10 mse_v:0.03 psnr_avg:40.01 psnr_y:38.26 psnr_u:58.27 psnr_v:63.44 
n:3188 mse_avg:3.82 mse_y:5.70 mse_u:0.08 mse_v:0.03 psnr_avg:42.31 psnr_y:40.57 psnr_u:58.98 psnr_v:63.63 
n:3189 mse_avg:6.72 mse_y:10.04 mse_u:0.13 mse_v:0.03 psnr_avg:39.86 psnr_y:38.11 psnr_u:57.04 psnr_v:63.38 
n:3190 mse_avg:7.14 mse_y:10.66 mse_u:0.15 mse_v:0.03 psnr_avg:39.59 psnr_y:37.85 psnr_u:56.30 psnr_v:63.83 
n:3191 mse_avg:7.54 mse_y:11.27 mse_u:0.16 mse_v:0.02 psnr_avg:39.36 psnr_y:37.61 psnr_u:56.15 psnr_v:64.22 
n:3192 mse_avg:8.30 mse_y:12.42 mse_u:0.10 mse_v:0.02 psnr_avg:38.94 psnr_y:37.19 psnr_u:58.32 psnr_v:64.40 
n:3193 mse_avg:0.14 mse_y:0.19 mse_u:0.06 mse_v:0.02 psnr_avg:56.61 psnr_y:55.26 psnr_u:60.71 psnr_v:64.61 
n:3194 mse_avg:5.42 mse_y:8.11 mse_u:0.08 mse_v:0.02 psnr_avg:40.79 psnr_y:39.04 psnr_u:59.03 psnr_v:64.39 
n:3195 mse_avg:4.92 mse_y:7.35 mse_u:0.09 mse_v:0.02 psnr_avg:41.22 psnr_y:39.47 psnr_u:58.76 psnr_v:64.58 
n:3196 mse_avg:3.94 mse_y:5.89 mse_u:0.06 mse_v:0.02 psnr_avg:42.17 psnr_y:40.43 psnr_u:60.04 psnr_v:64.58 
n:3197 mse_avg:4.56 mse_y:6.82 mse_u:0.07 mse_v:0.02 psnr_avg:41.54 psnr_y:39.80 psnr_u:59.49 psnr_v:64.65 
n:3198 mse_avg:3.59 mse_y:5.37 mse_u:0.06 mse_v:0.02 psnr_avg:42.58 psnr_y:40.83 psnr_u:60.56 psnr_v:64.83 
n:3199 mse_avg:3.32 mse_y:4.96 mse_u:0.07 mse_v:0.03 psnr_avg:42.92 psnr_y:41.18 psnr_u:59.45 psnr_v:63.08 
n:3200 mse_avg:4.31 mse_y:6.45 mse_u:0.07 mse_v:0.02 psnr_avg:41.78 psnr_y:40.04 psnr_u:59.58 psnr_v:64.55 
n:3201 mse_avg:3.82 mse_y:5.70 mse_u:0.09 mse_v:0.02 psnr_avg:42.31 psnr_y:40.57 psnr_u:58.68 psnr_v:64.54 
n:3202 mse_avg:4.50 mse_y:6.72 mse_u:0.11 mse_v:0.02 psnr_avg:41.59 psnr_y:39.86 psnr_u:57.60 psnr_v:64.56 
n:3203 mse_avg:4.95 mse_y:7.40 mse_u:0.09 mse_v:0.02 psnr_avg:41.18 psnr_y:39.44 psnr_u:58.38 psnr_v:64.61 
n:3204 mse_avg:3.67 mse_y:5.48 mse_u:0.07 mse_v:0.02 psnr_avg:42.48 psnr_y:40.74 psnr_u:59.63 psnr_v:64.59 
n:3205 mse_avg:0.60 mse_y:0.88 mse_u:0.05 mse_v:0.02 psnr_avg:50.34 psnr_y:48.66 psnr_u:61.19 psnr_v:64.38 
n:3206 mse_avg:6.79 mse_y:10.15 mse_u:0.10 mse_v:0.02 psnr_avg:39.81 psnr_y:38.07 psnr_u:58.07 psnr_v:64.37 
n:3207 mse_avg:6.01 mse_y:8.98 mse_u:0.08 mse_v:0.03 psnr_avg:40.35 psnr_y:38.60 psnr_u:59.14 psnr_v:64.06 
n:3208 mse_avg:5.16 mse_y:7.72 mse_u:0.08 mse_v:0.02 psnr_avg:41.00 psnr_y:39.26 psnr_u:59.02 psnr_v:64.44 
n:3209 mse_avg:4.09 mse_y:6.11 mse_u:0.09 mse_v:0.02 psnr_avg:42.01 psnr_y:40.27 psnr_u:58.75 psnr_v:64.46 
n:3210 mse_avg:5.14 mse_y:7.68 mse_u:0.09 mse_v:0.02 psnr_avg:41.02 psnr_y:39.28 psnr_u:58.70 psnr_v:64.42 
n:3211 mse_avg:4.75 mse_y:7.11 mse_u:0.06 mse_v:0.02 psnr_avg:41.36 psnr_y:39.61 psnr_u:60.16 psnr_v:64.51 
n:3212 mse_avg:4.47 mse_y:6.69 mse_u:0.06 mse_v:0.02 psnr_avg:41.62 psnr_y:39.88 psnr_u:60.19 psnr_v:64.70 
n:3213 mse_avg:5.94 mse_y:8.88 mse_u:0.10 mse_v:0.03 psnr_avg:40.39 psnr_y:38.65 psnr_u:58.11 psnr_v:62.72 
n:3214 mse_avg:4.96 mse_y:7.40 mse_u:0.09 mse_v:0.03 psnr_avg:41.18 psnr_y:39.44 psnr_u:58.37 psnr_v:62.94 
n:3215 mse_avg:6.56 mse_y:9.80 mse_u:0.11 mse_v:0.04 psnr_avg:39.96 psnr_y:38.22 psnr_u:57.87 psnr_v:62.40 
n:3216 mse_avg:5.75 mse_y:8.59 mse_u:0.09 mse_v:0.02 psnr_avg:40.54 psnr_y:38.79 psnr_u:58.61 psnr_v:64.43 
n:3217 mse_avg:9.83 mse_y:14.71 mse_u:0.10 mse_v:0.03 psnr_avg:38.21 psnr_y:36.46 psnr_u:57.98 psnr_v:63.35 
n:3218 mse_avg:0.17 mse_y:0.24 mse_u:0.05 mse_v:0.02 psnr_avg:55.76 psnr_y:54.33 psnr_u:61.01 psnr_v:64.24 
n:3219 mse_avg:12.29 mse_y:18.41 mse_u:0.10 mse_v:0.02 psnr_avg:37.23 psnr_y:35.48 psnr_u:58.06 psnr_v:64.59 
n:3220 mse_avg:5.67 mse_y:8.47 mse_u:0.08 mse_v:0.03 psnr_avg:40.60 psnr_y:38.85 psnr_u:59.06 psnr_v:63.64 
n:3221 mse_avg:5.66 mse_y:8.46 mse_u:0.07 mse_v:0.03 psnr_avg:40.61 psnr_y:38.86 psnr_u:59.46 psnr_v:63.95 
n:3222 mse_avg:4.25 mse_y:6.36 mse_u:0.07 mse_v:0.03 psnr_avg:41.84 psnr_y:40.10 psnr_u:59.58 psnr_v:63.87 
n:3223 mse_avg:5.15 mse_y:7.70 mse_u:0.08 mse_v:0.03 psnr_avg:41.01 psnr_y:39.26 psnr_u:59.10 psnr_v:63.08 
n:3224 mse_avg:5.41 mse_y:8.08 mse_u:0.10 mse_v:0.03 psnr_avg:40.80 psnr_y:39.05 psnr_u:58.33 psnr_v:63.79 
n:3225 mse_avg:4.93 mse_y:7.36 mse_u:0.08 mse_v:0.04 psnr_avg:41.20 psnr_y:39.46 psnr_u:58.89 psnr_v:62.39 
n:3226 mse_avg:5.59 mse_y:8.35 mse_u:0.08 mse_v:0.03 psnr_avg:40.66 psnr_y:38.91 psnr_u:59.36 psnr_v:62.92 
n:3227 mse_avg:3.67 mse_y:5.47 mse_u:0.08 mse_v:0.03 psnr_avg:42.49 psnr_y:40.75 psnr_u:59.27 psnr_v:62.95 
n:3228 mse_avg:6.16 mse_y:9.22 mse_u:0.08 mse_v:0.04 psnr_avg:40.23 psnr_y:38.49 psnr_u:59.14 psnr_v:62.66 
n:3229 mse_avg:6.07 mse_y:9.07 mse_u:0.09 mse_v:0.03 psnr_avg:40.30 psnr_y:38.56 psnr_u:58.79 psnr_v:63.06 
n:3230 mse_avg:0.26 mse_y:0.37 mse_u:0.05 mse_v:0.03 psnr_avg:53.95 psnr_y:52.42 psnr_u:60.91 psnr_v:64.05 
n:3231 mse_avg:5.60 mse_y:8.37 mse_u:0.08 mse_v:0.04 psnr_avg:40.65 psnr_y:38.90 psnr_u:59.34 psnr_v:62.22 
n:3232 mse_avg:5.43 mse_y:8.12 mse_u:0.08 mse_v:0.03 psnr_avg:40.78 psnr_y:39.04 psnr_u:59.20 psnr_v:63.20 
n:3233 mse_avg:4.23 mse_y:6.31 mse_u:0.09 mse_v:0.03 psnr_avg:41.87 psnr_y:40.13 psnr_u:58.54 psnr_v:62.90 
n:3234 mse_avg:4.88 mse_y:7.28 mse_u:0.12 mse_v:0.03 psnr_avg:41.25 psnr_y:39.51 psnr_u:57.27 psnr_v:63.08 
n:3235 mse_avg:4.52 mse_y:6.74 mse_u:0.13 mse_v:0.03 psnr_avg:41.58 psnr_y:39.84 psnr_u:57.13 psnr_v:63.04 
n:3236 mse_avg:4.56 mse_y:6.80 mse_u:0.10 mse_v:0.03 psnr_avg:41.55 psnr_y:39.81 psnr_u:58.24 psnr_v:62.94 
n:3237 mse_avg:4.46 mse_y:6.66 mse_u:0.08 mse_v:0.03 psnr_avg:41.64 psnr_y:39.89 psnr_u:59.22 psnr_v:63.46 
n:3238 mse_avg:3.89 mse_y:5.82 mse_u:0.07 mse_v:0.03 psnr_avg:42.23 psnr_y:40.48 psnr_u:59.69 psnr_v:63.76 
n:3239 mse_avg:5.82 mse_y:8.70 mse_u:0.08 mse_v:0.04 psnr_avg:40.48 psnr_y:38.74 psnr_u:58.96 psnr_v:62.41 
n:3240 mse_avg:5.37 mse_y:8.03 mse_u:0.10 mse_v:0.03 psnr_avg:40.83 psnr_y:39.08 psnr_u:58.18 psnr_v:63.33 
n:3241 mse_avg:6.32 mse_y:9.45 mse_u:0.08 mse_v:0.03 psnr_avg:40.12 psnr_y:38.37 psnr_u:58.92 psnr_v:63.41 
n:3242 mse_avg:7.12 mse_y:10.66 mse_u:0.09 mse_v:0.03 psnr_avg:39.60 psnr_y:37.85 psnr_u:58.51 psnr_v:63.68 
n:3243 mse_avg:0.64 mse_y:0.95 mse_u:0.06 mse_v:0.03 psnr_avg:50.04 psnr_y:48.38 psnr_u:60.67 psnr_v:63.13 
n:3244 mse_avg:8.74 mse_y:13.08 mse_u:0.10 mse_v:0.03 psnr_avg:38.71 psnr_y:36.96 psnr_u:58.07 psnr_v:63.32 
n:3245 mse_avg:5.98 mse_y:8.93 mse_u:0.13 mse_v:0.04 psnr_avg:40.36 psnr_y:38.62 psnr_u:56.98 psnr_v:61.84 
n:3246 mse_avg:5.55 mse_y:8.31 mse_u:0.07 mse_v:0.03 psnr_avg:40.68 psnr_y:38.94 psnr_u:59.72 psnr_v:62.99 
n:3247 mse_avg:4.30 mse_y:6.43 mse_u:0.07 mse_v:0.03 psnr_avg:41.79 psnr_y:40.05 psnr_u:59.59 psnr_v:63.12 
n:3248 mse_avg:5.32 mse_y:7.95 mse_u:0.08 mse_v:0.03 psnr_avg:40.87 psnr_y:39.13 psnr_u:59.29 psnr_v:63.08 
n:3249 mse_avg:4.54 mse_y:6.79 mse_u:0.07 mse_v:0.03 psnr_avg:41.56 psnr_y:39.81 psnr_u:59.64 psnr_v:63.51 
n:3250 mse_avg:5.59 mse_y:8.35 mse_u:0.08 mse_v:0.04 psnr_avg:40.66 psnr_y:38.91 psnr_u:58.95 psnr_v:62.20 
n:3251 mse_avg:4.74 mse_y:7.09 mse_u:0.08 mse_v:0.03 psnr_avg:41.37 psnr_y:39.63 psnr_u:59.06 psnr_v:63.65 
n:3252 mse_avg:4.89 mse_y:7.30 mse_u:0.08 mse_v:0.04 psnr_avg:41.24 psnr_y:39.50 psnr_u:59.05 psnr_v:62.63 
n:3253 mse_avg:4.87 mse_y:7.27 mse_u:0.09 mse_v:0.03 psnr_avg:41.26 psnr_y:39.51 psnr_u:58.46 psnr_v:63.22 
n:3254 mse_avg:9.96 mse_y:14.90 mse_u:0.10 mse_v:0.03 psnr_avg:38.15 psnr_y:36.40 psnr_u:58.01 psnr_v:63.46 
n:3255 mse_avg:0.14 mse_y:0.19 mse_u:0.06 mse_v:0.03 psnr_avg:56.64 psnr_y:55.35 psnr_u:60.46 psnr_v:63.59 
n:3256 mse_avg:4.85 mse_y:7.26 mse_u:0.07 mse_v:0.03 psnr_avg:41.27 psnr_y:39.52 psnr_u:59.78 psnr_v:63.63 
n:3257 mse_avg:5.16 mse_y:7.72 mse_u:0.08 mse_v:0.03 psnr_avg:41.00 psnr_y:39.26 psnr_u:59.10 psnr_v:63.49 
n:3258 mse_avg:3.53 mse_y:5.28 mse_u:0.07 mse_v:0.03 psnr_avg:42.65 psnr_y:40.91 psnr_u:59.65 psnr_v:63.76 
n:3259 mse_avg:4.98 mse_y:7.44 mse_u:0.07 mse_v:0.03 psnr_avg:41.16 psnr_y:39.42 psnr_u:59.50 psnr_v:62.69 
n:3260 mse_avg:4.58 mse_y:6.85 mse_u:0.08 mse_v:0.03 psnr_avg:41.52 psnr_y:39.78 psnr_u:58.91 psnr_v:63.27 
n:3261 mse_avg:6.16 mse_y:9.20 mse_u:0.10 mse_v:0.03 psnr_avg:40.24 psnr_y:38.49 psnr_u:58.19 psnr_v:63.04 
n:3262 mse_avg:5.51 mse_y:8.23 mse_u:0.09 mse_v:0.03 psnr_avg:40.72 psnr_y:38.98 psnr_u:58.58 psnr_v:63.52 
n:3263 mse_avg:6.19 mse_y:9.25 mse_u:0.10 mse_v:0.03 psnr_avg:40.21 psnr_y:38.47 psnr_u:58.20 psnr_v:62.97 
n:3264 mse_avg:5.14 mse_y:7.69 mse_u:0.09 mse_v:0.03 psnr_avg:41.02 psnr_y:39.27 psnr_u:58.72 psnr_v:63.36 
n:3265 mse_avg:3.52 mse_y:5.25 mse_u:0.07 mse_v:0.03 psnr_avg:42.67 psnr_y:40.93 psnr_u:59.70 psnr_v:63.54 
n:3266 mse_avg:4.62 mse_y:6.91 mse_u:0.08 mse_v:0.03 psnr_avg:41.48 psnr_y:39.74 psnr_u:59.23 psnr_v:63.42 
n:3267 mse_avg:3.96 mse_y:5.92 mse_u:0.07 mse_v:0.03 psnr_avg:42.15 psnr_y:40.41 psnr_u:59.62 psnr_v:63.42 
n:3268 mse_avg:0.16 mse_y:0.21 mse_u:0.06 mse_v:0.03 psnr_avg:56.16 psnr_y:54.82 psnr_u:60.56 psnr_v:63.48 
n:3269 mse_avg:5.42 mse_y:8.11 mse_u:0.07 mse_v:0.03 psnr_avg:40.79 psnr_y:39.04 psnr_u:59.46 psnr_v:63.48 
n:3270 mse_avg:5.16 mse_y:7.71 mse_u:0.08 mse_v:0.03 psnr_avg:41.01 psnr_y:39.26 psnr_u:59.25 psnr_v:63.51 
n:3271 mse_avg:3.15 mse_y:4.71 mse_u:0.06 mse_v:0.03 psnr_avg:43.14 psnr_y:41.40 psnr_u:60.29 psnr_v:63.47 
n:3272 mse_avg:4.42 mse_y:6.60 mse_u:0.07 mse_v:0.03 psnr_avg:41.68 psnr_y:39.94 psnr_u:59.89 psnr_v:63.44 
n:3273 mse_avg:4.23 mse_y:6.32 mse_u:0.07 mse_v:0.03 psnr_avg:41.87 psnr_y:40.13 psnr_u:59.66 psnr_v:63.44 
n:3274 mse_avg:4.81 mse_y:7.18 mse_u:0.08 mse_v:0.03 psnr_avg:41.31 psnr_y:39.57 psnr_u:58.84 psnr_v:63.43 
n:3275 mse_avg:4.08 mse_y:6.10 mse_u:0.07 mse_v:0.03 psnr_avg:42.02 psnr_y:40.28 psnr_u:59.43 psnr_v:63.43 
n:3276 mse_avg:4.12 mse_y:6.15 mse_u:0.09 mse_v:0.03 psnr_avg:41.98 psnr_y:40.24 psnr_u:58.69 psnr_v:63.32 
n:3277 mse_avg:4.06 mse_y:6.07 mse_u:0.07 mse_v:0.03 psnr_avg:42.04 psnr_y:40.30 psnr_u:59.73 psnr_v:63.38 
n:3278 mse_avg:5.11 mse_y:7.64 mse_u:0.07 mse_v:0.03 psnr_avg:41.05 psnr_y:39.30 psnr_u:59.72 psnr_v:63.42 
n:3279 mse_avg:1511.98 mse_y:2062.08 mse_u:91.53 mse_v:732.07 psnr_avg:16.34 psnr_y:14.99 psnr_u:28.51 psnr_v:19.49 
n:3280 mse_avg:1.90 mse_y:2.84 mse_u:0.01 mse_v:0.02 psnr_avg:45.35 psnr_y:43.60 psnr_u:69.48 psnr_v:65.24 
n:3281 mse_avg:1.58 mse_y:2.35 mse_u:0.01 mse_v:0.07 psnr_avg:46.15 psnr_y:44.43 psnr_u:66.60 psnr_v:59.73 
n:3282 mse_avg:1.23 mse_y:1.83 mse_u:0.01 mse_v:0.04 psnr_avg:47.24 psnr_y:45.51 psnr_u:67.10 psnr_v:62.00 
n:3283 mse_avg:1.88 mse_y:2.79 mse_u:0.02 mse_v:0.05 psnr_avg:45.40 psnr_y:43.67 psnr_u:65.21 psnr_v:60.93 
n:3284 mse_avg:2.22 mse_y:3.31 mse_u:0.01 mse_v:0.04 psnr_avg:44.67 psnr_y:42.93 psnr_u:66.63 psnr_v:62.02 
n:3285 mse_avg:2.08 mse_y:3.10 mse_u:0.02 mse_v:0.06 psnr_avg:44.95 psnr_y:43.22 psnr_u:64.43 psnr_v:60.71 
n:3286 mse_avg:1.20 mse_y:1.79 mse_u:0.02 mse_v:0.04 psnr_avg:47.32 psnr_y:45.60 psnr_u:66.27 psnr_v:62.11 
n:3287 mse_avg:1.74 mse_y:2.60 mse_u:0.02 mse_v:0.04 psnr_avg:45.71 psnr_y:43.98 psnr_u:64.78 psnr_v:61.97 
n:3288 mse_avg:1.60 mse_y:2.38 mse_u:0.02 mse_v:0.05 psnr_avg:46.10 psnr_y:44.37 psnr_u:65.53 psnr_v:61.25 
n:3289 mse_avg:0.77 mse_y:1.14 mse_u:0.01 mse_v:0.03 psnr_avg:49.27 psnr_y:47.56 psnr_u:66.66 psnr_v:62.93 
n:3290 mse_avg:0.75 mse_y:1.11 mse_u:0.01 mse_v:0.04 psnr_avg:49.39 psnr_y:47.68 psnr_u:66.98 psnr_v:61.92 
n:3291 mse_avg:1.29 mse_y:1.92 mse_u:0.02 mse_v:0.05 psnr_avg:47.02 psnr_y:45.30 psnr_u:65.11 psnr_v:61.47 
n:3292 mse_avg:1.25 mse_y:1.87 mse_u:0.01 mse_v:0.03 psnr_avg:47.15 psnr_y:45.42 psnr_u:66.70 psnr_v:62.97 
n:3293 mse_avg:0.82 mse_y:1.20 mse_u:0.01 mse_v:0.09 psnr_avg:49.01 psnr_y:47.34 psnr_u:66.70 psnr_v:58.53 
n:3294 mse_avg:0.74 mse_y:1.09 mse_u:0.01 mse_v:0.06 psnr_avg:49.43 psnr_y:47.74 psnr_u:66.91 psnr_v:60.57 
n:3295 mse_avg:1.25 mse_y:1.85 mse_u:0.02 mse_v:0.05 psnr_avg:47.17 psnr_y:45.45 psnr_u:66.09 psnr_v:60.95 
n:3296 mse_avg:0.84 mse_y:1.25 mse_u:0.01 mse_v:0.04 psnr_avg:48.87 psnr_y:47.15 psnr_u:67.07 psnr_v:62.09 
n:3297 mse_avg:0.88 mse_y:1.31 mse_u:0.01 mse_v:0.04 psnr_avg:48.68 psnr_y:46.97 psnr_u:66.51 psnr_v:61.77 
n:3298 mse_avg:0.74 mse_y:1.09 mse_u:0.02 mse_v:0.05 psnr_avg:49.46 psnr_y:47.77 psnr_u:66.03 psnr_v:60.88 
n:3299 mse_avg:1.38 mse_y:2.05 mse_u:0.02 mse_v:0.03 psnr_avg:46.74 psnr_y:45.01 psnr_u:65.77 psnr_v:62.89 
n:3300 mse_avg:1.45 mse_y:2.16 mse_u:0.01 mse_v:0.03 psnr_avg:46.52 psnr_y:44.79 psnr_u:66.62 psnr_v:63.12 
n:3301 mse_avg:1.20 mse_y:1.79 mse_u:0.02 mse_v:0.04 psnr_avg:47.34 psnr_y:45.61 psnr_u:66.31 psnr_v:62.07 
n:3302 mse_avg:1.27 mse_y:1.89 mse_u:0.01 mse_v:0.05 psnr_avg:47.10 psnr_y:45.37 psnr_u:66.70 psnr_v:61.34 
n:3303 mse_avg:0.03 mse_y:0.04 mse_u:0.01 mse_v:0.02 psnr_avg:63.32 psnr_y:62.39 psnr_u:67.44 psnr_v:65.15 
n:3304 mse_avg:0.94 mse_y:1.41 mse_u:0.01 mse_v:0.03 psnr_avg:48.38 psnr_y:46.65 psnr_u:66.48 psnr_v:62.85 
n:3305 mse_avg:0.86 mse_y:1.28 mse_u:0.01 mse_v:0.03 psnr_avg:48.79 psnr_y:47.07 psnr_u:66.98 psnr_v:63.70 
n:3306 mse_avg:0.03 mse_y:0.04 mse_u:0.01 mse_v:0.02 psnr_avg:62.91 psnr_y:61.92 psnr_u:67.24 psnr_v:65.02 
n:3307 mse_avg:19.43 mse_y:28.10 mse_u:1.06 mse_v:3.13 psnr_avg:35.25 psnr_y:33.64 psnr_u:47.88 psnr_v:43.18 
n:3308 mse_avg:7.50 mse_y:11.19 mse_u:0.04 mse_v:0.18 psnr_avg:39.38 psnr_y:37.64 psnr_u:62.12 psnr_v:55.47 
n:3309 mse_avg:0.07 mse_y:0.08 mse_u:0.03 mse_v:0.05 psnr_avg:59.66 psnr_y:58.86 psnr_u:63.29 psnr_v:60.91 
n:3310 mse_avg:5.03 mse_y:7.50 mse_u:0.04 mse_v:0.13 psnr_avg:41.12 psnr_y:39.38 psnr_u:62.58 psnr_v:56.91 
n:3311 mse_avg:5.29 mse_y:7.88 mse_u:0.05 mse_v:0.16 psnr_avg:40.90 psnr_y:39.16 psnr_u:61.30 psnr_v:56.10 
n:3312 mse_avg:0.10 mse_y:0.12 mse_u:0.03 mse_v:0.07 psnr_avg:58.27 psnr_y:57.39 psnr_u:62.86 psnr_v:59.49 
n:3313 mse_avg:0.09 mse_y:0.11 mse_u:0.03 mse_v:0.07 psnr_avg:58.69 psnr_y:57.82 psnr_u:63.08 psnr_v:59.94 
n:3314 mse_avg:5.77 mse_y:8.60 mse_u:0.04 mse_v:0.16 psnr_avg:40.52 psnr_y:38.78 psnr_u:62.26 psnr_v:56.04 
n:3315 mse_avg:0.09 mse_y:0.11 mse_u:0.03 mse_v:0.06 psnr_avg:58.73 psnr_y:57.83 psnr_u:63.03 psnr_v:60.19 
n:3316 mse_avg:0.08 mse_y:0.10 mse_u:0.03 mse_v:0.06 psnr_avg:58.88 psnr_y:58.00 psnr_u:63.11 psnr_v:60.26 
n:3317 mse_avg:6.44 mse_y:9.61 mse_u:0.04 mse_v:0.14 psnr_avg:40.04 psnr_y:38.30 psnr_u:62.05 psnr_v:56.63 
n:3318 mse_avg:0.09 mse_y:0.10 mse_u:0.03 mse_v:0.06 psnr_avg:58.83 psnr_y:57.97 psnr_u:63.13 psnr_v:60.03 
n:3319 mse_avg:0.09 mse_y:0.11 mse_u:0.03 mse_v:0.06 psnr_avg:58.74 psnr_y:57.86 psnr_u:63.17 psnr_v:60.08 
n:3320 mse_avg:7.62 mse_y:11.39 mse_u:0.04 mse_v:0.14 psnr_avg:39.31 psnr_y:37.57 psnr_u:62.22 psnr_v:56.66 
n:3321 mse_avg:0.09 mse_y:0.11 mse_u:0.03 mse_v:0.06 psnr_avg:58.60 psnr_y:57.72 psnr_u:62.75 psnr_v:60.10 
n:3322 mse_avg:0.08 mse_y:0.10 mse_u:0.03 mse_v:0.06 psnr_avg:58.96 psnr_y:58.09 psnr_u:63.14 psnr_v:60.25 
n:3323 mse_avg:0.09 mse_y:0.11 mse_u:0.03 mse_v:0.06 psnr_avg:58.58 psnr_y:57.64 psnr_u:63.00 psnr_v:60.32 
n:3324 mse_avg:0.08 mse_y:0.10 mse_u:0.03 mse_v:0.06 psnr_avg:59.01 psnr_y:58.12 psnr_u:63.33 psnr_v:60.41 
n:3325 mse_avg:0.07 mse_y:0.09 mse_u:0.03 mse_v:0.06 psnr_avg:59.48 psnr_y:58.70 psnr_u:63.32 psnr_v:60.49 
n:3326 mse_avg:0.12 mse_y:0.15 mse_u:0.03 mse_v:0.08 psnr_avg:57.44 psnr_y:56.44 psnr_u:62.82 psnr_v:59.19 
n:3327 mse_avg:0.08 mse_y:0.09 mse_u:0.03 mse_v:0.06 psnr_avg:59.25 psnr_y:58.45 psnr_u:63.16 psnr_v:60.34 
n:3328 mse_avg:0.08 mse_y:0.10 mse_u:0.03 mse_v:0.06 psnr_avg:58.84 psnr_y:57.97 psnr_u:63.13 psnr_v:60.18 
n:3329 mse_avg:0.08 mse_y:0.10 mse_u:0.03 mse_v:0.06 psnr_avg:59.09 psnr_y:58.24 psnr_u:63.35 psnr_v:60.31 
n:3330 mse_avg:0.10 mse_y:0.13 mse_u:0.03 mse_v:0.07 psnr_avg:58.01 psnr_y:57.00 psnr_u:63.18 psnr_v:59.82 
n:3331 mse_avg:0.09 mse_y:0.12 mse_u:0.03 mse_v:0.07 psnr_avg:58.38 psnr_y:57.47 psnr_u:63.03 psnr_v:59.80 
n:3332 mse_avg:0.07 mse_y:0.09 mse_u:0.03 mse_v:0.06 psnr_avg:59.49 psnr_y:58.71 psnr_u:63.41 psnr_v:60.39 
n:3333 mse_avg:0.08 mse_y:0.10 mse_u:0.03 mse_v:0.06 psnr_avg:59.00 psnr_y:58.09 psnr_u:63.34 psnr_v:60.51 
n:3334 mse_avg:0.07 mse_y:0.09 mse_u:0.03 mse_v:0.05 psnr_avg:59.67 psnr_y:58.83 psnr_u:63.70 psnr_v:60.94 
n:3335 mse_avg:0.08 mse_y:0.09 mse_u:0.03 mse_v:0.05 psnr_avg:59.37 psnr_y:58.43 psnr_u:63.84 psnr_v:61.05 
n:3336 mse_avg:0.06 mse_y:0.08 mse_u:0.03 mse_v:0.05 psnr_avg:60.10 psnr_y:59.24 psnr_u:64.12 psnr_v:61.50 
n:3337 mse_avg:0.07 mse_y:0.09 mse_u:0.02 mse_v:0.05 psnr_avg:59.40 psnr_y:58.40 psnr_u:64.16 psnr_v:61.42 
n:3338 mse_avg:0.06 mse_y:0.07 mse_u:0.02 mse_v:0.04 psnr_avg:60.44 psnr_y:59.57 psnr_u:64.33 psnr_v:61.96 
n:3339 mse_avg:0.05 mse_y:0.06 mse_u:0.02 mse_v:0.04 psnr_avg:60.89 psnr_y:60.06 psnr_u:64.38 psnr_v:62.37 
n:3340 mse_avg:0.05 mse_y:0.06 mse_u:0.02 mse_v:0.04 psnr_avg:61.14 psnr_y:60.33 psnr_u:64.57 psnr_v:62.51 
n:3341 mse_avg:0.05 mse_y:0.06 mse_u:0.02 mse_v:0.03 psnr_avg:61.27 psnr_y:60.45 psnr_u:64.73 psnr_v:62.72 
n:3342 mse_avg:0.04 mse_y:0.05 mse_u:0.02 mse_v:0.03 psnr_avg:62.00 psnr_y:61.28 psnr_u:64.89 psnr_v:63.16 
n:3343 mse_avg:0.04 mse_y:0.05 mse_u:0.02 mse_v:0.03 psnr_avg:62.11 psnr_y:61.40 psnr_u:64.90 psnr_v:63.32 
n:3344 mse_avg:0.04 mse_y:0.04 mse_u:0.02 mse_v:0.03 psnr_avg:62.35 psnr_y:61.65 psnr_u:64.93 psnr_v:63.63 
n:3345 mse_avg:0.04 mse_y:0.04 mse_u:0.02 mse_v:0.03 psnr_avg:62.48 psnr_y:61.78 psnr_u:65.13 psnr_v:63.68 
n:3346 mse_avg:0.04 mse_y:0.04 mse_u:0.02 mse_v:0.03 psnr_avg:62.48 psnr_y:61.74 psnr_u:65.19 psnr_v:63.83 
n:3347 mse_avg:0.04 mse_y:0.05 mse_u:0.02 mse_v:0.03 psnr_avg:62.29 psnr_y:61.58 psnr_u:64.99 psnr_v:63.51 
n:3348 mse_avg:0.04 mse_y:0.04 mse_u:0.02 mse_v:0.03 psnr_avg:62.52 psnr_y:61.81 psnr_u:65.17 psnr_v:63.79 
n:3349 mse_avg:0.04 mse_y:0.05 mse_u:0.02 mse_v:0.03 psnr_avg:61.86 psnr_y:61.11 psnr_u:64.85 psnr_v:63.14 
n:3350 mse_avg:0.04 mse_y:0.04 mse_u:0.02 mse_v:0.03 psnr_avg:62.58 psnr_y:61.87 psnr_u:65.26 psnr_v:63.80 
n:3351 mse_avg:0.04 mse_y:0.04 mse_u:0.02 mse_v:0.03 psnr_avg:62.53 psnr_y:61.87 psnr_u:65.01 psnr_v:63.66 
n:3352 mse_avg:0.04 mse_y:0.04 mse_u:0.02 mse_v:0.03 psnr_avg:62.59 psnr_y:61.87 psnr_u:65.25 psnr_v:63.87 
n:3353 mse_avg:0.04 mse_y:0.04 mse_u:0.02 mse_v:0.03 psnr_avg:62.53 psnr_y:61.83 psnr_u:65.14 psnr_v:63.72 
n:3354 mse_avg:0.04 mse_y:0.04 mse_u:0.02 mse_v:0.03 psnr_avg:62.43 psnr_y:61.71 psnr_u:65.06 psnr_v:63.80 
n:3355 mse_avg:0.04 mse_y:0.04 mse_u:0.02 mse_v:0.03 psnr_avg:62.33 psnr_y:61.64 psnr_u:65.04 psnr_v:63.46 
n:3356 mse_avg:0.04 mse_y:0.04 mse_u:0.02 mse_v:0.03 psnr_avg:62.52 psnr_y:61.82 psnr_u:65.16 psnr_v:63.76 
n:3357 mse_avg:0.04 mse_y:0.04 mse_u:0.02 mse_v:0.03 psnr_avg:62.54 psnr_y:61.84 psnr_u:65.27 psnr_v:63.73 
n:3358 mse_avg:0.04 mse_y:0.04 mse_u:0.02 mse_v:0.03 psnr_avg:62.60 psnr_y:61.89 psnr_u:65.27 psnr_v:63.89 
n:3359 mse_avg:0.04 mse_y:0.04 mse_u:0.02 mse_v:0.03 psnr_avg:62.43 psnr_y:61.69 psnr_u:65.12 psnr_v:63.84 
n:3360 mse_avg:0.04 mse_y:0.04 mse_u:0.02 mse_v:0.03 psnr_avg:62.66 psnr_y:61.96 psnr_u:65.24 psnr_v:63.89 
n:3361 mse_avg:0.04 mse_y:0.04 mse_u:0.02 mse_v:0.03 psnr_avg:62.55 psnr_y:61.85 psnr_u:65.17 psnr_v:63.79 
n:3362 mse_avg:0.04 mse_y:0.04 mse_u:0.02 mse_v:0.03 psnr_avg:62.56 psnr_y:61.84 psnr_u:65.20 psnr_v:63.89 
n:3363 mse_avg:0.04 mse_y:0.04 mse_u:0.02 mse_v:0.03 psnr_avg:62.45 psnr_y:61.70 psnr_u:65.29 psnr_v:63.81 
n:3364 mse_avg:0.04 mse_y:0.04 mse_u:0.02 mse_v:0.03 psnr_avg:62.47 psnr_y:61.73 psnr_u:65.29 psnr_v:63.85 
n:3365 mse_avg:0.04 mse_y:0.04 mse_u:0.02 mse_v:0.03 psnr_avg:62.39 psnr_y:61.64 psnr_u:65.34 psnr_v:63.75 
n:3366 mse_avg:0.04 mse_y:0.04 mse_u:0.02 mse_v:0.03 psnr_avg:62.65 psnr_y:61.92 psnr_u:65.46 psnr_v:63.97 
n:3367 mse_avg:0.04 mse_y:0.04 mse_u:0.02 mse_v:0.03 psnr_avg:62.61 psnr_y:61.89 psnr_u:65.22 psnr_v:63.95 
n:3368 mse_avg:0.04 mse_y:0.04 mse_u:0.02 mse_v:0.03 psnr_avg:62.69 psnr_y:61.95 psnr_u:65.42 psnr_v:64.05 
n:3369 mse_avg:0.03 mse_y:0.04 mse_u:0.02 mse_v:0.03 psnr_avg:62.75 psnr_y:62.01 psnr_u:65.51 psnr_v:64.10 
n:3370 mse_avg:0.03 mse_y:0.04 mse_u:0.02 mse_v:0.03 psnr_avg:62.75 psnr_y:62.01 psnr_u:65.56 psnr_v:64.13 
n:3371 mse_avg:0.04 mse_y:0.04 mse_u:0.02 mse_v:0.03 psnr_avg:62.62 psnr_y:61.86 psnr_u:65.60 psnr_v:64.02 
n:3372 mse_avg:0.03 mse_y:0.04 mse_u:0.02 mse_v:0.03 psnr_avg:62.83 psnr_y:62.11 psnr_u:65.64 psnr_v:64.04 
n:3373 mse_avg:0.03 mse_y:0.04 mse_u:0.02 mse_v:0.03 psnr_avg:62.82 psnr_y:62.09 psnr_u:65.64 psnr_v:64.06 
n:3374 mse_avg:0.03 mse_y:0.04 mse_u:0.02 mse_v:0.03 psnr_avg:62.80 psnr_y:62.07 psnr_u:65.68 psnr_v:64.07 
n:3375 mse_avg:0.04 mse_y:0.04 mse_u:0.02 mse_v:0.03 psnr_avg:62.63 psnr_y:61.88 psnr_u:65.70 psnr_v:63.83 
n:3376 mse_avg:0.03 mse_y:0.04 mse_u:0.02 mse_v:0.03 psnr_avg:62.78 psnr_y:62.05 psnr_u:65.68 psnr_v:64.06 
n:3377 mse_avg:0.04 mse_y:0.04 mse_u:0.02 mse_v:0.03 psnr_avg:62.55 psnr_y:61.76 psnr_u:65.68 psnr_v:64.01 
n:3378 mse_avg:0.03 mse_y:0.04 mse_u:0.02 mse_v:0.03 psnr_avg:62.75 psnr_y:62.01 psnr_u:65.68 psnr_v:64.01 
n:3379 mse_avg:0.04 mse_y:0.04 mse_u:0.02 mse_v:0.03 psnr_avg:62.56 psnr_y:61.79 psnr_u:65.70 psnr_v:63.84 
n:3380 mse_avg:0.03 mse_y:0.04 mse_u:0.02 mse_v:0.03 psnr_avg:62.78 psnr_y:62.05 psnr_u:65.67 psnr_v:64.07 
n:3381 mse_avg:0.03 mse_y:0.04 mse_u:0.02 mse_v:0.03 psnr_avg:62.72 psnr_y:61.97 psnr_u:65.72 psnr_v:63.95 
n:3382 mse_avg:0.03 mse_y:0.04 mse_u:0.02 mse_v:0.03 psnr_avg:62.85 psnr_y:62.11 psnr_u:65.79 psnr_v:64.08 
n:3383 mse_avg:0.04 mse_y:0.04 mse_u:0.02 mse_v:0.03 psnr_avg:62.66 psnr_y:61.91 psnr_u:65.78 psnr_v:63.88 
n:3384 mse_avg:0.03 mse_y:0.04 mse_u:0.02 mse_v:0.03 psnr_avg:62.78 psnr_y:62.05 psnr_u:65.72 psnr_v:63.98 
n:3385 mse_avg:0.04 mse_y:0.04 mse_u:0.02 mse_v:0.03 psnr_avg:62.58 psnr_y:61.83 psnr_u:65.61 psnr_v:63.85 
n:3386 mse_avg:0.04 mse_y:0.04 mse_u:0.02 mse_v:0.03 psnr_avg:62.65 psnr_y:61.90 psnr_u:65.75 psnr_v:63.89 
n:3387 mse_avg:0.04 mse_y:0.04 mse_u:0.02 mse_v:0.03 psnr_avg:62.43 psnr_y:61.65 psnr_u:65.70 psnr_v:63.75 
n:3388 mse_avg:0.04 mse_y:0.05 mse_u:0.02 mse_v:0.03 psnr_avg:61.78 psnr_y:60.91 psnr_u:65.41 psnr_v:63.47 
n:3389 mse_avg:0.03 mse_y:0.04 mse_u:0.02 mse_v:0.03 psnr_avg:62.76 psnr_y:62.02 psnr_u:65.74 psnr_v:63.97 
n:3390 mse_avg:0.04 mse_y:0.04 mse_u:0.02 mse_v:0.03 psnr_avg:62.46 psnr_y:61.70 psnr_u:65.67 psnr_v:63.63 
n:3391 mse_avg:0.04 mse_y:0.05 mse_u:0.02 mse_v:0.03 psnr_avg:61.91 psnr_y:61.05 psnr_u:65.50 psnr_v:63.49 
n:3392 mse_avg:0.04 mse_y:0.04 mse_u:0.02 mse_v:0.03 psnr_avg:62.65 psnr_y:61.89 psnr_u:65.74 psnr_v:63.90 
n:3393 mse_avg:0.04 mse_y:0.04 mse_u:0.02 mse_v:0.03 psnr_avg:62.38 psnr_y:61.60 psnr_u:65.64 psnr_v:63.66 
n:3394 mse_avg:0.04 mse_y:0.04 mse_u:0.02 mse_v:0.03 psnr_avg:62.58 psnr_y:61.81 psnr_u:65.70 psnr_v:63.89 
n:3395 mse_avg:0.04 mse_y:0.04 mse_u:0.02 mse_v:0.03 psnr_avg:62.47 psnr_y:61.69 psnr_u:65.73 psnr_v:63.80 
n:3396 mse_avg:0.04 mse_y:0.04 mse_u:0.02 mse_v:0.03 psnr_avg:62.55 psnr_y:61.79 psnr_u:65.67 psnr_v:63.87 
n:3397 mse_avg:0.04 mse_y:0.04 mse_u:0.02 mse_v:0.03 psnr_avg:62.42 psnr_y:61.64 psnr_u:65.63 psnr_v:63.76 
n:3398 mse_avg:0.04 mse_y:0.04 mse_u:0.02 mse_v:0.03 psnr_avg:62.48 psnr_y:61.69 psnr_u:65.62 psnr_v:63.90 
n:3399 mse_avg:0.04 mse_y:0.05 mse_u:0.02 mse_v:0.03 psnr_avg:62.26 psnr_y:61.45 psnr_u:65.57 psnr_v:63.70 
n:3400 mse_avg:0.04 mse_y:0.04 mse_u:0.02 mse_v:0.03 psnr_avg:62.43 psnr_y:61.64 psnr_u:65.68 psnr_v:63.77 
n:3401 mse_avg:1.66 mse_y:2.46 mse_u:0.02 mse_v:0.08 psnr_avg:45.94 psnr_y:44.22 psnr_u:65.27 psnr_v:59.33 
n:3402 mse_avg:1.99 mse_y:2.95 mse_u:0.02 mse_v:0.09 psnr_avg:45.14 psnr_y:43.43 psnr_u:64.16 psnr_v:58.49 
n:3403 mse_avg:2.46 mse_y:3.66 mse_u:0.03 mse_v:0.11 psnr_avg:44.22 psnr_y:42.50 psnr_u:64.10 psnr_v:57.67 
n:3404 mse_avg:0.04 mse_y:0.05 mse_u:0.02 mse_v:0.03 psnr_avg:62.10 psnr_y:61.26 psnr_u:65.57 psnr_v:63.63 
n:3405 mse_avg:0.78 mse_y:1.15 mse_u:0.02 mse_v:0.04 psnr_avg:49.24 psnr_y:47.54 psnr_u:65.09 psnr_v:61.68 
n:3406 mse_avg:2.15 mse_y:3.19 mse_u:0.02 mse_v:0.08 psnr_avg:44.81 psnr_y:43.09 psnr_u:64.79 psnr_v:58.95 
n:3407 mse_avg:2.15 mse_y:3.19 mse_u:0.02 mse_v:0.11 psnr_avg:44.81 psnr_y:43.10 psnr_u:64.17 psnr_v:57.87 
n:3408 mse_avg:2.85 mse_y:4.24 mse_u:0.03 mse_v:0.12 psnr_avg:43.59 psnr_y:41.86 psnr_u:63.96 psnr_v:57.46 
n:3409 mse_avg:3.02 mse_y:4.49 mse_u:0.03 mse_v:0.14 psnr_avg:43.33 psnr_y:41.61 psnr_u:63.71 psnr_v:56.61 
n:3410 mse_avg:457.99 mse_y:660.12 mse_u:13.74 mse_v:93.71 psnr_avg:21.52 psnr_y:19.93 psnr_u:36.75 psnr_v:28.41 
n:3411 mse_avg:451.14 mse_y:650.09 mse_u:13.76 mse_v:92.75 psnr_avg:21.59 psnr_y:20.00 psnr_u:36.75 psnr_v:28.46 
n:3412 mse_avg:449.67 mse_y:647.86 mse_u:13.81 mse_v:92.77 psnr_avg:21.60 psnr_y:20.02 psnr_u:36.73 psnr_v:28.46 
n:3413 mse_avg:452.61 mse_y:651.99 mse_u:13.86 mse_v:93.83 psnr_avg:21.57 psnr_y:19.99 psnr_u:36.71 psnr_v:28.41 
n:3414 mse_avg:448.90 mse_y:646.72 mse_u:13.85 mse_v:92.65 psnr_avg:21.61 psnr_y:20.02 psnr_u:36.72 psnr_v:28.46 
n:3415 mse_avg:448.60 mse_y:646.34 mse_u:13.94 mse_v:92.32 psnr_avg:21.61 psnr_y:20.03 psnr_u:36.69 psnr_v:28.48 
n:3416 mse_avg:451.84 mse_y:650.97 mse_u:13.97 mse_v:93.17 psnr_avg:21.58 psnr_y:20.00 psnr_u:36.68 psnr_v:28.44 
n:3417 mse_avg:448.56 mse_y:646.52 mse_u:13.79 mse_v:91.51 psnr_avg:21.61 psnr_y:20.02 psnr_u:36.74 psnr_v:28.52 
n:3418 mse_avg:451.29 mse_y:650.32 mse_u:13.89 mse_v:92.56 psnr_avg:21.59 psnr_y:20.00 psnr_u:36.70 psnr_v:28.47 
n:3419 mse_avg:448.36 mse_y:646.11 mse_u:13.94 mse_v:91.78 psnr_avg:21.61 psnr_y:20.03 psnr_u:36.69 psnr_v:28.50 
n:3420 mse_avg:448.17 mse_y:645.84 mse_u:14.02 mse_v:91.63 psnr_avg:21.62 psnr_y:20.03 psnr_u:36.66 psnr_v:28.51 
n:3421 mse_avg:450.78 mse_y:649.50 mse_u:14.08 mse_v:92.57 psnr_avg:21.59 psnr_y:20.00 psnr_u:36.65 psnr_v:28.47 
n:3422 mse_avg:447.88 mse_y:645.35 mse_u:14.04 mse_v:91.86 psnr_avg:21.62 psnr_y:20.03 psnr_u:36.66 psnr_v:28.50 
n:3423 mse_avg:448.56 mse_y:646.40 mse_u:13.96 mse_v:91.77 psnr_avg:21.61 psnr_y:20.03 psnr_u:36.68 psnr_v:28.50 
n:3424 mse_avg:450.80 mse_y:649.78 mse_u:14.02 mse_v:91.66 psnr_avg:21.59 psnr_y:20.00 psnr_u:36.66 psnr_v:28.51 
n:3425 mse_avg:448.02 mse_y:645.70 mse_u:13.95 mse_v:91.39 psnr_avg:21.62 psnr_y:20.03 psnr_u:36.69 psnr_v:28.52 
n:3426 mse_avg:448.46 mse_y:646.35 mse_u:13.90 mse_v:91.46 psnr_avg:21.61 psnr_y:20.03 psnr_u:36.70 psnr_v:28.52 
n:3427 mse_avg:450.30 mse_y:649.00 mse_u:13.92 mse_v:91.89 psnr_avg:21.60 psnr_y:20.01 psnr_u:36.70 psnr_v:28.50 
n:3428 mse_avg:448.16 mse_y:645.73 mse_u:13.88 mse_v:92.11 psnr_avg:21.62 psnr_y:20.03 psnr_u:36.71 psnr_v:28.49 
n:3429 mse_avg:448.67 mse_y:646.44 mse_u:13.83 mse_v:92.44 psnr_avg:21.61 psnr_y:20.03 psnr_u:36.72 psnr_v:28.47 
n:3430 mse_avg:450.86 mse_y:649.48 mse_u:13.88 mse_v:93.36 psnr_avg:21.59 psnr_y:20.01 psnr_u:36.71 psnr_v:28.43 
n:3431 mse_avg:447.89 mse_y:645.15 mse_u:13.68 mse_v:93.07 psnr_avg:21.62 psnr_y:20.03 psnr_u:36.77 psnr_v:28.44 
n:3432 mse_avg:451.29 mse_y:649.91 mse_u:13.93 mse_v:94.15 psnr_avg:21.59 psnr_y:20.00 psnr_u:36.69 psnr_v:28.39 
n:3433 mse_avg:448.13 mse_y:645.23 mse_u:13.84 mse_v:94.01 psnr_avg:21.62 psnr_y:20.03 psnr_u:36.72 psnr_v:28.40 
n:3434 mse_avg:448.60 mse_y:645.85 mse_u:13.87 mse_v:94.36 psnr_avg:21.61 psnr_y:20.03 psnr_u:36.71 psnr_v:28.38 
n:3435 mse_avg:451.30 mse_y:649.64 mse_u:13.90 mse_v:95.32 psnr_avg:21.59 psnr_y:20.00 psnr_u:36.70 psnr_v:28.34 
n:3436 mse_avg:448.55 mse_y:645.71 mse_u:13.80 mse_v:94.64 psnr_avg:21.61 psnr_y:20.03 psnr_u:36.73 psnr_v:28.37 
n:3437 mse_avg:448.53 mse_y:645.61 mse_u:13.83 mse_v:94.91 psnr_avg:21.61 psnr_y:20.03 psnr_u:36.72 psnr_v:28.36 
n:3438 mse_avg:450.79 mse_y:648.85 mse_u:13.87 mse_v:95.44 psnr_avg:21.59 psnr_y:20.01 psnr_u:36.71 psnr_v:28.33 
n:3439 mse_avg:448.54 mse_y:645.68 mse_u:13.80 mse_v:94.73 psnr_avg:21.61 psnr_y:20.03 psnr_u:36.73 psnr_v:28.37 
n:3440 mse_avg:448.64 mse_y:645.79 mse_u:13.76 mse_v:94.94 psnr_avg:21.61 psnr_y:20.03 psnr_u:36.74 psnr_v:28.36 
n:3441 mse_avg:451.40 mse_y:649.76 mse_u:13.78 mse_v:95.60 psnr_avg:21.59 psnr_y:20.00 psnr_u:36.74 psnr_v:28.33 
n:3442 mse_avg:448.70 mse_y:645.87 mse_u:13.71 mse_v:95.04 psnr_avg:21.61 psnr_y:20.03 psnr_u:36.76 psnr_v:28.35 
n:3443 mse_avg:449.33 mse_y:646.58 mse_u:13.77 mse_v:95.91 psnr_avg:21.61 psnr_y:20.02 psnr_u:36.74 psnr_v:28.31 
n:3444 mse_avg:452.11 mse_y:650.63 mse_u:13.78 mse_v:96.35 psnr_avg:21.58 psnr_y:20.00 psnr_u:36.74 psnr_v:28.29 
n:3445 mse_avg:449.66 mse_y:647.09 mse_u:13.79 mse_v:95.83 psnr_avg:21.60 psnr_y:20.02 psnr_u:36.74 psnr_v:28.32 
n:3446 mse_avg:450.85 mse_y:648.71 mse_u:13.78 mse_v:96.48 psnr_avg:21.59 psnr_y:20.01 psnr_u:36.74 psnr_v:28.29 
n:3447 mse_avg:454.36 mse_y:653.81 mse_u:13.81 mse_v:97.14 psnr_avg:21.56 psnr_y:19.98 psnr_u:36.73 psnr_v:28.26 
n:3448 mse_avg:451.65 mse_y:650.01 mse_u:13.79 mse_v:96.07 psnr_avg:21.58 psnr_y:20.00 psnr_u:36.74 psnr_v:28.30 
n:3449 mse_avg:452.97 mse_y:651.94 mse_u:13.83 mse_v:96.21 psnr_avg:21.57 psnr_y:19.99 psnr_u:36.72 psnr_v:28.30 
n:3450 mse_avg:457.05 mse_y:657.87 mse_u:13.83 mse_v:97.01 psnr_avg:21.53 psnr_y:19.95 psnr_u:36.72 psnr_v:28.26 
n:3451 mse_avg:454.92 mse_y:654.84 mse_u:13.77 mse_v:96.38 psnr_avg:21.55 psnr_y:19.97 psnr_u:36.74 psnr_v:28.29 
n:3452 mse_avg:455.73 mse_y:655.99 mse_u:13.79 mse_v:96.61 psnr_avg:21.54 psnr_y:19.96 psnr_u:36.74 psnr_v:28.28 
n:3453 mse_avg:460.80 mse_y:663.45 mse_u:13.76 mse_v:97.24 psnr_avg:21.50 psnr_y:19.91 psnr_u:36.74 psnr_v:28.25 
n:3454 mse_avg:458.49 mse_y:660.08 mse_u:13.73 mse_v:96.92 psnr_avg:21.52 psnr_y:19.93 psnr_u:36.76 psnr_v:28.27 
n:3455 mse_avg:460.36 mse_y:662.81 mse_u:13.72 mse_v:97.21 psnr_avg:21.50 psnr_y:19.92 psnr_u:36.76 psnr_v:28.25 
n:3456 mse_avg:466.28 mse_y:671.46 mse_u:13.73 mse_v:98.12 psnr_avg:21.44 psnr_y:19.86 psnr_u:36.75 psnr_v:28.21 
n:3457 mse_avg:463.54 mse_y:667.51 mse_u:13.67 mse_v:97.54 psnr_avg:21.47 psnr_y:19.89 psnr_u:36.77 psnr_v:28.24 
n:3458 mse_avg:467.06 mse_y:672.70 mse_u:13.65 mse_v:97.89 psnr_avg:21.44 psnr_y:19.85 psnr_u:36.78 psnr_v:28.22 
n:3459 mse_avg:472.69 mse_y:680.87 mse_u:13.66 mse_v:98.97 psnr_avg:21.39 psnr_y:19.80 psnr_u:36.78 psnr_v:28.18 
n:3460 mse_avg:471.98 mse_y:679.93 mse_u:13.55 mse_v:98.60 psnr_avg:21.39 psnr_y:19.81 psnr_u:36.81 psnr_v:28.19 
n:3461 mse_avg:475.47 mse_y:685.06 mse_u:13.49 mse_v:99.08 psnr_avg:21.36 psnr_y:19.77 psnr_u:36.83 psnr_v:28.17 
n:3462 mse_avg:481.57 mse_y:693.98 mse_u:13.55 mse_v:99.96 psnr_avg:21.30 psnr_y:19.72 psnr_u:36.81 psnr_v:28.13 
n:3463 mse_avg:481.97 mse_y:694.59 mse_u:13.54 mse_v:99.93 psnr_avg:21.30 psnr_y:19.71 psnr_u:36.82 psnr_v:28.13 
n:3464 mse_avg:485.66 mse_y:699.96 mse_u:13.61 mse_v:100.52 psnr_avg:21.27 psnr_y:19.68 psnr_u:36.79 psnr_v:28.11 
n:3465 mse_avg:491.98 mse_y:709.18 mse_u:13.75 mse_v:101.40 psnr_avg:21.21 psnr_y:19.62 psnr_u:36.75 psnr_v:28.07 
n:3466 mse_avg:493.56 mse_y:711.80 mse_u:13.69 mse_v:100.48 psnr_avg:21.20 psnr_y:19.61 psnr_u:36.77 psnr_v:28.11 
n:3467 mse_avg:497.46 mse_y:717.44 mse_u:13.76 mse_v:101.26 psnr_avg:21.16 psnr_y:19.57 psnr_u:36.74 psnr_v:28.08 
n:3468 mse_avg:504.26 mse_y:727.31 mse_u:13.82 mse_v:102.48 psnr_avg:21.10 psnr_y:19.51 psnr_u:36.73 psnr_v:28.02 
n:3469 mse_avg:505.61 mse_y:729.40 mse_u:13.81 mse_v:102.24 psnr_avg:21.09 psnr_y:19.50 psnr_u:36.73 psnr_v:28.03 
n:3470 mse_avg:510.21 mse_y:735.83 mse_u:13.97 mse_v:104.00 psnr_avg:21.05 psnr_y:19.46 psnr_u:36.68 psnr_v:27.96 
n:3471 mse_avg:517.76 mse_y:746.70 mse_u:14.11 mse_v:105.62 psnr_avg:20.99 psnr_y:19.40 psnr_u:36.63 psnr_v:27.89 
n:3472 mse_avg:519.77 mse_y:749.78 mse_u:14.15 mse_v:105.35 psnr_avg:20.97 psnr_y:19.38 psnr_u:36.62 psnr_v:27.90 
n:3473 mse_avg:524.38 mse_y:756.35 mse_u:14.30 mse_v:106.60 psnr_avg:20.93 psnr_y:19.34 psnr_u:36.58 psnr_v:27.85 
n:3474 mse_avg:530.16 mse_y:764.79 mse_u:14.40 mse_v:107.42 psnr_avg:20.89 psnr_y:19.30 psnr_u:36.55 psnr_v:27.82 
n:3475 mse_avg:543.04 mse_y:783.40 mse_u:14.89 mse_v:109.75 psnr_avg:20.78 psnr_y:19.19 psnr_u:36.40 psnr_v:27.73 
n:3476 mse_avg:542.47 mse_y:782.60 mse_u:14.89 mse_v:109.51 psnr_avg:20.79 psnr_y:19.20 psnr_u:36.40 psnr_v:27.74 
n:3477 mse_avg:547.43 mse_y:789.70 mse_u:15.06 mse_v:110.76 psnr_avg:20.75 psnr_y:19.16 psnr_u:36.35 psnr_v:27.69 
n:3478 mse_avg:554.39 mse_y:799.47 mse_u:15.36 mse_v:113.07 psnr_avg:20.69 psnr_y:19.10 psnr_u:36.27 psnr_v:27.60 
n:3479 mse_avg:556.38 mse_y:802.22 mse_u:15.27 mse_v:114.16 psnr_avg:20.68 psnr_y:19.09 psnr_u:36.29 psnr_v:27.56 
n:3480 mse_avg:561.65 mse_y:809.48 mse_u:15.58 mse_v:116.42 psnr_avg:20.64 psnr_y:19.05 psnr_u:36.21 psnr_v:27.47 
n:3481 mse_avg:564.13 mse_y:812.74 mse_u:15.52 mse_v:118.31 psnr_avg:20.62 psnr_y:19.03 psnr_u:36.22 psnr_v:27.40 
n:3482 mse_avg:568.22 mse_y:818.03 mse_u:15.80 mse_v:121.39 psnr_avg:20.59 psnr_y:19.00 psnr_u:36.14 psnr_v:27.29 
n:3483 mse_avg:575.45 mse_y:828.03 mse_u:16.01 mse_v:124.57 psnr_avg:20.53 psnr_y:18.95 psnr_u:36.09 psnr_v:27.18 
n:3484 mse_avg:575.83 mse_y:828.18 mse_u:16.09 mse_v:126.19 psnr_avg:20.53 psnr_y:18.95 psnr_u:36.07 psnr_v:27.12 
n:3485 mse_avg:577.63 mse_y:830.07 mse_u:16.49 mse_v:129.03 psnr_avg:20.51 psnr_y:18.94 psnr_u:35.96 psnr_v:27.02 
n:3486 mse_avg:583.14 mse_y:837.24 mse_u:16.88 mse_v:133.01 psnr_avg:20.47 psnr_y:18.90 psnr_u:35.86 psnr_v:26.89 
n:3487 mse_avg:583.75 mse_y:837.53 mse_u:17.08 mse_v:135.29 psnr_avg:20.47 psnr_y:18.90 psnr_u:35.80 psnr_v:26.82 
n:3488 mse_avg:587.24 mse_y:841.85 mse_u:17.42 mse_v:138.62 psnr_avg:20.44 psnr_y:18.88 psnr_u:35.72 psnr_v:26.71 
n:3489 mse_avg:592.60 mse_y:848.67 mse_u:17.97 mse_v:142.97 psnr_avg:20.40 psnr_y:18.84 psnr_u:35.59 psnr_v:26.58 
n:3490 mse_avg:593.08 mse_y:848.34 mse_u:18.10 mse_v:147.02 psnr_avg:20.40 psnr_y:18.85 psnr_u:35.55 psnr_v:26.46 
n:3491 mse_avg:594.32 mse_y:849.55 mse_u:18.52 mse_v:149.20 psnr_avg:20.39 psnr_y:18.84 psnr_u:35.45 psnr_v:26.39 
n:3492 mse_avg:597.98 mse_y:853.70 mse_u:19.02 mse_v:154.05 psnr_avg:20.36 psnr_y:18.82 psnr_u:35.34 psnr_v:26.25 
n:3493 mse_avg:598.42 mse_y:853.46 mse_u:19.07 mse_v:157.63 psnr_avg:20.36 psnr_y:18.82 psnr_u:35.33 psnr_v:26.15 
n:3494 mse_avg:599.20 mse_y:853.59 mse_u:19.37 mse_v:161.44 psnr_avg:20.36 psnr_y:18.82 psnr_u:35.26 psnr_v:26.05 
n:3495 mse_avg:602.08 mse_y:857.01 mse_u:19.65 mse_v:164.76 psnr_avg:20.33 psnr_y:18.80 psnr_u:35.20 psnr_v:25.96 
n:3496 mse_avg:599.54 mse_y:852.40 mse_u:19.36 mse_v:168.30 psnr_avg:20.35 psnr_y:18.82 psnr_u:35.26 psnr_v:25.87 
n:3497 mse_avg:603.45 mse_y:857.10 mse_u:20.13 mse_v:172.16 psnr_avg:20.32 psnr_y:18.80 psnr_u:35.09 psnr_v:25.77 
n:3498 mse_avg:601.89 mse_y:853.96 mse_u:19.84 mse_v:175.62 psnr_avg:20.34 psnr_y:18.82 psnr_u:35.15 psnr_v:25.69 
n:3499 mse_avg:602.21 mse_y:853.71 mse_u:20.41 mse_v:178.01 psnr_avg:20.33 psnr_y:18.82 psnr_u:35.03 psnr_v:25.63 
n:3500 mse_avg:604.52 mse_y:856.18 mse_u:20.59 mse_v:181.78 psnr_avg:20.32 psnr_y:18.81 psnr_u:35.00 psnr_v:25.54 
n:3501 mse_avg:603.17 mse_y:853.43 mse_u:20.18 mse_v:185.13 psnr_avg:20.33 psnr_y:18.82 psnr_u:35.08 psnr_v:25.46 
n:3502 mse_avg:606.77 mse_y:857.60 mse_u:20.93 mse_v:189.32 psnr_avg:20.30 psnr_y:18.80 psnr_u:34.92 psnr_v:25.36 
n:3503 mse_avg:605.00 mse_y:854.00 mse_u:20.44 mse_v:193.57 psnr_avg:20.31 psnr_y:18.82 psnr_u:35.03 psnr_v:25.26 
n:3504 mse_avg:607.58 mse_y:856.75 mse_u:20.66 mse_v:197.85 psnr_avg:20.29 psnr_y:18.80 psnr_u:34.98 psnr_v:25.17 
n:3505 mse_avg:611.79 mse_y:861.56 mse_u:21.11 mse_v:203.38 psnr_avg:20.26 psnr_y:18.78 psnr_u:34.89 psnr_v:25.05 
n:3506 mse_avg:611.09 mse_y:859.99 mse_u:21.23 mse_v:205.38 psnr_avg:20.27 psnr_y:18.79 psnr_u:34.86 psnr_v:25.01 
n:3507 mse_avg:614.12 mse_y:863.53 mse_u:22.04 mse_v:208.53 psnr_avg:20.25 psnr_y:18.77 psnr_u:34.70 psnr_v:24.94 
n:3508 mse_avg:619.31 mse_y:870.04 mse_u:22.46 mse_v:213.23 psnr_avg:20.21 psnr_y:18.74 psnr_u:34.62 psnr_v:24.84 
n:3509 mse_avg:615.66 mse_y:863.72 mse_u:22.68 mse_v:216.42 psnr_avg:20.24 psnr_y:18.77 psnr_u:34.57 psnr_v:24.78 
n:3510 mse_avg:614.56 mse_y:861.10 mse_u:23.57 mse_v:219.40 psnr_avg:20.25 psnr_y:18.78 psnr_u:34.41 psnr_v:24.72 
n:3511 mse_avg:621.46 mse_y:869.84 mse_u:24.82 mse_v:224.60 psnr_avg:20.20 psnr_y:18.74 psnr_u:34.18 psnr_v:24.62 
n:3512 mse_avg:620.81 mse_y:867.96 mse_u:24.81 mse_v:228.25 psnr_avg:20.20 psnr_y:18.75 psnr_u:34.19 psnr_v:24.55 
n:3513 mse_avg:620.55 mse_y:866.77 mse_u:25.44 mse_v:230.79 psnr_avg:20.20 psnr_y:18.75 psnr_u:34.08 psnr_v:24.50 
n:3514 mse_avg:624.07 mse_y:870.76 mse_u:26.19 mse_v:235.19 psnr_avg:20.18 psnr_y:18.73 psnr_u:33.95 psnr_v:24.42 
n:3515 mse_avg:622.52 mse_y:868.15 mse_u:26.75 mse_v:235.79 psnr_avg:20.19 psnr_y:18.74 psnr_u:33.86 psnr_v:24.41 
n:3516 mse_avg:623.82 mse_y:869.73 mse_u:27.70 mse_v:236.28 psnr_avg:20.18 psnr_y:18.74 psnr_u:33.71 psnr_v:24.40 
n:3517 mse_avg:628.53 mse_y:875.58 mse_u:28.33 mse_v:240.54 psnr_avg:20.15 psnr_y:18.71 psnr_u:33.61 psnr_v:24.32 
n:3518 mse_avg:628.85 mse_y:874.75 mse_u:28.66 mse_v:245.47 psnr_avg:20.15 psnr_y:18.71 psnr_u:33.56 psnr_v:24.23 
n:3519 mse_avg:630.84 mse_y:876.56 mse_u:29.47 mse_v:249.33 psnr_avg:20.13 psnr_y:18.70 psnr_u:33.44 psnr_v:24.16 
n:3520 mse_avg:636.04 mse_y:883.08 mse_u:30.30 mse_v:253.64 psnr_avg:20.10 psnr_y:18.67 psnr_u:33.32 psnr_v:24.09 
n:3521 mse_avg:632.65 mse_y:877.60 mse_u:30.60 mse_v:254.92 psnr_avg:20.12 psnr_y:18.70 psnr_u:33.27 psnr_v:24.07 
n:3522 mse_avg:632.65 mse_y:877.35 mse_u:30.89 mse_v:255.59 psnr_avg:20.12 psnr_y:18.70 psnr_u:33.23 psnr_v:24.06 
n:3523 mse_avg:637.06 mse_y:882.85 mse_u:31.40 mse_v:259.53 psnr_avg:20.09 psnr_y:18.67 psnr_u:33.16 psnr_v:23.99 
n:3524 mse_avg:635.30 mse_y:879.81 mse_u:31.66 mse_v:260.91 psnr_avg:20.10 psnr_y:18.69 psnr_u:33.13 psnr_v:23.97 
n:3525 mse_avg:636.59 mse_y:881.53 mse_u:31.73 mse_v:261.71 psnr_avg:20.09 psnr_y:18.68 psnr_u:33.12 psnr_v:23.95 
n:3526 mse_avg:641.18 mse_y:887.35 mse_u:32.26 mse_v:265.43 psnr_avg:20.06 psnr_y:18.65 psnr_u:33.04 psnr_v:23.89 
n:3527 mse_avg:638.77 mse_y:884.03 mse_u:31.95 mse_v:264.59 psnr_avg:20.08 psnr_y:18.67 psnr_u:33.09 psnr_v:23.90 
n:3528 mse_avg:643.60 mse_y:890.84 mse_u:31.29 mse_v:266.96 psnr_avg:20.04 psnr_y:18.63 psnr_u:33.18 psnr_v:23.87 
n:3529 mse_avg:651.20 mse_y:902.28 mse_u:31.27 mse_v:266.81 psnr_avg:19.99 psnr_y:18.58 psnr_u:33.18 psnr_v:23.87 
n:3530 mse_avg:658.99 mse_y:914.59 mse_u:30.22 mse_v:265.40 psnr_avg:19.94 psnr_y:18.52 psnr_u:33.33 psnr_v:23.89 
n:3531 mse_avg:671.23 mse_y:933.08 mse_u:29.46 mse_v:265.59 psnr_avg:19.86 psnr_y:18.43 psnr_u:33.44 psnr_v:23.89 
n:3532 mse_avg:690.17 mse_y:961.66 mse_u:29.19 mse_v:265.19 psnr_avg:19.74 psnr_y:18.30 psnr_u:33.48 psnr_v:23.90 
n:3533 mse_avg:692.16 mse_y:965.20 mse_u:28.30 mse_v:263.83 psnr_avg:19.73 psnr_y:18.28 psnr_u:33.61 psnr_v:23.92 
n:3534 mse_avg:707.17 mse_y:988.11 mse_u:28.15 mse_v:262.44 psnr_avg:19.64 psnr_y:18.18 psnr_u:33.64 psnr_v:23.94 
n:3535 mse_avg:719.34 mse_y:1007.12 mse_u:27.86 mse_v:259.72 psnr_avg:19.56 psnr_y:18.10 psnr_u:33.68 psnr_v:23.99 
n:3536 mse_avg:744.36 mse_y:1043.34 mse_u:28.17 mse_v:264.65 psnr_avg:19.41 psnr_y:17.95 psnr_u:33.63 psnr_v:23.90 
n:3537 mse_avg:761.12 mse_y:1068.01 mse_u:29.12 mse_v:265.53 psnr_avg:19.32 psnr_y:17.85 psnr_u:33.49 psnr_v:23.89 
n:3538 mse_avg:785.18 mse_y:1101.46 mse_u:30.56 mse_v:274.69 psnr_avg:19.18 psnr_y:17.71 psnr_u:33.28 psnr_v:23.74 
n:3539 mse_avg:812.23 mse_y:1138.76 mse_u:32.68 mse_v:285.70 psnr_avg:19.03 psnr_y:17.57 psnr_u:32.99 psnr_v:23.57 
n:3540 mse_avg:826.37 mse_y:1157.25 mse_u:34.14 mse_v:295.04 psnr_avg:18.96 psnr_y:17.50 psnr_u:32.80 psnr_v:23.43 
n:3541 mse_avg:848.10 mse_y:1185.55 mse_u:35.77 mse_v:310.59 psnr_avg:18.85 psnr_y:17.39 psnr_u:32.60 psnr_v:23.21 
n:3542 mse_avg:873.53 mse_y:1218.69 mse_u:37.68 mse_v:328.75 psnr_avg:18.72 psnr_y:17.27 psnr_u:32.37 psnr_v:22.96 
n:3543 mse_avg:892.18 mse_y:1243.09 mse_u:39.42 mse_v:341.30 psnr_avg:18.63 psnr_y:17.19 psnr_u:32.17 psnr_v:22.80 
n:3544 mse_avg:916.18 mse_y:1273.50 mse_u:41.94 mse_v:361.18 psnr_avg:18.51 psnr_y:17.08 psnr_u:31.90 psnr_v:22.55 
n:3545 mse_avg:944.26 mse_y:1310.29 mse_u:44.08 mse_v:380.30 psnr_avg:18.38 psnr_y:16.96 psnr_u:31.69 psnr_v:22.33 
n:3546 mse_avg:957.24 mse_y:1326.15 mse_u:45.86 mse_v:393.00 psnr_avg:18.32 psnr_y:16.90 psnr_u:31.52 psnr_v:22.19 
n:3547 mse_avg:979.93 mse_y:1354.41 mse_u:48.27 mse_v:413.67 psnr_avg:18.22 psnr_y:16.81 psnr_u:31.29 psnr_v:21.96 
n:3548 mse_avg:1000.30 mse_y:1380.15 mse_u:50.29 mse_v:430.89 psnr_avg:18.13 psnr_y:16.73 psnr_u:31.12 psnr_v:21.79 
n:3549 mse_avg:1010.23 mse_y:1391.43 mse_u:52.00 mse_v:443.64 psnr_avg:18.09 psnr_y:16.70 psnr_u:30.97 psnr_v:21.66 
n:3550 mse_avg:1028.60 mse_y:1414.49 mse_u:54.09 mse_v:459.57 psnr_avg:18.01 psnr_y:16.62 psnr_u:30.80 psnr_v:21.51 
n:3551 mse_avg:1045.58 mse_y:1436.20 mse_u:55.44 mse_v:473.22 psnr_avg:17.94 psnr_y:16.56 psnr_u:30.69 psnr_v:21.38 
n:3552 mse_avg:1053.96 mse_y:1446.26 mse_u:56.34 mse_v:482.36 psnr_avg:17.90 psnr_y:16.53 psnr_u:30.62 psnr_v:21.30 
n:3553 mse_avg:1070.24 mse_y:1466.56 mse_u:57.58 mse_v:497.65 psnr_avg:17.84 psnr_y:16.47 psnr_u:30.53 psnr_v:21.16 
n:3554 mse_avg:1085.28 mse_y:1486.19 mse_u:58.53 mse_v:508.43 psnr_avg:17.78 psnr_y:16.41 psnr_u:30.46 psnr_v:21.07 
n:3555 mse_avg:1089.70 mse_y:1490.89 mse_u:59.34 mse_v:515.29 psnr_avg:17.76 psnr_y:16.40 psnr_u:30.40 psnr_v:21.01 
n:3556 mse_avg:1105.02 mse_y:1510.03 mse_u:60.61 mse_v:529.40 psnr_avg:17.70 psnr_y:16.34 psnr_u:30.31 psnr_v:20.89 
n:3557 mse_avg:1115.98 mse_y:1523.28 mse_u:61.57 mse_v:541.21 psnr_avg:17.65 psnr_y:16.30 psnr_u:30.24 psnr_v:20.80 
n:3558 mse_avg:1114.92 mse_y:1520.28 mse_u:62.63 mse_v:545.77 psnr_avg:17.66 psnr_y:16.31 psnr_u:30.16 psnr_v:20.76 
n:3559 mse_avg:1131.53 mse_y:1541.76 mse_u:62.44 mse_v:559.69 psnr_avg:17.59 psnr_y:16.25 psnr_u:30.18 psnr_v:20.65 
n:3560 mse_avg:1132.65 mse_y:1541.85 mse_u:63.13 mse_v:565.33 psnr_avg:17.59 psnr_y:16.25 psnr_u:30.13 psnr_v:20.61 
n:3561 mse_avg:1147.30 mse_y:1560.84 mse_u:62.82 mse_v:577.65 psnr_avg:17.53 psnr_y:16.20 psnr_u:30.15 psnr_v:20.51 
n:3562 mse_avg:1146.17 mse_y:1557.87 mse_u:62.99 mse_v:582.54 psnr_avg:17.54 psnr_y:16.21 psnr_u:30.14 psnr_v:20.48 
n:3563 mse_avg:1162.22 mse_y:1579.00 mse_u:63.03 mse_v:594.26 psnr_avg:17.48 psnr_y:16.15 psnr_u:30.14 psnr_v:20.39 
n:3564 mse_avg:1172.34 mse_y:1592.16 mse_u:63.40 mse_v:602.03 psnr_avg:17.44 psnr_y:16.11 psnr_u:30.11 psnr_v:20.33 
n:3565 mse_avg:1170.26 mse_y:1588.38 mse_u:63.89 mse_v:604.16 psnr_avg:17.45 psnr_y:16.12 psnr_u:30.08 psnr_v:20.32 
n:3566 mse_avg:1182.99 mse_y:1605.61 mse_u:63.90 mse_v:611.62 psnr_avg:17.40 psnr_y:16.07 psnr_u:30.08 psnr_v:20.27 
n:3567 mse_avg:1180.68 mse_y:1601.35 mse_u:64.61 mse_v:614.05 psnr_avg:17.41 psnr_y:16.09 psnr_u:30.03 psnr_v:20.25 
n:3568 mse_avg:1189.77 mse_y:1613.39 mse_u:64.77 mse_v:620.27 psnr_avg:17.38 psnr_y:16.05 psnr_u:30.02 psnr_v:20.20 
n:3569 mse_avg:1189.91 mse_y:1612.84 mse_u:65.15 mse_v:622.97 psnr_avg:17.38 psnr_y:16.05 psnr_u:29.99 psnr_v:20.19 
n:3570 mse_avg:1195.29 mse_y:1619.67 mse_u:65.60 mse_v:627.46 psnr_avg:17.36 psnr_y:16.04 psnr_u:29.96 psnr_v:20.15 
n:3571 mse_avg:1202.39 mse_y:1629.22 mse_u:65.95 mse_v:631.53 psnr_avg:17.33 psnr_y:16.01 psnr_u:29.94 psnr_v:20.13 
n:3572 mse_avg:1199.09 mse_y:1623.73 mse_u:66.05 mse_v:633.59 psnr_avg:17.34 psnr_y:16.03 psnr_u:29.93 psnr_v:20.11 
n:3573 mse_avg:1203.97 mse_y:1630.26 mse_u:66.48 mse_v:636.27 psnr_avg:17.32 psnr_y:16.01 psnr_u:29.90 psnr_v:20.09 
n:3574 mse_avg:1210.77 mse_y:1639.55 mse_u:66.65 mse_v:639.74 psnr_avg:17.30 psnr_y:15.98 psnr_u:29.89 psnr_v:20.07 
n:3575 mse_avg:1207.88 mse_y:1634.59 mse_u:66.88 mse_v:642.03 psnr_avg:17.31 psnr_y:16.00 psnr_u:29.88 psnr_v:20.06 
n:3576 mse_avg:1211.96 mse_y:1640.35 mse_u:67.15 mse_v:643.21 psnr_avg:17.30 psnr_y:15.98 psnr_u:29.86 psnr_v:20.05 
n:3577 mse_avg:1217.82 mse_y:1648.62 mse_u:67.25 mse_v:645.18 psnr_avg:17.27 psnr_y:15.96 psnr_u:29.85 psnr_v:20.03 
n:3578 mse_avg:1213.72 mse_y:1642.27 mse_u:67.30 mse_v:645.91 psnr_avg:17.29 psnr_y:15.98 psnr_u:29.85 psnr_v:20.03 
n:3579 mse_avg:1215.58 mse_y:1644.87 mse_u:67.51 mse_v:646.52 psnr_avg:17.28 psnr_y:15.97 psnr_u:29.84 psnr_v:20.02 
n:3580 mse_avg:1220.66 mse_y:1652.28 mse_u:67.52 mse_v:647.36 psnr_avg:17.26 psnr_y:15.95 psnr_u:29.84 psnr_v:20.02 
n:3581 mse_avg:1213.23 mse_y:1641.50 mse_u:68.07 mse_v:645.34 psnr_avg:17.29 psnr_y:15.98 psnr_u:29.80 psnr_v:20.03 
n:3582 mse_avg:1220.77 mse_y:1652.49 mse_u:67.98 mse_v:646.67 psnr_avg:17.26 psnr_y:15.95 psnr_u:29.81 psnr_v:20.02 
n:3583 mse_avg:1215.80 mse_y:1645.39 mse_u:67.98 mse_v:645.25 psnr_avg:17.28 psnr_y:15.97 psnr_u:29.81 psnr_v:20.03 
n:3584 mse_avg:1218.13 mse_y:1648.94 mse_u:68.06 mse_v:644.97 psnr_avg:17.27 psnr_y:15.96 psnr_u:29.80 psnr_v:20.04 
n:3585 mse_avg:1223.60 mse_y:1657.05 mse_u:68.19 mse_v:645.25 psnr_avg:17.25 psnr_y:15.94 psnr_u:29.79 psnr_v:20.03 
n:3586 mse_avg:1220.07 mse_y:1651.39 mse_u:68.31 mse_v:646.53 psnr_avg:17.27 psnr_y:15.95 psnr_u:29.79 psnr_v:20.02 
n:3587 mse_avg:1221.88 mse_y:1654.13 mse_u:68.31 mse_v:646.42 psnr_avg:17.26 psnr_y:15.95 psnr_u:29.79 psnr_v:20.03 
n:3588 mse_avg:1227.42 mse_y:1662.33 mse_u:68.24 mse_v:646.92 psnr_avg:17.24 psnr_y:15.92 psnr_u:29.79 psnr_v:20.02 
n:3589 mse_avg:1223.17 mse_y:1655.94 mse_u:68.37 mse_v:646.87 psnr_avg:17.26 psnr_y:15.94 psnr_u:29.78 psnr_v:20.02 
n:3590 mse_avg:1222.91 mse_y:1655.65 mse_u:68.31 mse_v:646.55 psnr_avg:17.26 psnr_y:15.94 psnr_u:29.79 psnr_v:20.02 
n:3591 mse_avg:1228.22 mse_y:1663.38 mse_u:68.36 mse_v:647.45 psnr_avg:17.24 psnr_y:15.92 psnr_u:29.78 psnr_v:20.02 
n:3592 mse_avg:1223.99 mse_y:1656.80 mse_u:68.48 mse_v:648.29 psnr_avg:17.25 psnr_y:15.94 psnr_u:29.78 psnr_v:20.01 
n:3593 mse_avg:1224.71 mse_y:1657.41 mse_u:68.43 mse_v:650.17 psnr_avg:17.25 psnr_y:15.94 psnr_u:29.78 psnr_v:20.00 
n:3594 mse_avg:1229.08 mse_y:1663.52 mse_u:68.61 mse_v:651.82 psnr_avg:17.23 psnr_y:15.92 psnr_u:29.77 psnr_v:19.99 
n:3595 mse_avg:1225.09 mse_y:1657.27 mse_u:68.67 mse_v:652.82 psnr_avg:17.25 psnr_y:15.94 psnr_u:29.76 psnr_v:19.98 
n:3596 mse_avg:1227.78 mse_y:1661.06 mse_u:68.76 mse_v:653.70 psnr_avg:17.24 psnr_y:15.93 psnr_u:29.76 psnr_v:19.98 
n:3597 mse_avg:1232.60 mse_y:1667.98 mse_u:68.84 mse_v:654.81 psnr_avg:17.22 psnr_y:15.91 psnr_u:29.75 psnr_v:19.97 
n:3598 mse_avg:1228.22 mse_y:1661.01 mse_u:68.87 mse_v:656.43 psnr_avg:17.24 psnr_y:15.93 psnr_u:29.75 psnr_v:19.96 
n:3599 mse_avg:1229.94 mse_y:1663.36 mse_u:68.89 mse_v:657.33 psnr_avg:17.23 psnr_y:15.92 psnr_u:29.75 psnr_v:19.95 
n:3600 mse_avg:1235.29 mse_y:1671.06 mse_u:68.99 mse_v:658.52 psnr_avg:17.21 psnr_y:15.90 psnr_u:29.74 psnr_v:19.95 
n:3601 mse_avg:1228.06 mse_y:1660.25 mse_u:69.52 mse_v:657.84 psnr_avg:17.24 psnr_y:15.93 psnr_u:29.71 psnr_v:19.95 
n:3602 mse_avg:1235.47 mse_y:1670.39 mse_u:69.31 mse_v:661.96 psnr_avg:17.21 psnr_y:15.90 psnr_u:29.72 psnr_v:19.92 
n:3603 mse_avg:1230.75 mse_y:1663.56 mse_u:69.85 mse_v:660.45 psnr_avg:17.23 psnr_y:15.92 psnr_u:29.69 psnr_v:19.93 
n:3604 mse_avg:1238.58 mse_y:1674.84 mse_u:69.51 mse_v:662.57 psnr_avg:17.20 psnr_y:15.89 psnr_u:29.71 psnr_v:19.92 
n:3605 mse_avg:1232.00 mse_y:1664.75 mse_u:70.15 mse_v:662.85 psnr_avg:17.22 psnr_y:15.92 psnr_u:29.67 psnr_v:19.92 
n:3606 mse_avg:1238.50 mse_y:1673.83 mse_u:69.83 mse_v:665.83 psnr_avg:17.20 psnr_y:15.89 psnr_u:29.69 psnr_v:19.90 
n:3607 mse_avg:1233.11 mse_y:1665.87 mse_u:70.43 mse_v:664.76 psnr_avg:17.22 psnr_y:15.91 psnr_u:29.65 psnr_v:19.90 
n:3608 mse_avg:1241.68 mse_y:1678.06 mse_u:70.04 mse_v:667.77 psnr_avg:17.19 psnr_y:15.88 psnr_u:29.68 psnr_v:19.88 
n:3609 mse_avg:1234.72 mse_y:1667.87 mse_u:70.38 mse_v:666.45 psnr_avg:17.22 psnr_y:15.91 psnr_u:29.66 psnr_v:19.89 
n:3610 mse_avg:1240.54 mse_y:1676.12 mse_u:69.88 mse_v:668.89 psnr_avg:17.19 psnr_y:15.89 psnr_u:29.69 psnr_v:19.88 
n:3611 mse_avg:1233.61 mse_y:1665.81 mse_u:70.24 mse_v:668.19 psnr_avg:17.22 psnr_y:15.91 psnr_u:29.66 psnr_v:19.88 
n:3612 mse_avg:1240.55 mse_y:1675.22 mse_u:69.76 mse_v:672.69 psnr_avg:17.19 psnr_y:15.89 psnr_u:29.69 psnr_v:19.85 
n:3613 mse_avg:1235.45 mse_y:1667.49 mse_u:70.24 mse_v:672.53 psnr_avg:17.21 psnr_y:15.91 psnr_u:29.67 psnr_v:19.85 
n:3614 mse_avg:1241.85 mse_y:1676.69 mse_u:69.91 mse_v:674.42 psnr_avg:17.19 psnr_y:15.89 psnr_u:29.69 psnr_v:19.84 
n:3615 mse_avg:1236.91 mse_y:1669.39 mse_u:70.64 mse_v:673.30 psnr_avg:17.21 psnr_y:15.91 psnr_u:29.64 psnr_v:19.85 
n:3616 mse_avg:1243.47 mse_y:1678.62 mse_u:70.49 mse_v:675.83 psnr_avg:17.18 psnr_y:15.88 psnr_u:29.65 psnr_v:19.83 
n:3617 mse_avg:1239.31 mse_y:1672.24 mse_u:70.49 mse_v:676.43 psnr_avg:17.20 psnr_y:15.90 psnr_u:29.65 psnr_v:19.83 
n:3618 mse_avg:1239.73 mse_y:1673.02 mse_u:70.33 mse_v:675.98 psnr_avg:17.20 psnr_y:15.90 psnr_u:29.66 psnr_v:19.83 
n:3619 mse_avg:1244.42 mse_y:1679.68 mse_u:70.39 mse_v:677.40 psnr_avg:17.18 psnr_y:15.88 psnr_u:29.66 psnr_v:19.82 
n:3620 mse_avg:1239.68 mse_y:1672.40 mse_u:70.43 mse_v:678.03 psnr_avg:17.20 psnr_y:15.90 psnr_u:29.65 psnr_v:19.82 
n:3621 mse_avg:1239.68 mse_y:1671.93 mse_u:70.61 mse_v:679.75 psnr_avg:17.20 psnr_y:15.90 psnr_u:29.64 psnr_v:19.81 
n:3622 mse_avg:1245.79 mse_y:1680.64 mse_u:70.70 mse_v:681.47 psnr_avg:17.18 psnr_y:15.88 psnr_u:29.64 psnr_v:19.80 
n:3623 mse_avg:1240.19 mse_y:1672.00 mse_u:70.85 mse_v:682.31 psnr_avg:17.20 psnr_y:15.90 psnr_u:29.63 psnr_v:19.79 
n:3624 mse_avg:1240.86 mse_y:1672.87 mse_u:70.65 mse_v:683.01 psnr_avg:17.19 psnr_y:15.90 psnr_u:29.64 psnr_v:19.79 
n:3625 mse_avg:1244.63 mse_y:1678.21 mse_u:70.83 mse_v:684.13 psnr_avg:17.18 psnr_y:15.88 psnr_u:29.63 psnr_v:19.78 
n:3626 mse_avg:1237.50 mse_y:1667.94 mse_u:70.92 mse_v:682.33 psnr_avg:17.21 psnr_y:15.91 psnr_u:29.62 psnr_v:19.79 
n:3627 mse_avg:1242.96 mse_y:1676.02 mse_u:70.44 mse_v:683.20 psnr_avg:17.19 psnr_y:15.89 psnr_u:29.65 psnr_v:19.79 
n:3628 mse_avg:1239.75 mse_y:1670.98 mse_u:70.54 mse_v:684.03 psnr_avg:17.20 psnr_y:15.90 psnr_u:29.65 psnr_v:19.78 
n:3629 mse_avg:1240.62 mse_y:1671.62 mse_u:70.82 mse_v:686.38 psnr_avg:17.19 psnr_y:15.90 psnr_u:29.63 psnr_v:19.77 
n:3630 mse_avg:1245.14 mse_y:1678.01 mse_u:70.91 mse_v:687.86 psnr_avg:17.18 psnr_y:15.88 psnr_u:29.62 psnr_v:19.76 
n:3631 mse_avg:1239.55 mse_y:1669.56 mse_u:71.12 mse_v:687.94 psnr_avg:17.20 psnr_y:15.90 psnr_u:29.61 psnr_v:19.76 
n:3632 mse_avg:1246.31 mse_y:1679.21 mse_u:70.74 mse_v:690.27 psnr_avg:17.17 psnr_y:15.88 psnr_u:29.63 psnr_v:19.74 
n:3633 mse_avg:1238.40 mse_y:1667.64 mse_u:71.13 mse_v:688.74 psnr_avg:17.20 psnr_y:15.91 psnr_u:29.61 psnr_v:19.75 
n:3634 mse_avg:1245.52 mse_y:1677.80 mse_u:71.07 mse_v:690.89 psnr_avg:17.18 psnr_y:15.88 psnr_u:29.61 psnr_v:19.74 
n:3635 mse_avg:1242.31 mse_y:1672.77 mse_u:71.07 mse_v:691.74 psnr_avg:17.19 psnr_y:15.90 psnr_u:29.61 psnr_v:19.73 
n:3636 mse_avg:1245.09 mse_y:1676.36 mse_u:71.07 mse_v:694.00 psnr_avg:17.18 psnr_y:15.89 psnr_u:29.61 psnr_v:19.72 
n:3637 mse_avg:1249.93 mse_y:1683.13 mse_u:71.18 mse_v:695.88 psnr_avg:17.16 psnr_y:15.87 psnr_u:29.61 psnr_v:19.71 
n:3638 mse_avg:1245.47 mse_y:1676.44 mse_u:71.23 mse_v:695.80 psnr_avg:17.18 psnr_y:15.89 psnr_u:29.60 psnr_v:19.71 
n:3639 mse_avg:1245.78 mse_y:1677.03 mse_u:70.93 mse_v:695.61 psnr_avg:17.18 psnr_y:15.89 psnr_u:29.62 psnr_v:19.71 
n:3640 mse_avg:1249.21 mse_y:1682.09 mse_u:70.91 mse_v:695.96 psnr_avg:17.16 psnr_y:15.87 psnr_u:29.62 psnr_v:19.70 
n:3641 mse_avg:1245.85 mse_y:1676.72 mse_u:71.61 mse_v:696.60 psnr_avg:17.18 psnr_y:15.89 psnr_u:29.58 psnr_v:19.70 
n:3642 mse_avg:1252.52 mse_y:1685.80 mse_u:71.91 mse_v:700.01 psnr_avg:17.15 psnr_y:15.86 psnr_u:29.56 psnr_v:19.68 
n:3643 mse_avg:1249.95 mse_y:1684.84 mse_u:69.74 mse_v:690.63 psnr_avg:17.16 psnr_y:15.87 psnr_u:29.70 psnr_v:19.74 
n:3644 mse_avg:1244.10 mse_y:1676.30 mse_u:70.05 mse_v:689.37 psnr_avg:17.18 psnr_y:15.89 psnr_u:29.68 psnr_v:19.75 
n:3645 mse_avg:1249.65 mse_y:1683.84 mse_u:69.94 mse_v:692.64 psnr_avg:17.16 psnr_y:15.87 psnr_u:29.68 psnr_v:19.73 
n:3646 mse_avg:1244.56 mse_y:1676.51 mse_u:70.23 mse_v:691.07 psnr_avg:17.18 psnr_y:15.89 psnr_u:29.67 psnr_v:19.74 
n:3647 mse_avg:1250.45 mse_y:1684.62 mse_u:70.17 mse_v:694.03 psnr_avg:17.16 psnr_y:15.87 psnr_u:29.67 psnr_v:19.72 
n:3648 mse_avg:1245.51 mse_y:1677.40 mse_u:70.48 mse_v:692.96 psnr_avg:17.18 psnr_y:15.88 psnr_u:29.65 psnr_v:19.72 
n:3649 mse_avg:1252.27 mse_y:1686.57 mse_u:70.40 mse_v:696.96 psnr_avg:17.15 psnr_y:15.86 psnr_u:29.66 psnr_v:19.70 
n:3650 mse_avg:1247.53 mse_y:1679.89 mse_u:70.66 mse_v:694.97 psnr_avg:17.17 psnr_y:15.88 psnr_u:29.64 psnr_v:19.71 
n:3651 mse_avg:1253.22 mse_y:1687.92 mse_u:70.65 mse_v:696.97 psnr_avg:17.15 psnr_y:15.86 psnr_u:29.64 psnr_v:19.70 
n:3652 mse_avg:1250.70 mse_y:1683.94 mse_u:70.74 mse_v:697.67 psnr_avg:17.16 psnr_y:15.87 psnr_u:29.63 psnr_v:19.69 
n:3653 mse_avg:1252.04 mse_y:1685.40 mse_u:70.77 mse_v:699.85 psnr_avg:17.15 psnr_y:15.86 psnr_u:29.63 psnr_v:19.68 
n:3654 mse_avg:1255.80 mse_y:1691.14 mse_u:70.73 mse_v:699.51 psnr_avg:17.14 psnr_y:15.85 psnr_u:29.64 psnr_v:19.68 
n:3655 mse_avg:1251.04 mse_y:1684.30 mse_u:71.05 mse_v:698.02 psnr_avg:17.16 psnr_y:15.87 psnr_u:29.62 psnr_v:19.69 
n:3656 mse_avg:1257.50 mse_y:1693.21 mse_u:70.98 mse_v:701.18 psnr_avg:17.14 psnr_y:15.84 psnr_u:29.62 psnr_v:19.67 
n:3657 mse_avg:1253.33 mse_y:1687.18 mse_u:71.43 mse_v:699.84 psnr_avg:17.15 psnr_y:15.86 psnr_u:29.59 psnr_v:19.68 
n:3658 mse_avg:1259.33 mse_y:1695.40 mse_u:71.31 mse_v:703.09 psnr_avg:17.13 psnr_y:15.84 psnr_u:29.60 psnr_v:19.66 
n:3659 mse_avg:1255.81 mse_y:1690.15 mse_u:71.28 mse_v:702.98 psnr_avg:17.14 psnr_y:15.85 psnr_u:29.60 psnr_v:19.66 
n:3660 mse_avg:1256.73 mse_y:1691.07 mse_u:71.52 mse_v:704.61 psnr_avg:17.14 psnr_y:15.85 psnr_u:29.59 psnr_v:19.65 
n:3661 mse_avg:1261.01 mse_y:1697.42 mse_u:71.49 mse_v:704.88 psnr_avg:17.12 psnr_y:15.83 psnr_u:29.59 psnr_v:19.65 
n:3662 mse_avg:1256.01 mse_y:1690.36 mse_u:71.64 mse_v:702.95 psnr_avg:17.14 psnr_y:15.85 psnr_u:29.58 psnr_v:19.66 
n:3663 mse_avg:1261.72 mse_y:1698.16 mse_u:71.41 mse_v:706.25 psnr_avg:17.12 psnr_y:15.83 psnr_u:29.59 psnr_v:19.64 
n:3664 mse_avg:1256.50 mse_y:1690.73 mse_u:71.70 mse_v:704.40 psnr_avg:17.14 psnr_y:15.85 psnr_u:29.58 psnr_v:19.65 
n:3665 mse_avg:1263.06 mse_y:1699.80 mse_u:71.89 mse_v:707.28 psnr_avg:17.12 psnr_y:15.83 psnr_u:29.56 psnr_v:19.63 
n:3666 mse_avg:1260.16 mse_y:1695.26 mse_u:72.01 mse_v:707.90 psnr_avg:17.13 psnr_y:15.84 psnr_u:29.56 psnr_v:19.63 
n:3667 mse_avg:1259.61 mse_y:1694.46 mse_u:71.95 mse_v:707.87 psnr_avg:17.13 psnr_y:15.84 psnr_u:29.56 psnr_v:19.63 
n:3668 mse_avg:1263.51 mse_y:1699.92 mse_u:71.87 mse_v:709.51 psnr_avg:17.12 psnr_y:15.83 psnr_u:29.57 psnr_v:19.62 
n:3669 mse_avg:1259.78 mse_y:1694.47 mse_u:71.92 mse_v:708.91 psnr_avg:17.13 psnr_y:15.84 psnr_u:29.56 psnr_v:19.62 
n:3670 mse_avg:1259.57 mse_y:1694.42 mse_u:72.03 mse_v:707.69 psnr_avg:17.13 psnr_y:15.84 psnr_u:29.56 psnr_v:19.63 
n:3671 mse_avg:1263.69 mse_y:1700.39 mse_u:72.07 mse_v:708.51 psnr_avg:17.11 psnr_y:15.83 psnr_u:29.55 psnr_v:19.63 
n:3672 mse_avg:1263.97 mse_y:1700.44 mse_u:72.22 mse_v:709.84 psnr_avg:17.11 psnr_y:15.83 psnr_u:29.54 psnr_v:19.62 
n:3673 mse_avg:1262.09 mse_y:1697.12 mse_u:72.47 mse_v:711.60 psnr_avg:17.12 psnr_y:15.83 psnr_u:29.53 psnr_v:19.61 
n:3674 mse_avg:1263.48 mse_y:1698.70 mse_u:72.69 mse_v:713.39 psnr_avg:17.12 psnr_y:15.83 psnr_u:29.52 psnr_v:19.60 
n:3675 mse_avg:1268.05 mse_y:1705.38 mse_u:72.75 mse_v:714.01 psnr_avg:17.10 psnr_y:15.81 psnr_u:29.51 psnr_v:19.59 
n:3676 mse_avg:1261.36 mse_y:1696.01 mse_u:72.75 mse_v:711.35 psnr_avg:17.12 psnr_y:15.84 psnr_u:29.51 psnr_v:19.61 
n:3677 mse_avg:1266.93 mse_y:1704.14 mse_u:72.64 mse_v:712.34 psnr_avg:17.10 psnr_y:15.82 psnr_u:29.52 psnr_v:19.60 
n:3678 mse_avg:1261.41 mse_y:1695.92 mse_u:72.97 mse_v:711.84 psnr_avg:17.12 psnr_y:15.84 psnr_u:29.50 psnr_v:19.61 
n:3679 mse_avg:1266.98 mse_y:1703.79 mse_u:72.92 mse_v:713.81 psnr_avg:17.10 psnr_y:15.82 psnr_u:29.50 psnr_v:19.59 
n:3680 mse_avg:1262.93 mse_y:1698.15 mse_u:73.14 mse_v:711.79 psnr_avg:17.12 psnr_y:15.83 psnr_u:29.49 psnr_v:19.61 
n:3681 mse_avg:1269.87 mse_y:1708.06 mse_u:73.07 mse_v:713.93 psnr_avg:17.09 psnr_y:15.81 psnr_u:29.49 psnr_v:19.59 
n:3682 mse_avg:1265.26 mse_y:1701.30 mse_u:73.16 mse_v:713.24 psnr_avg:17.11 psnr_y:15.82 psnr_u:29.49 psnr_v:19.60 
n:3683 mse_avg:1271.54 mse_y:1710.04 mse_u:73.04 mse_v:716.06 psnr_avg:17.09 psnr_y:15.80 psnr_u:29.50 psnr_v:19.58 
n:3684 mse_avg:1268.59 mse_y:1705.47 mse_u:73.02 mse_v:716.65 psnr_avg:17.10 psnr_y:15.81 psnr_u:29.50 psnr_v:19.58 
n:3685 mse_avg:1268.69 mse_y:1706.00 mse_u:73.25 mse_v:714.91 psnr_avg:17.10 psnr_y:15.81 psnr_u:29.48 psnr_v:19.59 
n:3686 mse_avg:1272.40 mse_y:1711.27 mse_u:73.30 mse_v:716.01 psnr_avg:17.08 psnr_y:15.80 psnr_u:29.48 psnr_v:19.58 
n:3687 mse_avg:1268.72 mse_y:1705.35 mse_u:73.73 mse_v:717.16 psnr_avg:17.10 psnr_y:15.81 psnr_u:29.45 psnr_v:19.57 
n:3688 mse_avg:1274.44 mse_y:1712.64 mse_u:73.80 mse_v:722.27 psnr_avg:17.08 psnr_y:15.79 psnr_u:29.45 psnr_v:19.54 
n:3689 mse_avg:1273.87 mse_y:1711.20 mse_u:73.62 mse_v:724.81 psnr_avg:17.08 psnr_y:15.80 psnr_u:29.46 psnr_v:19.53 
n:3690 mse_avg:1275.65 mse_y:1711.67 mse_u:74.16 mse_v:733.09 psnr_avg:17.07 psnr_y:15.80 psnr_u:29.43 psnr_v:19.48 
n:3691 mse_avg:1279.07 mse_y:1715.96 mse_u:74.25 mse_v:736.30 psnr_avg:17.06 psnr_y:15.79 psnr_u:29.42 psnr_v:19.46 
n:3692 mse_avg:1276.80 mse_y:1712.26 mse_u:74.43 mse_v:737.33 psnr_avg:17.07 psnr_y:15.80 psnr_u:29.41 psnr_v:19.45 
n:3693 mse_avg:1283.17 mse_y:1719.63 mse_u:74.51 mse_v:745.97 psnr_avg:17.05 psnr_y:15.78 psnr_u:29.41 psnr_v:19.40 
n:3694 mse_avg:1281.79 mse_y:1717.06 mse_u:74.58 mse_v:747.94 psnr_avg:17.05 psnr_y:15.78 psnr_u:29.40 psnr_v:19.39 
n:3695 mse_avg:1283.95 mse_y:1718.95 mse_u:74.73 mse_v:753.16 psnr_avg:17.05 psnr_y:15.78 psnr_u:29.40 psnr_v:19.36 
n:3696 mse_avg:1287.40 mse_y:1723.43 mse_u:74.78 mse_v:755.90 psnr_avg:17.03 psnr_y:15.77 psnr_u:29.39 psnr_v:19.35 
n:3697 mse_avg:1286.42 mse_y:1721.35 mse_u:74.92 mse_v:758.20 psnr_avg:17.04 psnr_y:15.77 psnr_u:29.39 psnr_v:19.33 
n:3698 mse_avg:1291.43 mse_y:1726.95 mse_u:74.97 mse_v:765.79 psnr_avg:17.02 psnr_y:15.76 psnr_u:29.38 psnr_v:19.29 
n:3699 mse_avg:1290.14 mse_y:1724.44 mse_u:75.19 mse_v:767.90 psnr_avg:17.02 psnr_y:15.76 psnr_u:29.37 psnr_v:19.28 
n:3700 mse_avg:1294.64 mse_y:1729.74 mse_u:75.30 mse_v:773.60 psnr_avg:17.01 psnr_y:15.75 psnr_u:29.36 psnr_v:19.25 
n:3701 mse_avg:1295.08 mse_y:1729.43 mse_u:75.43 mse_v:777.36 psnr_avg:17.01 psnr_y:15.75 psnr_u:29.36 psnr_v:19.22 
n:3702 mse_avg:1298.07 mse_y:1731.75 mse_u:75.57 mse_v:785.85 psnr_avg:17.00 psnr_y:15.75 psnr_u:29.35 psnr_v:19.18 
n:3703 mse_avg:1300.93 mse_y:1734.90 mse_u:75.72 mse_v:790.24 psnr_avg:16.99 psnr_y:15.74 psnr_u:29.34 psnr_v:19.15 
n:3704 mse_avg:1299.88 mse_y:1733.95 mse_u:75.72 mse_v:787.75 psnr_avg:16.99 psnr_y:15.74 psnr_u:29.34 psnr_v:19.17 
n:3705 mse_avg:1302.91 mse_y:1736.54 mse_u:75.73 mse_v:795.55 psnr_avg:16.98 psnr_y:15.73 psnr_u:29.34 psnr_v:19.12 
n:3706 mse_avg:1303.24 mse_y:1737.94 mse_u:75.73 mse_v:791.96 psnr_avg:16.98 psnr_y:15.73 psnr_u:29.34 psnr_v:19.14 
n:3707 mse_avg:1305.50 mse_y:1740.52 mse_u:75.73 mse_v:795.21 psnr_avg:16.97 psnr_y:15.72 psnr_u:29.34 psnr_v:19.13 
n:3708 mse_avg:1305.59 mse_y:1741.20 mse_u:75.73 mse_v:793.03 psnr_avg:16.97 psnr_y:15.72 psnr_u:29.34 psnr_v:19.14 
n:3709 mse_avg:1308.53 mse_y:1742.55 mse_u:75.73 mse_v:805.25 psnr_avg:16.96 psnr_y:15.72 psnr_u:29.34 psnr_v:19.07 
n:3710 mse_avg:1307.85 mse_y:1742.62 mse_u:75.73 mse_v:800.89 psnr_avg:16.97 psnr_y:15.72 psnr_u:29.34 psnr_v:19.10 
n:3711 mse_avg:1308.41 mse_y:1743.44 mse_u:75.73 mse_v:800.94 psnr_avg:16.96 psnr_y:15.72 psnr_u:29.34 psnr_v:19.09 
n:3712 mse_avg:1306.80 mse_y:1743.48 mse_u:75.73 mse_v:791.17 psnr_avg:16.97 psnr_y:15.72 psnr_u:29.34 psnr_v:19.15 
n:3713 mse_avg:1306.74 mse_y:1743.41 mse_u:75.73 mse_v:791.10 psnr_avg:16.97 psnr_y:15.72 psnr_u:29.34 psnr_v:19.15 
n:3714 mse_avg:1306.74 mse_y:1743.44 mse_u:75.73 mse_v:790.94 psnr_avg:16.97 psnr_y:15.72 psnr_u:29.34 psnr_v:19.15 
n:3715 mse_avg:1306.74 mse_y:1743.44 mse_u:75.73 mse_v:790.94 psnr_avg:16.97 psnr_y:15.72 psnr_u:29.34 psnr_v:19.15 
n:3716 mse_avg:1306.74 mse_y:1743.44 mse_u:75.73 mse_v:790.94 psnr_avg:16.97 psnr_y:15.72 psnr_u:29.34 psnr_v:19.15 
n:3717 mse_avg:1306.74 mse_y:1743.44 mse_u:75.73 mse_v:790.94 psnr_avg:16.97 psnr_y:15.72 psnr_u:29.34 psnr_v:19.15 
n:3718 mse_avg:1306.74 mse_y:1743.44 mse_u:75.73 mse_v:790.94 psnr_avg:16.97 psnr_y:15.72 psnr_u:29.34 psnr_v:19.15 
n:3719 mse_avg:1304.44 mse_y:1740.06 mse_u:75.73 mse_v:790.69 psnr_avg:16.98 psnr_y:15.73 psnr_u:29.34 psnr_v:19.15 
n:3720 mse_avg:1303.30 mse_y:1738.35 mse_u:75.73 mse_v:790.69 psnr_avg:16.98 psnr_y:15.73 psnr_u:29.34 psnr_v:19.15 
n:3721 mse_avg:1302.66 mse_y:1737.39 mse_u:75.73 mse_v:790.69 psnr_avg:16.98 psnr_y:15.73 psnr_u:29.34 psnr_v:19.15 
n:3722 mse_avg:1302.31 mse_y:1736.86 mse_u:75.73 mse_v:790.69 psnr_avg:16.98 psnr_y:15.73 psnr_u:29.34 psnr_v:19.15 
n:3723 mse_avg:1302.40 mse_y:1736.99 mse_u:75.73 mse_v:790.69 psnr_avg:16.98 psnr_y:15.73 psnr_u:29.34 psnr_v:19.15 
n:3724 mse_avg:1302.96 mse_y:1737.83 mse_u:75.73 mse_v:790.69 psnr_avg:16.98 psnr_y:15.73 psnr_u:29.34 psnr_v:19.15 
n:3725 mse_avg:1303.94 mse_y:1739.30 mse_u:75.73 mse_v:790.69 psnr_avg:16.98 psnr_y:15.73 psnr_u:29.34 psnr_v:19.15 
n:3726 mse_avg:1305.73 mse_y:1741.99 mse_u:75.73 mse_v:790.69 psnr_avg:16.97 psnr_y:15.72 psnr_u:29.34 psnr_v:19.15 
n:3727 mse_avg:1308.19 mse_y:1745.68 mse_u:75.73 mse_v:790.69 psnr_avg:16.96 psnr_y:15.71 psnr_u:29.34 psnr_v:19.15 
n:3728 mse_avg:1311.42 mse_y:1750.52 mse_u:75.73 mse_v:790.69 psnr_avg:16.95 psnr_y:15.70 psnr_u:29.34 psnr_v:19.15 
n:3729 mse_avg:1316.13 mse_y:1757.60 mse_u:75.73 mse_v:790.69 psnr_avg:16.94 psnr_y:15.68 psnr_u:29.34 psnr_v:19.15 
n:3730 mse_avg:1321.75 mse_y:1766.03 mse_u:75.73 mse_v:790.69 psnr_avg:16.92 psnr_y:15.66 psnr_u:29.34 psnr_v:19.15 
n:3731 mse_avg:1328.51 mse_y:1776.16 mse_u:75.73 mse_v:790.69 psnr_avg:16.90 psnr_y:15.64 psnr_u:29.34 psnr_v:19.15 
n:3732 mse_avg:1338.34 mse_y:1790.91 mse_u:75.73 mse_v:790.69 psnr_avg:16.87 psnr_y:15.60 psnr_u:29.34 psnr_v:19.15 
n:3733 mse_avg:1349.50 mse_y:1807.65 mse_u:75.73 mse_v:790.69 psnr_avg:16.83 psnr_y:15.56 psnr_u:29.34 psnr_v:19.15 
n:3734 mse_avg:1349.50 mse_y:1807.65 mse_u:75.73 mse_v:790.69 psnr_avg:16.83 psnr_y:15.56 psnr_u:29.34 psnr_v:19.15 
n:3735 mse_avg:1349.50 mse_y:1807.65 mse_u:75.73 mse_v:790.69 psnr_avg:16.83 psnr_y:15.56 psnr_u:29.34 psnr_v:19.15 
n:3736 mse_avg:1349.51 mse_y:1807.65 mse_u:75.73 mse_v:790.69 psnr_avg:16.83 psnr_y:15.56 psnr_u:29.34 psnr_v:19.15 
n:3737 mse_avg:1349.51 mse_y:1807.65 mse_u:75.73 mse_v:790.69 psnr_avg:16.83 psnr_y:15.56 psnr_u:29.34 psnr_v:19.15 
n:3738 mse_avg:1349.51 mse_y:1807.65 mse_u:75.73 mse_v:790.69 psnr_avg:16.83 psnr_y:15.56 psnr_u:29.34 psnr_v:19.15 
n:3739 mse_avg:1349.51 mse_y:1807.65 mse_u:75.73 mse_v:790.69 psnr_avg:16.83 psnr_y:15.56 psnr_u:29.34 psnr_v:19.15 
n:3740 mse_avg:1349.51 mse_y:1807.65 mse_u:75.73 mse_v:790.69 psnr_avg:16.83 psnr_y:15.56 psnr_u:29.34 psnr_v:19.15 
n:3741 mse_avg:1349.51 mse_y:1807.65 mse_u:75.73 mse_v:790.69 psnr_avg:16.83 psnr_y:15.56 psnr_u:29.34 psnr_v:19.15 
n:3742 mse_avg:1349.51 mse_y:1807.65 mse_u:75.73 mse_v:790.69 psnr_avg:16.83 psnr_y:15.56 psnr_u:29.34 psnr_v:19.15 
n:3743 mse_avg:1349.51 mse_y:1807.65 mse_u:75.73 mse_v:790.69 psnr_avg:16.83 psnr_y:15.56 psnr_u:29.34 psnr_v:19.15 
n:3744 mse_avg:1349.51 mse_y:1807.65 mse_u:75.73 mse_v:790.69 psnr_avg:16.83 psnr_y:15.56 psnr_u:29.34 psnr_v:19.15 
n:3745 mse_avg:1349.51 mse_y:1807.65 mse_u:75.73 mse_v:790.69 psnr_avg:16.83 psnr_y:15.56 psnr_u:29.34 psnr_v:19.15 
n:3746 mse_avg:1349.51 mse_y:1807.65 mse_u:75.73 mse_v:790.69 psnr_avg:16.83 psnr_y:15.56 psnr_u:29.34 psnr_v:19.15 
n:3747 mse_avg:1349.51 mse_y:1807.65 mse_u:75.73 mse_v:790.69 psnr_avg:16.83 psnr_y:15.56 psnr_u:29.34 psnr_v:19.15 
n:3748 mse_avg:1349.51 mse_y:1807.65 mse_u:75.73 mse_v:790.69 psnr_avg:16.83 psnr_y:15.56 psnr_u:29.34 psnr_v:19.15 
n:3749 mse_avg:1349.51 mse_y:1807.65 mse_u:75.73 mse_v:790.69 psnr_avg:16.83 psnr_y:15.56 psnr_u:29.34 psnr_v:19.15 
n:3750 mse_avg:1349.51 mse_y:1807.65 mse_u:75.73 mse_v:790.69 psnr_avg:16.83 psnr_y:15.56 psnr_u:29.34 psnr_v:19.15 
n:3751 mse_avg:1349.51 mse_y:1807.65 mse_u:75.73 mse_v:790.69 psnr_avg:16.83 psnr_y:15.56 psnr_u:29.34 psnr_v:19.15 
n:3752 mse_avg:1349.51 mse_y:1807.65 mse_u:75.73 mse_v:790.69 psnr_avg:16.83 psnr_y:15.56 psnr_u:29.34 psnr_v:19.15 
n:3753 mse_avg:1349.51 mse_y:1807.65 mse_u:75.73 mse_v:790.69 psnr_avg:16.83 psnr_y:15.56 psnr_u:29.34 psnr_v:19.15 
n:3754 mse_avg:1349.51 mse_y:1807.65 mse_u:75.73 mse_v:790.69 psnr_avg:16.83 psnr_y:15.56 psnr_u:29.34 psnr_v:19.15 
n:3755 mse_avg:1349.51 mse_y:1807.65 mse_u:75.73 mse_v:790.69 psnr_avg:16.83 psnr_y:15.56 psnr_u:29.34 psnr_v:19.15 
n:3756 mse_avg:1349.51 mse_y:1807.65 mse_u:75.73 mse_v:790.69 psnr_avg:16.83 psnr_y:15.56 psnr_u:29.34 psnr_v:19.15 
n:3757 mse_avg:1349.51 mse_y:1807.65 mse_u:75.73 mse_v:790.69 psnr_avg:16.83 psnr_y:15.56 psnr_u:29.34 psnr_v:19.15 
n:3758 mse_avg:1349.51 mse_y:1807.65 mse_u:75.73 mse_v:790.69 psnr_avg:16.83 psnr_y:15.56 psnr_u:29.34 psnr_v:19.15 
n:3759 mse_avg:1349.51 mse_y:1807.65 mse_u:75.73 mse_v:790.69 psnr_avg:16.83 psnr_y:15.56 psnr_u:29.34 psnr_v:19.15 
n:3760 mse_avg:1349.51 mse_y:1807.65 mse_u:75.73 mse_v:790.69 psnr_avg:16.83 psnr_y:15.56 psnr_u:29.34 psnr_v:19.15 
n:3761 mse_avg:1349.51 mse_y:1807.65 mse_u:75.73 mse_v:790.69 psnr_avg:16.83 psnr_y:15.56 psnr_u:29.34 psnr_v:19.15 
n:3762 mse_avg:1349.51 mse_y:1807.65 mse_u:75.73 mse_v:790.69 psnr_avg:16.83 psnr_y:15.56 psnr_u:29.34 psnr_v:19.15 
n:3763 mse_avg:1349.51 mse_y:1807.65 mse_u:75.73 mse_v:790.69 psnr_avg:16.83 psnr_y:15.56 psnr_u:29.34 psnr_v:19.15 
n:3764 mse_avg:1339.42 mse_y:1792.53 mse_u:75.73 mse_v:790.69 psnr_avg:16.86 psnr_y:15.60 psnr_u:29.34 psnr_v:19.15 
n:3765 mse_avg:1330.65 mse_y:1779.38 mse_u:75.73 mse_v:790.69 psnr_avg:16.89 psnr_y:15.63 psnr_u:29.34 psnr_v:19.15 
n:3766 mse_avg:1322.67 mse_y:1767.39 mse_u:75.73 mse_v:790.69 psnr_avg:16.92 psnr_y:15.66 psnr_u:29.34 psnr_v:19.15 
n:3767 mse_avg:1317.19 mse_y:1759.19 mse_u:75.73 mse_v:790.69 psnr_avg:16.93 psnr_y:15.68 psnr_u:29.34 psnr_v:19.15 
n:3768 mse_avg:1312.74 mse_y:1752.50 mse_u:75.73 mse_v:790.69 psnr_avg:16.95 psnr_y:15.69 psnr_u:29.34 psnr_v:19.15 
n:3769 mse_avg:1308.83 mse_y:1746.64 mse_u:75.73 mse_v:790.69 psnr_avg:16.96 psnr_y:15.71 psnr_u:29.34 psnr_v:19.15 
n:3770 mse_avg:1306.29 mse_y:1742.83 mse_u:75.73 mse_v:790.69 psnr_avg:16.97 psnr_y:15.72 psnr_u:29.34 psnr_v:19.15 
n:3771 mse_avg:1304.44 mse_y:1740.06 mse_u:75.73 mse_v:790.69 psnr_avg:16.98 psnr_y:15.73 psnr_u:29.34 psnr_v:19.15 
n:3772 mse_avg:1303.34 mse_y:1738.41 mse_u:75.73 mse_v:790.69 psnr_avg:16.98 psnr_y:15.73 psnr_u:29.34 psnr_v:19.15 
n:3773 mse_avg:1302.57 mse_y:1737.25 mse_u:75.73 mse_v:790.69 psnr_avg:16.98 psnr_y:15.73 psnr_u:29.34 psnr_v:19.15 
n:3774 mse_avg:1302.35 mse_y:1736.93 mse_u:75.73 mse_v:790.69 psnr_avg:16.98 psnr_y:15.73 psnr_u:29.34 psnr_v:19.15 
n:3775 mse_avg:1302.57 mse_y:1737.25 mse_u:75.73 mse_v:790.69 psnr_avg:16.98 psnr_y:15.73 psnr_u:29.34 psnr_v:19.15 
n:3776 mse_avg:1303.23 mse_y:1738.24 mse_u:75.73 mse_v:790.69 psnr_avg:16.98 psnr_y:15.73 psnr_u:29.34 psnr_v:19.15 
n:3777 mse_avg:1304.22 mse_y:1739.72 mse_u:75.73 mse_v:790.69 psnr_avg:16.98 psnr_y:15.73 psnr_u:29.34 psnr_v:19.15 
n:3778 mse_avg:1306.70 mse_y:1743.44 mse_u:75.73 mse_v:790.69 psnr_avg:16.97 psnr_y:15.72 psnr_u:29.34 psnr_v:19.15 
n:3779 mse_avg:1306.67 mse_y:1743.40 mse_u:75.73 mse_v:790.69 psnr_avg:16.97 psnr_y:15.72 psnr_u:29.34 psnr_v:19.15 
n:3780 mse_avg:1306.70 mse_y:1743.45 mse_u:75.73 mse_v:790.69 psnr_avg:16.97 psnr_y:15.72 psnr_u:29.34 psnr_v:19.15 
n:3781 mse_avg:1306.70 mse_y:1743.45 mse_u:75.73 mse_v:790.69 psnr_avg:16.97 psnr_y:15.72 psnr_u:29.34 psnr_v:19.15 
n:3782 mse_avg:1306.70 mse_y:1743.45 mse_u:75.73 mse_v:790.69 psnr_avg:16.97 psnr_y:15.72 psnr_u:29.34 psnr_v:19.15 
n:3783 mse_avg:1306.70 mse_y:1743.45 mse_u:75.73 mse_v:790.69 psnr_avg:16.97 psnr_y:15.72 psnr_u:29.34 psnr_v:19.15 
n:3784 mse_avg:1306.70 mse_y:1743.45 mse_u:75.73 mse_v:790.69 psnr_avg:16.97 psnr_y:15.72 psnr_u:29.34 psnr_v:19.15 
n:3785 mse_avg:1306.70 mse_y:1743.45 mse_u:75.73 mse_v:790.69 psnr_avg:16.97 psnr_y:15.72 psnr_u:29.34 psnr_v:19.15 
n:3786 mse_avg:1306.70 mse_y:1743.45 mse_u:75.73 mse_v:790.69 psnr_avg:16.97 psnr_y:15.72 psnr_u:29.34 psnr_v:19.15 
n:3787 mse_avg:1306.70 mse_y:1743.45 mse_u:75.73 mse_v:790.69 psnr_avg:16.97 psnr_y:15.72 psnr_u:29.34 psnr_v:19.15 
n:3788 mse_avg:1306.70 mse_y:1743.45 mse_u:75.73 mse_v:790.69 psnr_avg:16.97 psnr_y:15.72 psnr_u:29.34 psnr_v:19.15 
n:3789 mse_avg:1306.70 mse_y:1743.45 mse_u:75.73 mse_v:790.69 psnr_avg:16.97 psnr_y:15.72 psnr_u:29.34 psnr_v:19.15 
n:3790 mse_avg:1306.70 mse_y:1743.45 mse_u:75.73 mse_v:790.69 psnr_avg:16.97 psnr_y:15.72 psnr_u:29.34 psnr_v:19.15 
n:3791 mse_avg:1306.70 mse_y:1743.45 mse_u:75.73 mse_v:790.69 psnr_avg:16.97 psnr_y:15.72 psnr_u:29.34 psnr_v:19.15 
n:3792 mse_avg:1306.70 mse_y:1743.45 mse_u:75.73 mse_v:790.69 psnr_avg:16.97 psnr_y:15.72 psnr_u:29.34 psnr_v:19.15 
