ffmpeg version 6.1.1-3ubuntu5 Copyright (c) 2000-2023 the FFmpeg developers
  built with gcc 13 (Ubuntu 13.2.0-23ubuntu3)
  configuration: --prefix=/usr --extra-version=3ubuntu5 --toolchain=hardened --libdir=/usr/lib/x86_64-linux-gnu --incdir=/usr/include/x86_64-linux-gnu --arch=amd64 --enable-gpl --disable-stripping --disable-omx --enable-gnutls --enable-libaom --enable-libass --enable-libbs2b --enable-libcaca --enable-libcdio --enable-libcodec2 --enable-libdav1d --enable-libflite --enable-libfontconfig --enable-libfreetype --enable-libfribidi --enable-libglslang --enable-libgme --enable-libgsm --enable-libharfbuzz --enable-libmp3lame --enable-libmysofa --enable-libopenjpeg --enable-libopenmpt --enable-libopus --enable-librubberband --enable-libshine --enable-libsnappy --enable-libsoxr --enable-libspeex --enable-libtheora --enable-libtwolame --enable-libvidstab --enable-libvorbis --enable-libvpx --enable-libwebp --enable-libx265 --enable-libxml2 --enable-libxvid --enable-libzimg --enable-openal --enable-opencl --enable-opengl --disable-sndio --enable-libvpl --disable-libmfx --enable-libdc1394 --enable-libdrm --enable-libiec61883 --enable-chromaprint --enable-frei0r --enable-ladspa --enable-libbluray --enable-libjack --enable-libpulse --enable-librabbitmq --enable-librist --enable-libsrt --enable-libssh --enable-libsvtav1 --enable-libx264 --enable-libzmq --enable-libzvbi --enable-lv2 --enable-sdl2 --enable-libplacebo --enable-librav1e --enable-pocketsphinx --enable-librsvg --enable-libjxl --enable-shared
  libavutil      58. 29.100 / 58. 29.100
  libavcodec     60. 31.102 / 60. 31.102
  libavformat    60. 16.100 / 60. 16.100
  libavdevice    60.  3.100 / 60.  3.100
  libavfilter     9. 12.100 /  9. 12.100
  libswscale      7.  5.100 /  7.  5.100
  libswresample   4. 12.100 /  4. 12.100
  libpostproc    57.  3.100 / 57.  3.100
21:38:59.002847/SRT:TsbPd!W:SRT.br: @668473456: RCV-DROPPED 1 packet(s). Packet seqno %510036288 delayed for 3.591 ms
21:38:59.002988/SRT:TsbPd!W:SRT.br: @668473456: RCV-DROPPED 1 packet(s). Packet seqno %510036291 delayed for 3.709 ms
21:38:59.003017/SRT:TsbPd!W:SRT.br: @668473456: RCV-DROPPED 1 packet(s). Packet seqno %510036294 delayed for 3.666 ms
21:38:59.003054/SRT:TsbPd!W:SRT.br: @668473456: RCV-DROPPED 1 packet(s). Packet seqno %510036301 delayed for 3.686 ms
21:38:59.003081/SRT:TsbPd!W:SRT.br: @668473456: RCV-DROPPED 1 packet(s). Packet seqno %510036307 delayed for 3.698 ms
21:38:59.003124/SRT:TsbPd!W:SRT.br: @668473456: RCV-DROPPED 1 packet(s). Packet seqno %510036321 delayed for 3.701 ms
21:38:59.030465/SRT:TsbPd!W:SRT.br: @668473456: RCV-DROPPED 1 packet(s). Packet seqno %510036339 delayed for 0.229 ms
21:38:59.075858/SRT:TsbPd!W:SRT.br: @668473456: RCV-DROPPED 1 packet(s). Packet seqno %510036348 delayed for 0.291 ms
21:38:59.076038/SRT:TsbPd!W:SRT.br: @668473456: RCV-DROPPED 1 packet(s). Packet seqno %510036355 delayed for 0.441 ms
[mpegts @ 0x5c2c75f0adc0] Packet corrupt (stream = 0, dts = 217459).
21:38:59.110402/SRT:TsbPd!W:SRT.br: @668473456: RCV-DROPPED 1 packet(s). Packet seqno %510036369 delayed for 0.516 ms
[mpegts @ 0x5c2c75f0adc0] Packet corrupt (stream = 0, dts = 224659).
[h264 @ 0x5c2c75f77040] non-existing PPS 0 referenced
    Last message repeated 1 times
[h264 @ 0x5c2c75f77040] decode_slice_header error
[h264 @ 0x5c2c75f77040] no frame!
21:38:59.149966/SRT:TsbPd!W:SRT.br: @668473456: RCV-DROPPED 1 packet(s). Packet seqno %510036384 delayed for 0.884 ms
[mpegts @ 0x5c2c75f0adc0] Packet corrupt (stream = 0, dts = 228259).
21:38:59.189869/SRT:TsbPd!W:SRT.br: @668473456: RCV-DROPPED 1 packet(s). Packet seqno %510036390 delayed for 0.075 ms
[h264 @ 0x5c2c75f77040] non-existing PPS 0 referenced
    Last message repeated 1 times
[h264 @ 0x5c2c75f77040] decode_slice_header error
[h264 @ 0x5c2c75f77040] no frame!
[mpegts @ 0x5c2c75f0adc0] Packet corrupt (stream = 0, dts = 231859).
[h264 @ 0x5c2c75f77040] non-existing PPS 0 referenced
    Last message repeated 1 times
[h264 @ 0x5c2c75f77040] decode_slice_header error
[h264 @ 0x5c2c75f77040] no frame!
21:38:59.229574/SRT:TsbPd!W:SRT.br: @668473456: RCV-DROPPED 1 packet(s). Packet seqno %510036406 delayed for 0.295 ms
21:38:59.229659/SRT:TsbPd!W:SRT.br: @668473456: RCV-DROPPED 1 packet(s). Packet seqno %510036408 delayed for 0.382 ms
21:38:59.229735/SRT:TsbPd!W:SRT.br: @668473456: RCV-DROPPED 1 packet(s). Packet seqno %510036419 delayed for 0.425 ms
21:38:59.270645/SRT:TsbPd!W:SRT.br: @668473456: RCV-DROPPED 1 packet(s). Packet seqno %510036422 delayed for 0.069 ms
[mpegts @ 0x5c2c75f0adc0] Packet corrupt (stream = 0, dts = 235459).
[h264 @ 0x5c2c75f77040] non-existing PPS 0 referenced
    Last message repeated 1 times
[h264 @ 0x5c2c75f77040] decode_slice_header error
[h264 @ 0x5c2c75f77040] no frame!
21:38:59.270848/SRT:TsbPd!W:SRT.br: @668473456: RCV-DROPPED 1 packet(s). Packet seqno %510036426 delayed for 0.255 ms
21:38:59.270884/SRT:TsbPd!W:SRT.br: @668473456: RCV-DROPPED 1 packet(s). Packet seqno %510036429 delayed for 0.286 ms
21:38:59.270913/SRT:TsbPd!W:SRT.br: @668473456: RCV-DROPPED 2 packet(s). Packet seqno %510036435 delayed for 0.305 ms
[mpegts @ 0x5c2c75f0adc0] Packet corrupt (stream = 0, dts = 239059).
[h264 @ 0x5c2c75f77040] non-existing PPS 0 referenced
    Last message repeated 1 times
[h264 @ 0x5c2c75f77040] decode_slice_header error
[h264 @ 0x5c2c75f77040] no frame!
[h264 @ 0x5c2c75f77040] non-existing PPS 0 referenced
    Last message repeated 1 times
[h264 @ 0x5c2c75f77040] decode_slice_header error
[h264 @ 0x5c2c75f77040] no frame!
21:38:59.350382/SRT:TsbPd!W:SRT.br: @668473456: RCV-DROPPED 1 packet(s). Packet seqno %510036452 delayed for 0.405 ms
[mpegts @ 0x5c2c75f0adc0] Packet corrupt (stream = 0, dts = 246259).
[h264 @ 0x5c2c75f77040] non-existing PPS 0 referenced
    Last message repeated 1 times
[h264 @ 0x5c2c75f77040] decode_slice_header error
[h264 @ 0x5c2c75f77040] no frame!
[h264 @ 0x5c2c75f77040] non-existing PPS 0 referenced
    Last message repeated 1 times
[h264 @ 0x5c2c75f77040] decode_slice_header error
[h264 @ 0x5c2c75f77040] no frame!
[h264 @ 0x5c2c75f77040] non-existing PPS 0 referenced
    Last message repeated 1 times
[h264 @ 0x5c2c75f77040] decode_slice_header error
[h264 @ 0x5c2c75f77040] no frame!
[h264 @ 0x5c2c75f77040] non-existing PPS 0 referenced
    Last message repeated 1 times
[h264 @ 0x5c2c75f77040] decode_slice_header error
[h264 @ 0x5c2c75f77040] no frame!
21:38:59.510393/SRT:TsbPd!W:SRT.br: @668473456: RCV-DROPPED 1 packet(s). Packet seqno %510036524 delayed for 0.331 ms
[mpegts @ 0x5c2c75f0adc0] Packet corrupt (stream = 0, dts = 260659).
[h264 @ 0x5c2c75f77040] non-existing PPS 0 referenced
    Last message repeated 1 times
[h264 @ 0x5c2c75f77040] decode_slice_header error
[h264 @ 0x5c2c75f77040] no frame!
21:38:59.550498/SRT:TsbPd!W:SRT.br: @668473456: RCV-DROPPED 1 packet(s). Packet seqno %510036535 delayed for 0.393 ms
[mpegts @ 0x5c2c75f0adc0] Packet corrupt (stream = 0, dts = 264259).
21:38:59.589104/SRT:TsbPd!W:SRT.br: @668473456: RCV-DROPPED 1 packet(s). Packet seqno %510036539 delayed for 0.154 ms
[h264 @ 0x5c2c75f77040] non-existing PPS 0 referenced
    Last message repeated 1 times
[h264 @ 0x5c2c75f77040] decode_slice_header error
[h264 @ 0x5c2c75f77040] no frame!
[mpegts @ 0x5c2c75f0adc0] Packet corrupt (stream = 0, dts = 267859).
21:38:59.632120/SRT:TsbPd!W:SRT.br: @668473456: RCV-DROPPED 1 packet(s). Packet seqno %510036554 delayed for 0.187 ms
[h264 @ 0x5c2c75f77040] non-existing PPS 0 referenced
    Last message repeated 1 times
[h264 @ 0x5c2c75f77040] decode_slice_header error
[h264 @ 0x5c2c75f77040] no frame!
21:38:59.632468/SRT:TsbPd!W:SRT.br: @668473456: RCV-DROPPED 1 packet(s). Packet seqno %510036567 delayed for 0.518 ms
21:38:59.669226/SRT:TsbPd!W:SRT.br: @668473456: RCV-DROPPED 1 packet(s). Packet seqno %510036587 delayed for 0.097 ms
21:38:59.669437/SRT:TsbPd!W:SRT.br: @668473456: RCV-DROPPED 1 packet(s). Packet seqno %510036592 delayed for 0.307 ms
21:38:59.669610/SRT:TsbPd!W:SRT.br: @668473456: RCV-DROPPED 1 packet(s). Packet seqno %510036601 delayed for 0.470 ms
[mpegts @ 0x5c2c75f0adc0] Packet corrupt (stream = 0, dts = 271459).
[h264 @ 0x5c2c75f77040] non-existing PPS 0 referenced
    Last message repeated 1 times
[h264 @ 0x5c2c75f77040] decode_slice_header error
[h264 @ 0x5c2c75f77040] no frame!
21:38:59.709727/SRT:TsbPd!W:SRT.br: @668473456: RCV-DROPPED 1 packet(s). Packet seqno %510036612 delayed for 0.308 ms
[mpegts @ 0x5c2c75f0adc0] Packet corrupt (stream = 0, dts = 278659).
[h264 @ 0x5c2c75f77040] non-existing PPS 0 referenced
    Last message repeated 1 times
[h264 @ 0x5c2c75f77040] decode_slice_header error
[h264 @ 0x5c2c75f77040] no frame!
[h264 @ 0x5c2c75f77040] non-existing PPS 0 referenced
    Last message repeated 1 times
[h264 @ 0x5c2c75f77040] decode_slice_header error
[h264 @ 0x5c2c75f77040] no frame!
[h264 @ 0x5c2c75f77040] non-existing PPS 0 referenced
    Last message repeated 1 times
[h264 @ 0x5c2c75f77040] decode_slice_header error
[h264 @ 0x5c2c75f77040] no frame!
21:38:59.869272/SRT:TsbPd!W:SRT.br: @668473456: RCV-DROPPED 1 packet(s). Packet seqno %510036644 delayed for 0.167 ms
21:38:59.869420/SRT:TsbPd!W:SRT.br: @668473456: RCV-DROPPED 1 packet(s). Packet seqno %510036647 delayed for 0.307 ms
[h264 @ 0x5c2c75f77040] non-existing PPS 0 referenced
    Last message repeated 1 times
[h264 @ 0x5c2c75f77040] decode_slice_header error
[h264 @ 0x5c2c75f77040] no frame!
21:38:59.869571/SRT:TsbPd!W:SRT.br: @668473456: RCV-DROPPED 1 packet(s). Packet seqno %510036649 delayed for 0.454 ms
21:38:59.869651/SRT:TsbPd!W:SRT.br: @668473456: RCV-DROPPED 1 packet(s). Packet seqno %510036652 delayed for 0.531 ms
[mpegts @ 0x5c2c75f0adc0] Packet corrupt (stream = 0, dts = 293059).
[h264 @ 0x5c2c75f77040] non-existing PPS 0 referenced
    Last message repeated 1 times
[h264 @ 0x5c2c75f77040] decode_slice_header error
[h264 @ 0x5c2c75f77040] no frame!
[h264 @ 0x5c2c75f77040] non-existing PPS 0 referenced
    Last message repeated 1 times
[h264 @ 0x5c2c75f77040] decode_slice_header error
[h264 @ 0x5c2c75f77040] no frame!
[h264 @ 0x5c2c75f77040] non-existing PPS 0 referenced
    Last message repeated 1 times
[h264 @ 0x5c2c75f77040] decode_slice_header error
[h264 @ 0x5c2c75f77040] no frame!
21:38:59.991410/SRT:TsbPd!W:SRT.br: @668473456: RCV-DROPPED 2 packet(s). Packet seqno %510036684 delayed for 0.310 ms
[mpegts @ 0x5c2c75f0adc0] PES packet size mismatch
[mpegts @ 0x5c2c75f0adc0] Packet corrupt (stream = 1, dts = 276465).
[mpegts @ 0x5c2c75f0adc0] Packet corrupt (stream = 0, dts = 303859).
[h264 @ 0x5c2c75f77040] non-existing PPS 0 referenced
    Last message repeated 1 times
[h264 @ 0x5c2c75f77040] decode_slice_header error
[h264 @ 0x5c2c75f77040] no frame!
[h264 @ 0x5c2c75f77040] non-existing PPS 0 referenced
    Last message repeated 1 times
[h264 @ 0x5c2c75f77040] decode_slice_header error
[h264 @ 0x5c2c75f77040] no frame!
21:39:00.070709/SRT:TsbPd!W:SRT.br: @668473456: RCV-DROPPED 1 packet(s). Packet seqno %510036707 delayed for 0.237 ms
21:39:00.109867/SRT:TsbPd!W:SRT.br: @668473456: RCV-DROPPED 1 packet(s). Packet seqno %510036712 delayed for 0.078 ms
[mpegts @ 0x5c2c75f0adc0] Packet corrupt (stream = 0, dts = 311059).
[h264 @ 0x5c2c75f77040] non-existing PPS 0 referenced
    Last message repeated 1 times
[h264 @ 0x5c2c75f77040] decode_slice_header error
[h264 @ 0x5c2c75f77040] no frame!
21:39:00.110165/SRT:TsbPd!W:SRT.br: @668473456: RCV-DROPPED 1 packet(s). Packet seqno %510036722 delayed for 0.361 ms
21:39:00.110231/SRT:TsbPd!W:SRT.br: @668473456: RCV-DROPPED 1 packet(s). Packet seqno %510036726 delayed for 0.421 ms
[mpegts @ 0x5c2c75f0adc0] Packet corrupt (stream = 0, dts = 314659).
[h264 @ 0x5c2c75f77040] non-existing PPS 0 referenced
    Last message repeated 1 times
[h264 @ 0x5c2c75f77040] decode_slice_header error
[h264 @ 0x5c2c75f77040] no frame!
21:39:00.189314/SRT:TsbPd!W:SRT.br: @668473456: RCV-DROPPED 1 packet(s). Packet seqno %510036744 delayed for 0.186 ms
[h264 @ 0x5c2c75f77040] non-existing PPS 0 referenced
    Last message repeated 1 times
[h264 @ 0x5c2c75f77040] decode_slice_header error
[h264 @ 0x5c2c75f77040] no frame!
[mpegts @ 0x5c2c75f0adc0] Packet corrupt (stream = 0, dts = 321859).
[h264 @ 0x5c2c75f77040] non-existing PPS 0 referenced
    Last message repeated 1 times
[h264 @ 0x5c2c75f77040] decode_slice_header error
[h264 @ 0x5c2c75f77040] no frame!
21:39:00.229740/SRT:TsbPd!W:SRT.br: @668473456: RCV-DROPPED 1 packet(s). Packet seqno %510036755 delayed for 0.300 ms
[mpegts @ 0x5c2c75f0adc0] Packet corrupt (stream = 0, dts = 325459).
[h264 @ 0x5c2c75f77040] non-existing PPS 0 referenced
    Last message repeated 1 times
[h264 @ 0x5c2c75f77040] decode_slice_header error
[h264 @ 0x5c2c75f77040] no frame!
21:39:00.270171/SRT:TsbPd!W:SRT.br: @668473456: RCV-DROPPED 1 packet(s). Packet seqno %510036778 delayed for 0.343 ms
21:39:00.270227/SRT:TsbPd!W:SRT.br: @668473456: RCV-DROPPED 1 packet(s). Packet seqno %510036780 delayed for 0.402 ms
[mpegts @ 0x5c2c75f0adc0] Packet corrupt (stream = 0, dts = 329059).
[h264 @ 0x5c2c75f77040] non-existing PPS 0 referenced
    Last message repeated 1 times
[h264 @ 0x5c2c75f77040] decode_slice_header error
[h264 @ 0x5c2c75f77040] no frame!
[h264 @ 0x5c2c75f77040] non-existing PPS 0 referenced
    Last message repeated 1 times
[h264 @ 0x5c2c75f77040] decode_slice_header error
[h264 @ 0x5c2c75f77040] no frame!
21:39:00.349880/SRT:TsbPd!W:SRT.br: @668473456: RCV-DROPPED 2 packet(s). Packet seqno %510036807 delayed for 0.500 ms
[mpegts @ 0x5c2c75f0adc0] Packet corrupt (stream = 0, dts = 336259).
[h264 @ 0x5c2c75f77040] non-existing PPS 0 referenced
    Last message repeated 1 times
[h264 @ 0x5c2c75f77040] decode_slice_header error
[h264 @ 0x5c2c75f77040] no frame!
21:39:00.389639/SRT:TsbPd!W:SRT.br: @668473456: RCV-DROPPED 1 packet(s). Packet seqno %510036818 delayed for 0.298 ms
[mpegts @ 0x5c2c75f0adc0] Packet corrupt (stream = 0, dts = 339859).
[h264 @ 0x5c2c75f77040] non-existing PPS 0 referenced
    Last message repeated 1 times
[h264 @ 0x5c2c75f77040] decode_slice_header error
[h264 @ 0x5c2c75f77040] no frame!
21:39:00.429465/SRT:TsbPd!W:SRT.br: @668473456: RCV-DROPPED 1 packet(s). Packet seqno %510036824 delayed for 0.476 ms
21:39:00.429555/SRT:TsbPd!W:SRT.br: @668473456: RCV-DROPPED 1 packet(s). Packet seqno %510036831 delayed for 0.566 ms
21:39:00.429629/SRT:TsbPd!W:SRT.br: @668473456: RCV-DROPPED 1 packet(s). Packet seqno %510036839 delayed for 0.634 ms
[mpegts @ 0x5c2c75f0adc0] Packet corrupt (stream = 0, dts = 343459).
[h264 @ 0x5c2c75f77040] non-existing PPS 0 referenced
    Last message repeated 1 times
[h264 @ 0x5c2c75f77040] decode_slice_header error
[h264 @ 0x5c2c75f77040] no frame!
21:39:00.469542/SRT:TsbPd!W:SRT.br: @668473456: RCV-DROPPED 1 packet(s). Packet seqno %510036846 delayed for 0.334 ms
[mpegts @ 0x5c2c75f0adc0] Packet corrupt (stream = 0, dts = 347059).
[h264 @ 0x5c2c75f77040] non-existing PPS 0 referenced
    Last message repeated 1 times
[h264 @ 0x5c2c75f77040] decode_slice_header error
[h264 @ 0x5c2c75f77040] no frame!
21:39:00.509569/SRT:TsbPd!W:SRT.br: @668473456: RCV-DROPPED 1 packet(s). Packet seqno %510036860 delayed for 0.311 ms
[mpegts @ 0x5c2c75f0adc0] Packet corrupt (stream = 0, dts = 350659).
[h264 @ 0x5c2c75f77040] non-existing PPS 0 referenced
    Last message repeated 1 times
[h264 @ 0x5c2c75f77040] decode_slice_header error
[h264 @ 0x5c2c75f77040] no frame!
[h264 @ 0x5c2c75f77040] non-existing PPS 0 referenced
    Last message repeated 1 times
[h264 @ 0x5c2c75f77040] decode_slice_header error
[h264 @ 0x5c2c75f77040] no frame!
21:39:00.589470/SRT:TsbPd!W:SRT.br: @668473456: RCV-DROPPED 1 packet(s). Packet seqno %510036882 delayed for 0.342 ms
[mpegts @ 0x5c2c75f0adc0] Packet corrupt (stream = 0, dts = 357859).
[h264 @ 0x5c2c75f77040] non-existing PPS 0 referenced
    Last message repeated 1 times
[h264 @ 0x5c2c75f77040] decode_slice_header error
[h264 @ 0x5c2c75f77040] no frame!
[h264 @ 0x5c2c75f77040] non-existing PPS 0 referenced
    Last message repeated 1 times
[h264 @ 0x5c2c75f77040] decode_slice_header error
[h264 @ 0x5c2c75f77040] no frame!
21:39:00.669991/SRT:TsbPd!W:SRT.br: @668473456: RCV-DROPPED 1 packet(s). Packet seqno %510036915 delayed for 0.258 ms
[mpegts @ 0x5c2c75f0adc0] Packet corrupt (stream = 0, dts = 365059).
[h264 @ 0x5c2c75f77040] non-existing PPS 0 referenced
    Last message repeated 1 times
[h264 @ 0x5c2c75f77040] decode_slice_header error
[h264 @ 0x5c2c75f77040] no frame!
21:39:00.749155/SRT:TsbPd!W:SRT.br: @668473456: RCV-DROPPED 1 packet(s). Packet seqno %510036925 delayed for 0.107 ms
[h264 @ 0x5c2c75f77040] non-existing PPS 0 referenced
    Last message repeated 1 times
[h264 @ 0x5c2c75f77040] decode_slice_header error
[h264 @ 0x5c2c75f77040] no frame!
21:39:00.789911/SRT:TsbPd!W:SRT.br: @668473456: RCV-DROPPED 1 packet(s). Packet seqno %510036946 delayed for 0.102 ms
21:39:00.790047/SRT:TsbPd!W:SRT.br: @668473456: RCV-DROPPED 1 packet(s). Packet seqno %510036948 delayed for 0.243 ms
21:39:00.829419/SRT:TsbPd!W:SRT.br: @668473456: RCV-DROPPED 2 packet(s). Packet seqno %510036954 delayed for 0.069 ms
[mpegts @ 0x5c2c75f0adc0] Packet corrupt (stream = 0, dts = 372259).
[h264 @ 0x5c2c75f77040] non-existing PPS 0 referenced
    Last message repeated 1 times
[h264 @ 0x5c2c75f77040] decode_slice_header error
[h264 @ 0x5c2c75f77040] no frame!
[h264 @ 0x5c2c75f77040] non-existing PPS 0 referenced
    Last message repeated 1 times
[h264 @ 0x5c2c75f77040] decode_slice_header error
[h264 @ 0x5c2c75f77040] no frame!
21:39:00.869774/SRT:TsbPd!W:SRT.br: @668473456: RCV-DROPPED 2 packet(s). Packet seqno %510036975 delayed for 0.423 ms
21:39:00.869848/SRT:TsbPd!W:SRT.br: @668473456: RCV-DROPPED 3 packet(s). Packet seqno %510036981 delayed for 0.498 ms
21:39:00.869906/SRT:TsbPd!W:SRT.br: @668473456: RCV-DROPPED 1 packet(s). Packet seqno %510036986 delayed for 0.552 ms
[mpegts @ 0x5c2c75f0adc0] Packet corrupt (stream = 0, dts = 383059).
[h264 @ 0x5c2c75f77040] non-existing PPS 0 referenced
    Last message repeated 1 times
[h264 @ 0x5c2c75f77040] decode_slice_header error
[h264 @ 0x5c2c75f77040] no frame!
[h264 @ 0x5c2c75f77040] non-existing PPS 0 referenced
    Last message repeated 1 times
[h264 @ 0x5c2c75f77040] decode_slice_header error
[h264 @ 0x5c2c75f77040] no frame!
21:39:00.949489/SRT:TsbPd!W:SRT.br: @668473456: RCV-DROPPED 1 packet(s). Packet seqno %510037000 delayed for 0.326 ms
[mpegts @ 0x5c2c75f0adc0] Packet corrupt (stream = 0, dts = 390259).
[h264 @ 0x5c2c75f77040] non-existing PPS 0 referenced
    Last message repeated 1 times
[h264 @ 0x5c2c75f77040] decode_slice_header error
[h264 @ 0x5c2c75f77040] no frame!
21:39:00.990076/SRT:TsbPd!W:SRT.br: @668473456: RCV-DROPPED 1 packet(s). Packet seqno %510037021 delayed for 0.242 ms
[mpegts @ 0x5c2c75f0adc0] Packet corrupt (stream = 0, dts = 393859).
21:39:01.029878/SRT:TsbPd!W:SRT.br: @668473456: RCV-DROPPED 1 packet(s). Packet seqno %510037030 delayed for 0.122 ms
[h264 @ 0x5c2c75f77040] non-existing PPS 0 referenced
    Last message repeated 1 times
[h264 @ 0x5c2c75f77040] decode_slice_header error
[h264 @ 0x5c2c75f77040] no frame!
[mpegts @ 0x5c2c75f0adc0] Packet corrupt (stream = 0, dts = 397459).
21:39:01.069872/SRT:TsbPd!W:SRT.br: @668473456: RCV-DROPPED 1 packet(s). Packet seqno %510037038 delayed for 0.137 ms
[h264 @ 0x5c2c75f77040] non-existing PPS 0 referenced
    Last message repeated 1 times
[h264 @ 0x5c2c75f77040] decode_slice_header error
[h264 @ 0x5c2c75f77040] no frame!
[mpegts @ 0x5c2c75f0adc0] Packet corrupt (stream = 0, dts = 401059).
[h264 @ 0x5c2c75f77040] non-existing PPS 0 referenced
    Last message repeated 1 times
[h264 @ 0x5c2c75f77040] decode_slice_header error
[h264 @ 0x5c2c75f77040] no frame!
[h264 @ 0x5c2c75f77040] non-existing PPS 0 referenced
    Last message repeated 1 times
[h264 @ 0x5c2c75f77040] decode_slice_header error
[h264 @ 0x5c2c75f77040] no frame!
21:39:01.149476/SRT:TsbPd!W:SRT.br: @668473456: RCV-DROPPED 1 packet(s). Packet seqno %510037074 delayed for 0.334 ms
[mpegts @ 0x5c2c75f0adc0] Packet corrupt (stream = 0, dts = 408259).
[h264 @ 0x5c2c75f77040] non-existing PPS 0 referenced
    Last message repeated 1 times
[h264 @ 0x5c2c75f77040] decode_slice_header error
[h264 @ 0x5c2c75f77040] no frame!
21:39:01.189562/SRT:TsbPd!W:SRT.br: @668473456: RCV-DROPPED 1 packet(s). Packet seqno %510037083 delayed for 0.294 ms
[mpegts @ 0x5c2c75f0adc0] Packet corrupt (stream = 0, dts = 411859).
[h264 @ 0x5c2c75f77040] non-existing PPS 0 referenced
    Last message repeated 1 times
[h264 @ 0x5c2c75f77040] decode_slice_header error
[h264 @ 0x5c2c75f77040] no frame!
21:39:01.230089/SRT:TsbPd!W:SRT.br: @668473456: RCV-DROPPED 1 packet(s). Packet seqno %510037107 delayed for 0.258 ms
[mpegts @ 0x5c2c75f0adc0] Packet corrupt (stream = 0, dts = 415459).
[h264 @ 0x5c2c75f77040] non-existing PPS 0 referenced
    Last message repeated 1 times
[h264 @ 0x5c2c75f77040] decode_slice_header error
[h264 @ 0x5c2c75f77040] no frame!
21:39:01.309271/SRT:TsbPd!W:SRT.br: @668473456: RCV-DROPPED 1 packet(s). Packet seqno %510037118 delayed for 0.092 ms
[mpegts @ 0x5c2c75f0adc0] Packet corrupt (stream = 0, dts = 419059).
[h264 @ 0x5c2c75f77040] non-existing PPS 0 referenced
    Last message repeated 1 times
[h264 @ 0x5c2c75f77040] decode_slice_header error
[h264 @ 0x5c2c75f77040] no frame!
21:39:01.309589/SRT:TsbPd!W:SRT.br: @668473456: RCV-DROPPED 1 packet(s). Packet seqno %510037133 delayed for 0.349 ms
21:39:01.309657/SRT:TsbPd!W:SRT.br: @668473456: RCV-DROPPED 1 packet(s). Packet seqno %510037135 delayed for 0.413 ms
[mpegts @ 0x5c2c75f0adc0] Packet corrupt (stream = 0, dts = 422659).
[h264 @ 0x5c2c75f77040] non-existing PPS 0 referenced
    Last message repeated 1 times
[h264 @ 0x5c2c75f77040] decode_slice_header error
[h264 @ 0x5c2c75f77040] no frame!
21:39:01.348991/SRT:TsbPd!W:SRT.br: @668473456: RCV-DROPPED 1 packet(s). Packet seqno %510037144 delayed for 0.260 ms
[mpegts @ 0x5c2c75f0adc0] Packet corrupt (stream = 0, dts = 426259).
[h264 @ 0x5c2c75f77040] non-existing PPS 0 referenced
    Last message repeated 1 times
[h264 @ 0x5c2c75f77040] decode_slice_header error
[h264 @ 0x5c2c75f77040] no frame!
21:39:01.389481/SRT:TsbPd!W:SRT.br: @668473456: RCV-DROPPED 1 packet(s). Packet seqno %510037164 delayed for 0.581 ms
[mpegts @ 0x5c2c75f0adc0] Packet corrupt (stream = 0, dts = 429859).
[h264 @ 0x5c2c75f77040] non-existing PPS 0 referenced
    Last message repeated 1 times
[h264 @ 0x5c2c75f77040] decode_slice_header error
[h264 @ 0x5c2c75f77040] no frame!
21:39:01.429694/SRT:TsbPd!W:SRT.br: @668473456: RCV-DROPPED 1 packet(s). Packet seqno %510037189 delayed for 0.236 ms
[mpegts @ 0x5c2c75f0adc0] Packet corrupt (stream = 0, dts = 433459).
[h264 @ 0x5c2c75f77040] non-existing PPS 0 referenced
    Last message repeated 1 times
[h264 @ 0x5c2c75f77040] decode_slice_header error
[h264 @ 0x5c2c75f77040] no frame!
21:39:01.469404/SRT:TsbPd!W:SRT.br: @668473456: RCV-DROPPED 1 packet(s). Packet seqno %510037204 delayed for 0.392 ms
21:39:01.509929/SRT:TsbPd!W:SRT.br: @668473456: RCV-DROPPED 1 packet(s). Packet seqno %510037212 delayed for 0.068 ms
[mpegts @ 0x5c2c75f0adc0] Packet corrupt (stream = 0, dts = 437059).
[h264 @ 0x5c2c75f77040] non-existing PPS 0 referenced
    Last message repeated 1 times
[h264 @ 0x5c2c75f77040] decode_slice_header error
[h264 @ 0x5c2c75f77040] no frame!
[h264 @ 0x5c2c75f77040] non-existing PPS 0 referenced
    Last message repeated 1 times
[h264 @ 0x5c2c75f77040] decode_slice_header error
[h264 @ 0x5c2c75f77040] no frame!
21:39:01.550062/SRT:TsbPd!W:SRT.br: @668473456: RCV-DROPPED 1 packet(s). Packet seqno %510037243 delayed for 0.221 ms
21:39:01.550119/SRT:TsbPd!W:SRT.br: @668473456: RCV-DROPPED 1 packet(s). Packet seqno %510037248 delayed for 0.269 ms
[mpegts @ 0x5c2c75f0adc0] Packet corrupt (stream = 0, dts = 444259).
[h264 @ 0x5c2c75f77040] non-existing PPS 0 referenced
    Last message repeated 1 times
[h264 @ 0x5c2c75f77040] decode_slice_header error
[h264 @ 0x5c2c75f77040] no frame!
[h264 @ 0x5c2c75f77040] non-existing PPS 0 referenced
    Last message repeated 1 times
[h264 @ 0x5c2c75f77040] decode_slice_header error
[h264 @ 0x5c2c75f77040] no frame!
21:39:01.629359/SRT:TsbPd!W:SRT.br: @668473456: RCV-DROPPED 2 packet(s). Packet seqno %510037262 delayed for 0.361 ms
21:39:01.669243/SRT:TsbPd!W:SRT.br: @668473456: RCV-DROPPED 1 packet(s). Packet seqno %510037269 delayed for 0.094 ms
[mpegts @ 0x5c2c75f0adc0] Packet corrupt (stream = 0, dts = 451459).
[h264 @ 0x5c2c75f77040] non-existing PPS 0 referenced
    Last message repeated 1 times
[h264 @ 0x5c2c75f77040] decode_slice_header error
[h264 @ 0x5c2c75f77040] no frame!
21:39:01.669448/SRT:TsbPd!W:SRT.br: @668473456: RCV-DROPPED 1 packet(s). Packet seqno %510037275 delayed for 0.265 ms
21:39:01.669491/SRT:TsbPd!W:SRT.br: @668473456: RCV-DROPPED 1 packet(s). Packet seqno %510037284 delayed for 0.292 ms
[mpegts @ 0x5c2c75f0adc0] Packet corrupt (stream = 0, dts = 455059).
[h264 @ 0x5c2c75f77040] non-existing PPS 0 referenced
    Last message repeated 1 times
[h264 @ 0x5c2c75f77040] decode_slice_header error
[h264 @ 0x5c2c75f77040] no frame!
21:39:01.710009/SRT:TsbPd!W:SRT.br: @668473456: RCV-DROPPED 1 packet(s). Packet seqno %510037299 delayed for 0.309 ms
[mpegts @ 0x5c2c75f0adc0] Packet corrupt (stream = 0, dts = 458659).
[h264 @ 0x5c2c75f77040] non-existing PPS 0 referenced
    Last message repeated 1 times
[h264 @ 0x5c2c75f77040] decode_slice_header error
[h264 @ 0x5c2c75f77040] no frame!
21:39:01.749101/SRT:TsbPd!W:SRT.br: @668473456: RCV-DROPPED 1 packet(s). Packet seqno %510037309 delayed for 0.214 ms
[mpegts @ 0x5c2c75f0adc0] Packet corrupt (stream = 0, dts = 462259).
21:39:01.879308/SRT:TsbPd!W:SRT.br: @668473456: RCV-DROPPED 1 packet(s). Packet seqno %510037317 delayed for 89.817 ms
[h264 @ 0x5c2c75f77040] non-existing PPS 0 referenced
    Last message repeated 1 times
[h264 @ 0x5c2c75f77040] decode_slice_header error
[h264 @ 0x5c2c75f77040] no frame!
21:39:01.879502/SRT:TsbPd!W:SRT.br: @668473456: RCV-DROPPED 1 packet(s). Packet seqno %510037319 delayed for 90.011 ms
21:39:01.880289/SRT:TsbPd!W:SRT.br: @668473456: RCV-DROPPED 1 packet(s). Packet seqno %510037329 delayed for 90.781 ms
21:39:01.882201/SRT:TsbPd!W:SRT.br: @668473456: RCV-DROPPED 1 packet(s). Packet seqno %510037343 delayed for 52.542 ms
[mpegts @ 0x5c2c75f0adc0] Packet corrupt (stream = 1, dts = 437379).
[mpegts @ 0x5c2c75f0adc0] Packet corrupt (stream = 0, dts = 465859).
[h264 @ 0x5c2c75f77040] non-existing PPS 0 referenced
    Last message repeated 1 times
[h264 @ 0x5c2c75f77040] decode_slice_header error
[h264 @ 0x5c2c75f77040] no frame!
21:39:01.882457/SRT:TsbPd!W:SRT.br: @668473456: RCV-DROPPED 1 packet(s). Packet seqno %510037349 delayed for 52.783 ms
21:39:01.986602/SRT:TsbPd!W:SRT.br: @668473456: RCV-DROPPED 1 packet(s). Packet seqno %510037355 delayed for 117.274 ms
21:39:01.993258/SRT:TsbPd!W:SRT.br: @668473456: RCV-DROPPED 3 packet(s). Packet seqno %510037360 delayed for 123.922 ms
[mpegts @ 0x5c2c75f0adc0] Packet corrupt (stream = 0, dts = 469459).
[h264 @ 0x5c2c75f77040] non-existing PPS 0 referenced
    Last message repeated 1 times
[h264 @ 0x5c2c75f77040] decode_slice_header error
[h264 @ 0x5c2c75f77040] no frame!
21:39:02.003995/SRT:TsbPd!W:SRT.br: @668473456: RCV-DROPPED 1 packet(s). Packet seqno %510037372 delayed for 95.160 ms
[mpegts @ 0x5c2c75f0adc0] Packet corrupt (stream = 0, dts = 476659).
[h264 @ 0x5c2c75f77040] non-existing PPS 0 referenced
    Last message repeated 1 times
[h264 @ 0x5c2c75f77040] decode_slice_header error
[h264 @ 0x5c2c75f77040] no frame!
21:39:02.018921/SRT:TsbPd!W:SRT.br: @668473456: RCV-DROPPED 1 packet(s). Packet seqno %510037394 delayed for 69.819 ms
[mpegts @ 0x5c2c75f0adc0] Packet corrupt (stream = 0, dts = 480259).
[h264 @ 0x5c2c75f77040] non-existing PPS 0 referenced
    Last message repeated 1 times
[h264 @ 0x5c2c75f77040] decode_slice_header error
[h264 @ 0x5c2c75f77040] no frame!
[h264 @ 0x5c2c75f77040] non-existing PPS 0 referenced
    Last message repeated 1 times
[h264 @ 0x5c2c75f77040] decode_slice_header error
[h264 @ 0x5c2c75f77040] no frame!
21:39:02.038168/SRT:TsbPd!W:SRT.br: @668473456: RCV-DROPPED 1 packet(s). Packet seqno %510037418 delayed for 9.111 ms
21:39:02.039628/SRT:TsbPd!W:SRT.br: @668473456: RCV-DROPPED 1 packet(s). Packet seqno %510037420 delayed for 10.556 ms
[mpegts @ 0x5c2c75f0adc0] Packet corrupt (stream = 0, dts = 487459).
[h264 @ 0x5c2c75f77040] non-existing PPS 0 referenced
    Last message repeated 1 times
[h264 @ 0x5c2c75f77040] decode_slice_header error
[h264 @ 0x5c2c75f77040] no frame!
[h264 @ 0x5c2c75f77040] non-existing PPS 0 referenced
    Last message repeated 1 times
[h264 @ 0x5c2c75f77040] decode_slice_header error
[h264 @ 0x5c2c75f77040] no frame!
[h264 @ 0x5c2c75f77040] non-existing PPS 0 referenced
    Last message repeated 1 times
[h264 @ 0x5c2c75f77040] decode_slice_header error
[h264 @ 0x5c2c75f77040] no frame!
21:39:02.149817/SRT:TsbPd!W:SRT.br: @668473456: RCV-DROPPED 2 packet(s). Packet seqno %510037465 delayed for 0.269 ms
[mpegts @ 0x5c2c75f0adc0] Packet corrupt (stream = 0, dts = 498259).
[h264 @ 0x5c2c75f77040] non-existing PPS 0 referenced
    Last message repeated 1 times
[h264 @ 0x5c2c75f77040] decode_slice_header error
[h264 @ 0x5c2c75f77040] no frame!
21:39:02.229170/SRT:TsbPd!W:SRT.br: @668473456: RCV-DROPPED 1 packet(s). Packet seqno %510037489 delayed for 0.084 ms
[mpegts @ 0x5c2c75f0adc0] Packet corrupt (stream = 0, dts = 501859).
[h264 @ 0x5c2c75f77040] non-existing PPS 0 referenced
    Last message repeated 1 times
[h264 @ 0x5c2c75f77040] decode_slice_header error
[h264 @ 0x5c2c75f77040] no frame!
21:39:02.229653/SRT:TsbPd!W:SRT.br: @668473456: RCV-DROPPED 1 packet(s). Packet seqno %510037493 delayed for 0.564 ms
[mpegts @ 0x5c2c75f0adc0] Packet corrupt (stream = 0, dts = 505459).
21:39:02.269285/SRT:TsbPd!W:SRT.br: @668473456: RCV-DROPPED 1 packet(s). Packet seqno %510037502 delayed for 0.132 ms
[h264 @ 0x5c2c75f77040] non-existing PPS 0 referenced
    Last message repeated 1 times
[h264 @ 0x5c2c75f77040] decode_slice_header error
[h264 @ 0x5c2c75f77040] no frame!
21:39:02.269433/SRT:TsbPd!W:SRT.br: @668473456: RCV-DROPPED 1 packet(s). Packet seqno %510037506 delayed for 0.277 ms
[mpegts @ 0x5c2c75f0adc0] Packet corrupt (stream = 0, dts = 509059).
[h264 @ 0x5c2c75f77040] non-existing PPS 0 referenced
    Last message repeated 1 times
[h264 @ 0x5c2c75f77040] decode_slice_header error
[h264 @ 0x5c2c75f77040] no frame!
21:39:02.309553/SRT:TsbPd!W:SRT.br: @668473456: RCV-DROPPED 1 packet(s). Packet seqno %510037530 delayed for 0.309 ms
[mpegts @ 0x5c2c75f0adc0] Packet corrupt (stream = 0, dts = 512659).
[h264 @ 0x5c2c75f77040] non-existing PPS 0 referenced
    Last message repeated 1 times
[h264 @ 0x5c2c75f77040] decode_slice_header error
[h264 @ 0x5c2c75f77040] no frame!
21:39:02.349762/SRT:TsbPd!W:SRT.br: @668473456: RCV-DROPPED 1 packet(s). Packet seqno %510037537 delayed for 0.287 ms
21:39:02.349819/SRT:TsbPd!W:SRT.br: @668473456: RCV-DROPPED 1 packet(s). Packet seqno %510037542 delayed for 0.333 ms
[mpegts @ 0x5c2c75f0adc0] Packet corrupt (stream = 0, dts = 516259).
[h264 @ 0x5c2c75f77040] non-existing PPS 0 referenced
    Last message repeated 1 times
[h264 @ 0x5c2c75f77040] decode_slice_header error
[h264 @ 0x5c2c75f77040] no frame!
21:39:02.389719/SRT:TsbPd!W:SRT.br: @668473456: RCV-DROPPED 1 packet(s). Packet seqno %510037566 delayed for 0.319 ms
[mpegts @ 0x5c2c75f0adc0] Packet corrupt (stream = 0, dts = 519859).
[h264 @ 0x5c2c75f77040] non-existing PPS 0 referenced
    Last message repeated 1 times
[h264 @ 0x5c2c75f77040] decode_slice_header error
[h264 @ 0x5c2c75f77040] no frame!
21:39:02.429372/SRT:TsbPd!W:SRT.br: @668473456: RCV-DROPPED 1 packet(s). Packet seqno %510037586 delayed for 0.330 ms
21:39:02.429455/SRT:TsbPd!W:SRT.br: @668473456: RCV-DROPPED 1 packet(s). Packet seqno %510037590 delayed for 0.415 ms
21:39:02.429497/SRT:TsbPd!W:SRT.br: @668473456: RCV-DROPPED 1 packet(s). Packet seqno %510037595 delayed for 0.449 ms
21:39:02.429543/SRT:TsbPd!W:SRT.br: @668473456: RCV-DROPPED 1 packet(s). Packet seqno %510037601 delayed for 0.486 ms
21:39:02.429583/SRT:TsbPd!W:SRT.br: @668473456: RCV-DROPPED 1 packet(s). Packet seqno %510037606 delayed for 0.513 ms
21:39:02.429659/SRT:TsbPd!W:SRT.br: @668473456: RCV-DROPPED 1 packet(s). Packet seqno %510037614 delayed for 0.566 ms
21:39:02.469675/SRT:TsbPd!W:SRT.br: @668473456: RCV-DROPPED 1 packet(s). Packet seqno %510037616 delayed for 0.069 ms
21:39:02.469787/SRT:TsbPd!W:SRT.br: @668473456: RCV-DROPPED 1 packet(s). Packet seqno %510037619 delayed for 0.175 ms
21:39:02.469861/SRT:TsbPd!W:SRT.br: @668473456: RCV-DROPPED 1 packet(s). Packet seqno %510037634 delayed for 0.236 ms
21:39:02.469901/SRT:TsbPd!W:SRT.br: @668473456: RCV-DROPPED 1 packet(s). Packet seqno %510037637 delayed for 0.273 ms
[mpegts @ 0x5c2c75f0adc0] Packet corrupt (stream = 0, dts = 523459).
[h264 @ 0x5c2c75f77040] non-existing PPS 0 referenced
    Last message repeated 1 times
[h264 @ 0x5c2c75f77040] decode_slice_header error
[h264 @ 0x5c2c75f77040] no frame!
21:39:02.510046/SRT:TsbPd!W:SRT.br: @668473456: RCV-DROPPED 1 packet(s). Packet seqno %510037659 delayed for 0.506 ms
21:39:02.510173/SRT:TsbPd!W:SRT.br: @668473456: RCV-DROPPED 1 packet(s). Packet seqno %510037663 delayed for 0.632 ms
[mpegts @ 0x5c2c75f0adc0] Packet corrupt (stream = 0, dts = 530659).
[h264 @ 0x5c2c75f77040] concealing 5275 DC, 5275 AC, 5275 MV errors in I frame
21:39:02.589545/SRT:TsbPd!W:SRT.br: @668473456: RCV-DROPPED 1 packet(s). Packet seqno %510037688 delayed for 0.154 ms
21:39:02.589620/SRT:TsbPd!W:SRT.br: @668473456: RCV-DROPPED 1 packet(s). Packet seqno %510037690 delayed for 0.230 ms
21:39:02.589655/SRT:TsbPd!W:SRT.br: @668473456: RCV-DROPPED 1 packet(s). Packet seqno %510037693 delayed for 0.263 ms
21:39:02.589693/SRT:TsbPd!W:SRT.br: @668473456: RCV-DROPPED 1 packet(s). Packet seqno %510037696 delayed for 0.296 ms
21:39:02.589755/SRT:TsbPd!W:SRT.br: @668473456: RCV-DROPPED 1 packet(s). Packet seqno %510037708 delayed for 0.349 ms
[mpegts @ 0x5c2c75f0adc0] Packet corrupt (stream = 0, dts = 537859).
21:39:02.628837/SRT:TsbPd!W:SRT.br: @668473456: RCV-DROPPED 1 packet(s). Packet seqno %510037720 delayed for 0.231 ms
21:39:02.628886/SRT:TsbPd!W:SRT.br: @668473456: RCV-DROPPED 1 packet(s). Packet seqno %510037722 delayed for 0.280 ms
[mpegts @ 0x5c2c75f0adc0] Packet corrupt (stream = 0, dts = 541459).
21:39:02.709210/SRT:TsbPd!W:SRT.br: @668473456: RCV-DROPPED 1 packet(s). Packet seqno %510037752 delayed for 0.168 ms
21:39:02.709455/SRT:TsbPd!W:SRT.br: @668473456: RCV-DROPPED 1 packet(s). Packet seqno %510037755 delayed for 0.412 ms
21:39:02.709522/SRT:TsbPd!W:SRT.br: @668473456: RCV-DROPPED 1 packet(s). Packet seqno %510037762 delayed for 0.473 ms
21:39:02.748815/SRT:TsbPd!W:SRT.br: @668473456: RCV-DROPPED 2 packet(s). Packet seqno %510037766 delayed for 0.076 ms
21:39:02.748948/SRT:TsbPd!W:SRT.br: @668473456: RCV-DROPPED 1 packet(s). Packet seqno %510037772 delayed for 0.211 ms
21:39:02.788852/SRT:TsbPd!W:SRT.br: @668473456: RCV-DROPPED 1 packet(s). Packet seqno %510037778 delayed for 0.086 ms
21:39:02.788976/SRT:TsbPd!W:SRT.br: @668473456: RCV-DROPPED 1 packet(s). Packet seqno %510037781 delayed for 0.201 ms
[mpegts @ 0x5c2c75f0adc0] Packet corrupt (stream = 0, dts = 548659).
21:39:02.829883/SRT:TsbPd!W:SRT.br: @668473456: RCV-DROPPED 3 packet(s). Packet seqno %510037796 delayed for 0.145 ms
21:39:02.869562/SRT:TsbPd!W:SRT.br: @668473456: RCV-DROPPED 1 packet(s). Packet seqno %510037821 delayed for 0.071 ms
21:39:02.869699/SRT:TsbPd!W:SRT.br: @668473456: RCV-DROPPED 1 packet(s). Packet seqno %510037829 delayed for 0.208 ms
21:39:02.869746/SRT:TsbPd!W:SRT.br: @668473456: RCV-DROPPED 1 packet(s). Packet seqno %510037840 delayed for 0.248 ms
[mpegts @ 0x5c2c75f0adc0] Packet corrupt (stream = 0, dts = 559459).
21:39:02.908955/SRT:TsbPd!W:SRT.br: @668473456: RCV-DROPPED 1 packet(s). Packet seqno %510037850 delayed for 0.326 ms
[mpegts @ 0x5c2c75f0adc0] Packet corrupt (stream = 0, dts = 566659).
21:39:02.949978/SRT:TsbPd!W:SRT.br: @668473456: RCV-DROPPED 2 packet(s). Packet seqno %510037875 delayed for 0.219 ms
[mpegts @ 0x5c2c75f0adc0] Packet corrupt (stream = 0, dts = 570259).
21:39:02.989595/SRT:TsbPd!W:SRT.br: @668473456: RCV-DROPPED 1 packet(s). Packet seqno %510037881 delayed for 0.089 ms
21:39:02.989730/SRT:TsbPd!W:SRT.br: @668473456: RCV-DROPPED 1 packet(s). Packet seqno %510037891 delayed for 0.213 ms
21:39:02.989776/SRT:TsbPd!W:SRT.br: @668473456: RCV-DROPPED 1 packet(s). Packet seqno %510037901 delayed for 0.252 ms
[mpegts @ 0x5c2c75f0adc0] Packet corrupt (stream = 0, dts = 573859).
21:39:03.029907/SRT:TsbPd!W:SRT.br: @668473456: RCV-DROPPED 1 packet(s). Packet seqno %510037917 delayed for 0.364 ms
[mpegts @ 0x5c2c75f0adc0] Packet corrupt (stream = 0, dts = 577459).
21:39:03.069564/SRT:TsbPd!W:SRT.br: @668473456: RCV-DROPPED 1 packet(s). Packet seqno %510037932 delayed for 0.343 ms
[mpegts @ 0x5c2c75f0adc0] Packet corrupt (stream = 0, dts = 581059).
21:39:03.109429/SRT:TsbPd!W:SRT.br: @668473456: RCV-DROPPED 3 packet(s). Packet seqno %510037947 delayed for 0.274 ms
21:39:03.109487/SRT:TsbPd!W:SRT.br: @668473456: RCV-DROPPED 1 packet(s). Packet seqno %510037950 delayed for 0.332 ms
[mpegts @ 0x5c2c75f0adc0] Packet corrupt (stream = 0, dts = 584659).
21:39:03.149775/SRT:TsbPd!W:SRT.br: @668473456: RCV-DROPPED 1 packet(s). Packet seqno %510037966 delayed for 0.255 ms
21:39:03.188863/SRT:TsbPd!W:SRT.br: @668473456: RCV-DROPPED 1 packet(s). Packet seqno %510037970 delayed for 0.066 ms
[mpegts @ 0x5c2c75f0adc0] Packet corrupt (stream = 0, dts = 588259).
21:39:03.189118/SRT:TsbPd!W:SRT.br: @668473456: RCV-DROPPED 1 packet(s). Packet seqno %510037980 delayed for 0.306 ms
21:39:03.229255/SRT:TsbPd!W:SRT.br: @668473456: RCV-DROPPED 1 packet(s). Packet seqno %510037985 delayed for 0.106 ms
[mpegts @ 0x5c2c75f0adc0] Packet corrupt (stream = 0, dts = 591859).
21:39:03.229580/SRT:TsbPd!W:SRT.br: @668473456: RCV-DROPPED 1 packet(s). Packet seqno %510038000 delayed for 0.413 ms
21:39:03.229670/SRT:TsbPd!W:SRT.br: @668473456: RCV-DROPPED 2 packet(s). Packet seqno %510038006 delayed for 0.495 ms
21:39:03.269193/SRT:TsbPd!W:SRT.br: @668473456: RCV-DROPPED 1 packet(s). Packet seqno %510038010 delayed for 0.120 ms
[mpegts @ 0x5c2c75f0adc0] Packet corrupt (stream = 0, dts = 595459).
21:39:03.269402/SRT:TsbPd!W:SRT.br: @668473456: RCV-DROPPED 1 packet(s). Packet seqno %510038016 delayed for 0.308 ms
[mpegts @ 0x5c2c75f0adc0] Packet corrupt (stream = 0, dts = 599059).
21:39:03.309303/SRT:TsbPd!W:SRT.br: @668473456: RCV-DROPPED 2 packet(s). Packet seqno %510038030 delayed for 0.305 ms
21:39:03.309475/SRT:TsbPd!W:SRT.br: @668473456: RCV-DROPPED 2 packet(s). Packet seqno %510038036 delayed for 0.471 ms
[mpegts @ 0x5c2c75f0adc0] Packet corrupt (stream = 0, dts = 602659).
21:39:03.349851/SRT:TsbPd!W:SRT.br: @668473456: RCV-DROPPED 1 packet(s). Packet seqno %510038048 delayed for 0.250 ms
21:39:03.349947/SRT:TsbPd!W:SRT.br: @668473456: RCV-DROPPED 1 packet(s). Packet seqno %510038052 delayed for 0.344 ms
21:39:03.350029/SRT:TsbPd!W:SRT.br: @668473456: RCV-DROPPED 1 packet(s). Packet seqno %510038059 delayed for 0.413 ms
21:39:03.350147/SRT:TsbPd!W:SRT.br: @668473456: RCV-DROPPED 2 packet(s). Packet seqno %510038086 delayed for 0.496 ms
21:39:03.350221/SRT:TsbPd!W:SRT.br: @668473456: RCV-DROPPED 1 packet(s). Packet seqno %510038093 delayed for 0.565 ms
[mpegts @ 0x5c2c75f0adc0] Packet corrupt (stream = 0, dts = 606259)21:39:03.390398/SRT:TsbPd!W:SRT.br: @668473456: RCV-DROPPED 1 packet(s). Packet seqno %510038111 delayed for 0.202 ms
.
21:39:03.390651/SRT:TsbPd!W:SRT.br: @668473456: RCV-DROPPED 1 packet(s). Packet seqno %510038120 delayed for 0.439 ms
21:39:03.390690/SRT:TsbPd!W:SRT.br: @668473456: RCV-DROPPED 1 packet(s). Packet seqno %510038124 delayed for 0.470 ms
21:39:03.390726/SRT:TsbPd!W:SRT.br: @668473456: RCV-DROPPED 1 packet(s). Packet seqno %510038129 delayed for 0.496 ms
21:39:03.390753/SRT:TsbPd!W:SRT.br: @668473456: RCV-DROPPED 1 packet(s). Packet seqno %510038131 delayed for 0.518 ms
21:39:03.390786/SRT:TsbPd!W:SRT.br: @668473456: RCV-DROPPED 1 packet(s). Packet seqno %510038136 delayed for 0.541 ms
21:39:03.390816/SRT:TsbPd!W:SRT.br: @668473456: RCV-DROPPED 1 packet(s). Packet seqno %510038139 delayed for 0.563 ms
21:39:03.429372/SRT:TsbPd!W:SRT.br: @668473456: RCV-DROPPED 2 packet(s). Packet seqno %510038143 delayed for 0.048 ms
[mpegts @ 0x5c2c75f0adc0] PES packet size mismatch
[mpegts @ 0x5c2c75f0adc0] Packet corrupt (stream = 1, dts = 583665).
21:39:03.429517/SRT:TsbPd!W:SRT.br: @668473456: RCV-DROPPED 1 packet(s). Packet seqno %510038145 delayed for 0.182 ms
[mpegts @ 0x5c2c75f0adc0] Packet corrupt (stream = 0, dts = 609859).
21:39:03.509187/SRT:TsbPd!W:SRT.br: @668473456: RCV-DROPPED 2 packet(s). Packet seqno %510038180 delayed for 0.184 ms
21:39:03.509414/SRT:TsbPd!W:SRT.br: @668473456: RCV-DROPPED 1 packet(s). Packet seqno %510038183 delayed for 0.412 ms
21:39:03.509489/SRT:TsbPd!W:SRT.br: @668473456: RCV-DROPPED 1 packet(s). Packet seqno %510038194 delayed for 0.423 ms
21:39:03.509518/SRT:TsbPd!W:SRT.br: @668473456: RCV-DROPPED 1 packet(s). Packet seqno %510038197 delayed for 0.447 ms
[mpegts @ 0x5c2c75f0adc0] Packet corrupt (stream = 0, dts = 620659).
21:39:03.549774/SRT:TsbPd!W:SRT.br: @668473456: RCV-DROPPED 1 packet(s). Packet seqno %510038206 delayed for 0.239 ms
21:39:03.549828/SRT:TsbPd!W:SRT.br: @668473456: RCV-DROPPED 1 packet(s). Packet seqno %510038208 delayed for 0.296 ms
21:39:03.589370/SRT:TsbPd!W:SRT.br: @668473456: RCV-DROPPED 1 packet(s). Packet seqno %510038213 delayed for 0.097 ms
[mpegts @ 0x5c2c75f0adc0] Packet corrupt (stream = 1, dts = 598294).
[mpegts @ 0x5c2c75f0adc0] Packet corrupt (stream = 0, dts = 624259).
21:39:03.589814/SRT:TsbPd!W:SRT.br: @668473456: RCV-DROPPED 2 packet(s). Packet seqno %510038219 delayed for 0.534 ms
[mpegts @ 0x5c2c75f0adc0] Packet corrupt (stream = 0, dts = 627859).
21:39:03.628840/SRT:TsbPd!W:SRT.br: @668473456: RCV-DROPPED 1 packet(s). Packet seqno %510038233 delayed for 0.298 ms
21:39:03.628933/SRT:TsbPd!W:SRT.br: @668473456: RCV-DROPPED 1 packet(s). Packet seqno %510038239 delayed for 0.388 ms
21:39:03.628986/SRT:TsbPd!W:SRT.br: @668473456: RCV-DROPPED 1 packet(s). Packet seqno %510038243 delayed for 0.436 ms
21:39:03.629037/SRT:TsbPd!W:SRT.br: @668473456: RCV-DROPPED 1 packet(s). Packet seqno %510038247 delayed for 0.480 ms
[mpegts @ 0x5c2c75f0adc0] Packet corrupt (stream = 0, dts = 631459).
21:39:03.669769/SRT:TsbPd!W:SRT.br: @668473456: RCV-DROPPED 1 packet(s). Packet seqno %510038265 delayed for 0.171 ms
21:39:03.669992/SRT:TsbPd!W:SRT.br: @668473456: RCV-DROPPED 1 packet(s). Packet seqno %510038279 delayed for 0.371 ms
21:39:03.670071/SRT:TsbPd!W:SRT.br: @668473456: RCV-DROPPED 1 packet(s). Packet seqno %510038283 delayed for 0.442 ms
21:39:03.670130/SRT:TsbPd!W:SRT.br: @668473456: RCV-DROPPED 1 packet(s). Packet seqno %510038286 delayed for 0.494 ms
[mpegts @ 0x5c2c75f0adc0] Packet corrupt (stream = 0, dts = 635059).
21:39:03.749456/SRT:TsbPd!W:SRT.br: @668473456: RCV-DROPPED 1 packet(s). Packet seqno %510038301 delayed for 0.143 ms
21:39:03.749653/SRT:TsbPd!W:SRT.br: @668473456: RCV-DROPPED 1 packet(s). Packet seqno %510038307 delayed for 0.313 ms
[mpegts @ 0x5c2c75f0adc0] Packet corrupt (stream = 0, dts = 642259).
21:39:03.789507/SRT:TsbPd!W:SRT.br: @668473456: RCV-DROPPED 1 packet(s). Packet seqno %510038326 delayed for 0.296 ms
21:39:03.789583/SRT:TsbPd!W:SRT.br: @668473456: RCV-DROPPED 1 packet(s). Packet seqno %510038331 delayed for 0.371 ms
21:39:03.789630/SRT:TsbPd!W:SRT.br: @668473456: RCV-DROPPED 1 packet(s). Packet seqno %510038337 delayed for 0.411 ms
[mpegts @ 0x5c2c75f0adc0] Packet corrupt (stream = 0, dts = 645859).
21:39:03.829571/SRT:TsbPd!W:SRT.br: @668473456: RCV-DROPPED 1 packet(s). Packet seqno %510038351 delayed for 0.287 ms
[mpegts @ 0x5c2c75f0adc0] Packet corrupt (stream = 0, dts = 649459).
21:39:03.870059/SRT:TsbPd!W:SRT.br: @668473456: RCV-DROPPED 1 packet(s). Packet seqno %510038358 delayed for 0.397 ms
21:39:03.870182/SRT:TsbPd!W:SRT.br: @668473456: RCV-DROPPED 1 packet(s). Packet seqno %510038360 delayed for 0.524 ms
[mpegts @ 0x5c2c75f0adc0] Packet corrupt (stream = 0, dts = 653059).
21:39:03.909302/SRT:TsbPd!W:SRT.br: @668473456: RCV-DROPPED 2 packet(s). Packet seqno %510038382 delayed for 0.344 ms
21:39:03.909447/SRT:TsbPd!W:SRT.br: @668473456: RCV-DROPPED 2 packet(s). Packet seqno %510038390 delayed for 0.483 ms
21:39:03.949654/SRT:TsbPd!W:SRT.br: @668473456: RCV-DROPPED 2 packet(s). Packet seqno %510038399 delayed for 0.095 ms
21:39:03.949791/SRT:TsbPd!W:SRT.br: @668473456: RCV-DROPPED 1 packet(s). Packet seqno %510038401 delayed for 0.226 ms
21:39:03.989652/SRT:TsbPd!W:SRT.br: @668473456: RCV-DROPPED 1 packet(s). Packet seqno %510038411 delayed for 0.090 ms
[mpegts @ 0x5c2c75f0adc0] Packet corrupt (stream = 0, dts = 656659).
21:39:03.989937/SRT:TsbPd!W:SRT.br: @668473456: RCV-DROPPED 1 packet(s). Packet seqno %510038420 delayed for 0.363 ms
[mpegts @ 0x5c2c75f0adc0] Packet corrupt (stream = 0, dts = 663859).
21:39:04.029200/SRT:TsbPd!W:SRT.br: @668473456: RCV-DROPPED 1 packet(s). Packet seqno %510038428 delayed for 0.392 ms
21:39:04.029417/SRT:TsbPd!W:SRT.br: @668473456: RCV-DROPPED 1 packet(s). Packet seqno %510038443 delayed for 0.587 ms
[mpegts @ 0x5c2c75f0adc0] Packet corrupt (stream = 0, dts = 667459).
21:39:04.068710/SRT:TsbPd!W:SRT.br: @668473456: RCV-DROPPED 1 packet(s). Packet seqno %510038454 delayed for 0.128 ms
21:39:04.068821/SRT:TsbPd!W:SRT.br: @668473456: RCV-DROPPED 1 packet(s). Packet seqno %510038459 delayed for 0.228 ms
[mpegts @ 0x5c2c75f0adc0] PES packet size mismatch
[mpegts @ 0x5c2c75f0adc0] Packet corrupt (stream = 1, dts = 627551).
21:39:04.109557/SRT:TsbPd!W:SRT.br: @668473456: RCV-DROPPED 2 packet(s). Packet seqno %510038467 delayed for 0.189 ms
[mpegts @ 0x5c2c75f0adc0] Packet corrupt (stream = 0, dts = 671059).
21:39:04.149512/SRT:TsbPd!W:SRT.br: @668473456: RCV-DROPPED 1 packet(s). Packet seqno %510038493 delayed for 0.204 ms
[mpegts @ 0x5c2c75f0adc0] Packet corrupt (stream = 0, dts = 678259).
21:39:04.188870/SRT:TsbPd!W:SRT.br: @668473456: RCV-DROPPED 1 packet(s). Packet seqno %510038507 delayed for 0.140 ms
21:39:04.189063/SRT:TsbPd!W:SRT.br: @668473456: RCV-DROPPED 1 packet(s). Packet seqno %510038510 delayed for 0.334 ms
21:39:04.189109/SRT:TsbPd!W:SRT.br: @668473456: RCV-DROPPED 1 packet(s). Packet seqno %510038512 delayed for 0.378 ms
[mpegts @ 0x5c2c75f0adc0] Packet corrupt (stream = 0, dts = 681859).
21:39:04.229515/SRT:TsbPd!W:SRT.br: @668473456: RCV-DROPPED 1 packet(s). Packet seqno %510038519 delayed for 0.276 ms
21:39:04.229630/SRT:TsbPd!W:SRT.br: @668473456: RCV-DROPPED 1 packet(s). Packet seqno %510038532 delayed for 0.356 ms
21:39:04.229726/SRT:TsbPd!W:SRT.br: @668473456: RCV-DROPPED 1 packet(s). Packet seqno %510038542 delayed for 0.426 ms
[mpegts @ 0x5c2c75f0adc0] PES packet size mismatch
[mpegts @ 0x5c2c75f0adc0] Packet corrupt (stream = 1, dts = 656808).
[mpegts @ 0x5c2c75f0adc0] Packet corrupt (stream = 0, dts = 685459).
21:39:04.274321/SRT:TsbPd!W:SRT.br: @668473456: RCV-DROPPED 1 packet(s). Packet seqno %510038553 delayed for 0.331 ms
21:39:04.274414/SRT:TsbPd!W:SRT.br: @668473456: RCV-DROPPED 1 packet(s). Packet seqno %510038555 delayed for 0.427 ms
[mpegts @ 0x5c2c75f0adc0] Packet corrupt (stream = 0, dts = 689059).
21:39:04.309009/SRT:TsbPd!W:SRT.br: @668473456: RCV-DROPPED 1 packet(s). Packet seqno %510038570 delayed for 0.235 ms
21:39:04.309099/SRT:TsbPd!W:SRT.br: @668473456: RCV-DROPPED 1 packet(s). Packet seqno %510038582 delayed for 0.323 ms
[mpegts @ 0x5c2c75f0adc0] Packet corrupt (stream = 0, dts = 692659).
21:39:04.349046/SRT:TsbPd!W:SRT.br: @668473456: RCV-DROPPED 1 packet(s). Packet seqno %510038592 delayed for 0.246 ms
21:39:04.349157/SRT:TsbPd!W:SRT.br: @668473456: RCV-DROPPED 1 packet(s). Packet seqno %510038601 delayed for 0.344 ms
[mpegts @ 0x5c2c75f0adc0] Packet corrupt (stream = 0, dts = 696259).
21:39:04.429455/SRT:TsbPd!W:SRT.br: @668473456: RCV-DROPPED 1 packet(s). Packet seqno %510038620 delayed for 0.173 ms
[mpegts @ 0x5c2c75f0adc0] Packet corrupt (stream = 0, dts = 703459).
21:39:04.469488/SRT:TsbPd!W:SRT.br: @668473456: RCV-DROPPED 1 packet(s). Packet seqno %510038651 delayed for 0.184 ms
21:39:04.469540/SRT:TsbPd!W:SRT.br: @668473456: RCV-DROPPED 1 packet(s). Packet seqno %510038656 delayed for 0.231 ms
[mpegts @ 0x5c2c75f0adc0] Packet corrupt (stream = 0, dts = 707059).
21:39:04.549466/SRT:TsbPd!W:SRT.br: @668473456: RCV-DROPPED 1 packet(s). Packet seqno %510038672 delayed for 0.101 ms
21:39:04.588886/SRT:TsbPd!W:SRT.br: @668473456: RCV-DROPPED 1 packet(s). Packet seqno %510038698 delayed for 0.085 ms
[mpegts @ 0x5c2c75f0adc0] Packet corrupt (stream = 0, dts = 714259).
21:39:04.589159/SRT:TsbPd!W:SRT.br: @668473456: RCV-DROPPED 1 packet(s). Packet seqno %510038705 delayed for 0.333 ms
21:39:04.589236/SRT:TsbPd!W:SRT.br: @668473456: RCV-DROPPED 1 packet(s). Packet seqno %510038712 delayed for 0.402 ms
[mpegts @ 0x5c2c75f0adc0] Packet corrupt (stream = 0, dts = 717859).
21:39:04.669504/SRT:TsbPd!W:SRT.br: @668473456: RCV-DROPPED 1 packet(s). Packet seqno %510038749 delayed for 0.180 ms
21:39:04.669582/SRT:TsbPd!W:SRT.br: @668473456: RCV-DROPPED 1 packet(s). Packet seqno %510038751 delayed for 0.258 ms
[mpegts @ 0x5c2c75f0adc0] Packet corrupt (stream = 0, dts = 725059).
21:39:04.709657/SRT:TsbPd!W:SRT.br: @668473456: RCV-DROPPED 1 packet(s). Packet seqno %510038764 delayed for 0.357 ms
[mpegts @ 0x5c2c75f0adc0] Packet corrupt (stream = 0, dts = 728659).
21:39:04.749799/SRT:TsbPd!W:SRT.br: @668473456: RCV-DROPPED 1 packet(s). Packet seqno %510038775 delayed for 0.312 ms
21:39:04.749952/SRT:TsbPd!W:SRT.br: @668473456: RCV-DROPPED 1 packet(s). Packet seqno %510038794 delayed for 0.445 ms
[mpegts @ 0x5c2c75f0adc0] Packet corrupt (stream = 0, dts = 732259).
21:39:04.788635/SRT:TsbPd!W:SRT.br: @668473456: RCV-DROPPED 1 packet(s). Packet seqno %510038802 delayed for 0.254 ms
[mpegts @ 0x5c2c75f0adc0] Packet corrupt (stream = 0, dts = 735859).
21:39:04.829543/SRT:TsbPd!W:SRT.br: @668473456: RCV-DROPPED 1 packet(s). Packet seqno %510038824 delayed for 0.206 ms
[mpegts @ 0x5c2c75f0adc0] Packet corrupt (stream = 0, dts = 739459).
21:39:04.869594/SRT:TsbPd!W:SRT.br: @668473456: RCV-DROPPED 1 packet(s). Packet seqno %510038833 delayed for 0.200 ms
21:39:04.869657/SRT:TsbPd!W:SRT.br: @668473456: RCV-DROPPED 1 packet(s). Packet seqno %510038843 delayed for 0.253 ms
21:39:04.869700/SRT:TsbPd!W:SRT.br: @668473456: RCV-DROPPED 1 packet(s). Packet seqno %510038852 delayed for 0.287 ms
Input #0, mpegts, from 'srt://192.168.3.99:4004?mode=caller':
  Duration: N/A, start: 1.400000, bitrate: N/A
  Program 1 
    Metadata:
      service_name    : Service01
      service_provider: FFmpeg
  Stream #0:0[0x100]: Video: h264 (High) ([27][0][0][0] / 0x001B), yuv420p(tv, bt709, progressive), 1920x1080 [SAR 1:1 DAR 16:9], 25 fps, 25 tbr, 90k tbn
  Stream #0:1[0x101](eng): Audio: aac (LC) ([15][0][0][0] / 0x000F), 44100 Hz, stereo, fltp, 129 kb/s
Output #0, mpegts, to 'capturas/srt_20250630_21-38-48/recebido_srt.ts':
  Metadata:
    encoder         : Lavf60.16.100
  Stream #0:0: Video: h264 (High) ([27][0][0][0] / 0x001B), yuv420p(tv, bt709, progressive), 1920x1080 [SAR 1:1 DAR 16:9], q=2-31, 25 fps, 25 tbr, 90k tbn
  Stream #0:1(eng): Audio: aac (LC) ([15][0][0][0] / 0x000F), 44100 Hz, stereo, fltp, 129 kb/s
Stream mapping:
  Stream #0:0 -> #0:0 (copy)
  Stream #0:1 -> #0:1 (copy)
Press [q] to stop, [?] for help
size=       0kB time=00:00:00.00 bitrate=N/A speed=N/A    [in#0/mpegts @ 0x5c2c75f0acc0] corrupt input packet in stream 0
    Last message repeated 11 times
[in#0/mpegts @ 0x5c2c75f0acc0] corrupt input packet in stream 1
    Last message repeated 2 times
[in#0/mpegts @ 0x5c2c75f0acc0] corrupt input packet in stream 0
    Last message repeated 32 times
[in#0/mpegts @ 0x5c2c75f0acc0] corrupt input packet in stream 1
    Last message repeated 6 times
[in#0/mpegts @ 0x5c2c75f0acc0] corrupt input packet in stream 0
    Last message repeated 15 times
[mpegts @ 0x5c2c7603b7c0] AAC bitstream not in ADTS format and extradata missing
    Last message repeated 2 times
[in#0/mpegts @ 0x5c2c75f0acc0] corrupt input packet in stream 0
    Last message repeated 13 times
[in#0/mpegts @ 0x5c2c75f0acc0] corrupt input packet in stream 1
    Last message repeated 2 times
[in#0/mpegts @ 0x5c2c75f0acc0] corrupt input packet in stream 0
    Last message repeated 1 times
[in#0/mpegts @ 0x5c2c75f0acc0] corrupt input packet in stream 1
    Last message repeated 7 times
[in#0/mpegts @ 0x5c2c75f0acc0] corrupt input packet in stream 0
    Last message repeated 3 times
[mpegts @ 0x5c2c7603b7c0] AAC bitstream not in ADTS format and extradata missing
[in#0/mpegts @ 0x5c2c75f0acc0] corrupt input packet in stream 0
    Last message repeated 3 times
[mpegts @ 0x5c2c7603b7c0] AAC bitstream not in ADTS format and extradata missing
[in#0/mpegts @ 0x5c2c75f0acc0] corrupt input packet in stream 0
    Last message repeated 2 times
[in#0/mpegts @ 0x5c2c75f0acc0] corrupt input packet in stream 1
    Last message repeated 3 times
[in#0/mpegts @ 0x5c2c75f0acc0] corrupt input packet in stream 0
    Last message repeated 1 times
[mpegts @ 0x5c2c7603b7c0] AAC bitstream not in ADTS format and extradata missing
[in#0/mpegts @ 0x5c2c75f0acc0] corrupt input packet in stream 0
[in#0/mpegts @ 0x5c2c75f0acc0] corrupt input packet in stream 1
    Last message repeated 6 times
[mpegts @ 0x5c2c7603b7c0] AAC bitstream not in ADTS format and extradata missing
[in#0/mpegts @ 0x5c2c75f0acc0] corrupt input packet in stream 0
    Last message repeated 3 times
[mpegts @ 0x5c2c7603b7c0] AAC bitstream not in ADTS format and extradata missing
[in#0/mpegts @ 0x5c2c75f0acc0] corrupt input packet in stream 0
    Last message repeated 8 times
[mpegts @ 0x5c2c75f0adc0] Packet corrupt (stream = 0, dts = 743059).
[in#0/mpegts @ 0x5c2c75f0acc0] corrupt input packet in stream 0
21:39:04.949767/SRT:TsbPd!W:SRT.br: @668473456: RCV-DROPPED 1 packet(s). Packet seqno %510038868 delayed for 0.071 ms
[mpegts @ 0x5c2c75f0adc0] Packet corrupt (stream = 0, dts = 746659).
[in#0/mpegts @ 0x5c2c75f0acc0] corrupt input packet in stream 0
21:39:04.950040/SRT:TsbPd!W:SRT.br: @668473456: RCV-DROPPED 1 packet(s). Packet seqno %510038873 delayed for 0.334 ms
21:39:04.950090/SRT:TsbPd!W:SRT.br: @668473456: RCV-DROPPED 1 packet(s). Packet seqno %510038877 delayed for 0.379 ms
[mpegts @ 0x5c2c75f0adc0] Packet corrupt (stream = 0, dts = 750259).
[in#0/mpegts @ 0x5c2c75f0acc0] corrupt input packet in stream 0
21:39:04.989227/SRT:TsbPd!W:SRT.br: @668473456: RCV-DROPPED 1 packet(s). Packet seqno %510038908 delayed for 0.385 ms
[mpegts @ 0x5c2c75f0adc0] Packet corrupt (stream = 0, dts = 753859).
21:39:05.029474/SRT:TsbPd!W:SRT.br: @668473456: RCV-DROPPED 1 packet(s). Packet seqno %510038913 delayed for 0.117 ms
[in#0/mpegts @ 0x5c2c75f0acc0] corrupt input packet in stream 0
[mpegts @ 0x5c2c75f0adc0] Packet corrupt (stream = 0, dts = 757459).
[in#0/mpegts @ 0x5c2c75f0acc0] corrupt input packet in stream 0
21:39:05.069336/SRT:TsbPd!W:SRT.br: @668473456: RCV-DROPPED 1 packet(s). Packet seqno %510038951 delayed for 0.430 ms
[mpegts @ 0x5c2c75f0adc0] Packet corrupt (stream = 0, dts = 761059).
21:39:05.109556/SRT:TsbPd!W:SRT.br: @668473456: RCV-DROPPED 1 packet(s). Packet seqno %510038960 delayed for 0.126 ms
[in#0/mpegts @ 0x5c2c75f0acc0] corrupt input packet in stream 0
[mpegts @ 0x5c2c75f0adc0] Packet corrupt (stream = 0, dts = 764659).
[in#0/mpegts @ 0x5c2c75f0acc0] corrupt input packet in stream 0
21:39:05.149806/SRT:TsbPd!W:SRT.br: @668473456: RCV-DROPPED 1 packet(s). Packet seqno %510038976 delayed for 0.288 ms
[mpegts @ 0x5c2c75f0adc0] Packet corrupt (stream = 0, dts = 768259).
[in#0/mpegts @ 0x5c2c75f0acc0] corrupt input packet in stream 0
21:39:05.189849/SRT:TsbPd!W:SRT.br: @668473456: RCV-DROPPED 1 packet(s). Packet seqno %510038989 delayed for 0.226 ms
21:39:05.189944/SRT:TsbPd!W:SRT.br: @668473456: RCV-DROPPED 1 packet(s). Packet seqno %510038994 delayed for 0.319 ms
21:39:05.190008/SRT:TsbPd!W:SRT.br: @668473456: RCV-DROPPED 1 packet(s). Packet seqno %510039009 delayed for 0.365 ms
[mpegts @ 0x5c2c75f0adc0] Packet corrupt (stream = 0, dts = 771859).
[in#0/mpegts @ 0x5c2c75f0acc0] corrupt input packet in stream 0
21:39:05.269678/SRT:TsbPd!W:SRT.br: @668473456: RCV-DROPPED 1 packet(s). Packet seqno %510039041 delayed for 0.212 ms
21:39:05.269755/SRT:TsbPd!W:SRT.br: @668473456: RCV-DROPPED 1 packet(s). Packet seqno %510039043 delayed for 0.290 ms
[mpegts @ 0x5c2c75f0adc0] Packet corrupt (stream = 0, dts = 779059).
[in#0/mpegts @ 0x5c2c75f0acc0] corrupt input packet in stream 0
21:39:05.308994/SRT:TsbPd!W:SRT.br: @668473456: RCV-DROPPED 1 packet(s). Packet seqno %510039052 delayed for 0.197 ms
21:39:05.309046/SRT:TsbPd!W:SRT.br: @668473456: RCV-DROPPED 1 packet(s). Packet seqno %510039059 delayed for 0.238 ms
21:39:05.309081/SRT:TsbPd!W:SRT.br: @668473456: RCV-DROPPED 1 packet(s). Packet seqno %510039067 delayed for 0.257 ms
21:39:05.309105/SRT:TsbPd!W:SRT.br: @668473456: RCV-DROPPED 1 packet(s). Packet seqno %510039070 delayed for 0.275 ms
21:39:05.349695/SRT:TsbPd!W:SRT.br: @668473456: RCV-DROPPED 2 packet(s). Packet seqno %510039077 delayed for 0.095 ms
21:39:05.349815/SRT:TsbPd!W:SRT.br: @668473456: RCV-DROPPED 1 packet(s). Packet seqno %510039079 delayed for 0.216 ms
21:39:05.349899/SRT:TsbPd!W:SRT.br: @668473456: RCV-DROPPED 1 packet(s). Packet seqno %510039086 delayed for 0.283 ms
[mpegts @ 0x5c2c75f0adc0] Packet corrupt (stream = 0, dts = 782659).
[in#0/mpegts @ 0x5c2c75f0acc0] corrupt input packet in stream 0
21:39:05.389665/SRT:TsbPd!W:SRT.br: @668473456: RCV-DROPPED 1 packet(s). Packet seqno %510039100 delayed for 0.532 ms
[mpegts @ 0x5c2c75f0adc0] Packet corrupt (stream = 0, dts = 789859).
21:39:05.428743/SRT:TsbPd!W:SRT.br: @668473456: RCV-DROPPED 1 packet(s). Packet seqno %510039106 delayed for 0.142 ms
[in#0/mpegts @ 0x5c2c75f0acc0] corrupt input packet in stream 0
21:39:05.428914/SRT:TsbPd!W:SRT.br: @668473456: RCV-DROPPED 1 packet(s). Packet seqno %510039110 delayed for 0.312 ms
21:39:05.428991/SRT:TsbPd!W:SRT.br: @668473456: RCV-DROPPED 3 packet(s). Packet seqno %510039119 delayed for 0.376 ms
[mpegts @ 0x5c2c75f0adc0] Packet corrupt (stream = 0, dts = 793459)21:39:05.469374/SRT:TsbPd!W:SRT.br: @668473456: RCV-DROPPED 1 packet(s). Packet seqno %510039136 delayed for 0.135 ms
.
[in#0/mpegts @ 0x5c2c75f0acc0] corrupt input packet in stream 0
size=    1536kB time=00:00:07.37 bitrate=1705.9kbits/s speed=14.2x    [mpegts @ 0x5c2c75f0adc0] Packet corrupt (stream = 0, dts = 797059).
[in#0/mpegts @ 0x5c2c75f0acc0] corrupt input packet in stream 0
21:39:05.549640/SRT:TsbPd!W:SRT.br: @668473456: RCV-DROPPED 1 packet(s). Packet seqno %510039174 delayed for 0.289 ms
21:39:05.549747/SRT:TsbPd!W:SRT.br: @668473456: RCV-DROPPED 1 packet(s). Packet seqno %510039177 delayed for 0.391 ms
[mpegts @ 0x5c2c75f0adc0] Packet corrupt (stream = 0, dts = 804259).
[in#0/mpegts @ 0x5c2c75f0acc0] corrupt input packet in stream 0
21:39:05.630044/SRT:TsbPd!W:SRT.br: @668473456: RCV-DROPPED 1 packet(s). Packet seqno %510039208 delayed for 0.187 ms
21:39:05.630140/SRT:TsbPd!W:SRT.br: @668473456: RCV-DROPPED 1 packet(s). Packet seqno %510039210 delayed for 0.280 ms
21:39:05.630178/SRT:TsbPd!W:SRT.br: @668473456: RCV-DROPPED 1 packet(s). Packet seqno %510039212 delayed for 0.313 ms
[mpegts @ 0x5c2c75f0adc0] Packet corrupt (stream = 0, dts = 811459).
[in#0/mpegts @ 0x5c2c75f0acc0] corrupt input packet in stream 0
21:39:05.668937/SRT:TsbPd!W:SRT.br: @668473456: RCV-DROPPED 3 packet(s). Packet seqno %510039223 delayed for 0.225 ms
21:39:05.668995/SRT:TsbPd!W:SRT.br: @668473456: RCV-DROPPED 1 packet(s). Packet seqno %510039225 delayed for 0.285 ms
21:39:05.669032/SRT:TsbPd!W:SRT.br: @668473456: RCV-DROPPED 1 packet(s). Packet seqno %510039229 delayed for 0.316 ms
[mpegts @ 0x5c2c75f0adc0] Packet corrupt (stream = 0, dts = 815059).
[in#0/mpegts @ 0x5c2c75f0acc0] corrupt input packet in stream 0
21:39:05.709693/SRT:TsbPd!W:SRT.br: @668473456: RCV-DROPPED 1 packet(s). Packet seqno %510039248 delayed for 0.449 ms
21:39:05.709815/SRT:TsbPd!W:SRT.br: @668473456: RCV-DROPPED 1 packet(s). Packet seqno %510039251 delayed for 0.570 ms
[mpegts @ 0x5c2c75f0adc0] Packet corrupt (stream = 0, dts = 818659).
[in#0/mpegts @ 0x5c2c75f0acc0] corrupt input packet in stream 0
21:39:05.749520/SRT:TsbPd!W:SRT.br: @668473456: RCV-DROPPED 1 packet(s). Packet seqno %510039272 delayed for 0.257 ms
21:39:05.749580/SRT:TsbPd!W:SRT.br: @668473456: RCV-DROPPED 1 packet(s). Packet seqno %510039274 delayed for 0.318 ms
21:39:05.788470/SRT:TsbPd!W:SRT.br: @668473456: RCV-DROPPED 2 packet(s). Packet seqno %510039284 delayed for 0.098 ms
[mpegts @ 0x5c2c75f0adc0] Packet corrupt (stream = 0, dts = 822259).
[in#0/mpegts @ 0x5c2c75f0acc0] corrupt input packet in stream 0
21:39:05.788753/SRT:TsbPd!W:SRT.br: @668473456: RCV-DROPPED 1 packet(s). Packet seqno %510039289 delayed for 0.372 ms
21:39:05.829275/SRT:TsbPd!W:SRT.br: @668473456: RCV-DROPPED 1 packet(s). Packet seqno %510039294 delayed for 0.082 ms
[mpegts @ 0x5c2c75f0adc0] Packet corrupt (stream = 0, dts = 825859).
[in#0/mpegts @ 0x5c2c75f0acc0] corrupt input packet in stream 0
21:39:05.829551/SRT:TsbPd!W:SRT.br: @668473456: RCV-DROPPED 1 packet(s). Packet seqno %510039301 delayed for 0.350 ms
21:39:05.829609/SRT:TsbPd!W:SRT.br: @668473456: RCV-DROPPED 1 packet(s). Packet seqno %510039311 delayed for 0.399 ms
21:39:05.829641/SRT:TsbPd!W:SRT.br: @668473456: RCV-DROPPED 1 packet(s). Packet seqno %510039315 delayed for 0.426 ms
21:39:05.829671/SRT:TsbPd!W:SRT.br: @668473456: RCV-DROPPED 2 packet(s). Packet seqno %510039319 delayed for 0.451 ms
21:39:05.829698/SRT:TsbPd!W:SRT.br: @668473456: RCV-DROPPED 1 packet(s). Packet seqno %510039322 delayed for 0.474 ms
21:39:05.869508/SRT:TsbPd!W:SRT.br: @668473456: RCV-DROPPED 1 packet(s). Packet seqno %510039326 delayed for 0.100 ms
[mpegts @ 0x5c2c75f0adc0] Packet corrupt (stream = 0, dts = 829459).
[in#0/mpegts @ 0x5c2c75f0acc0] corrupt input packet in stream 0
21:39:05.870032/SRT:TsbPd!W:SRT.br: @668473456: RCV-DROPPED 1 packet(s). Packet seqno %510039334 delayed for 0.602 ms
[mpegts @ 0x5c2c75f0adc0] Packet corrupt (stream = 0, dts = 833059).
[in#0/mpegts @ 0x5c2c75f0acc0] corrupt input packet in stream 0
21:39:05.909698/SRT:TsbPd!W:SRT.br: @668473456: RCV-DROPPED 1 packet(s). Packet seqno %510039343 delayed for 0.394 ms
21:39:05.909844/SRT:TsbPd!W:SRT.br: @668473456: RCV-DROPPED 1 packet(s). Packet seqno %510039350 delayed for 0.536 ms
[mpegts @ 0x5c2c75f0adc0] Packet corrupt (stream = 0, dts = 836659).
[in#0/mpegts @ 0x5c2c75f0acc0] corrupt input packet in stream 0
21:39:05.949952/SRT:TsbPd!W:SRT.br: @668473456: RCV-DROPPED 1 packet(s). Packet seqno %510039357 delayed for 0.257 ms
21:39:05.950031/SRT:TsbPd!W:SRT.br: @668473456: RCV-DROPPED 1 packet(s). Packet seqno %510039363 delayed for 0.335 ms
21:39:05.950054/SRT:TsbPd!W:SRT.br: @668473456: RCV-DROPPED 1 packet(s). Packet seqno %510039365 delayed for 0.356 ms
21:39:05.950101/SRT:TsbPd!W:SRT.br: @668473456: RCV-DROPPED 2 packet(s). Packet seqno %510039374 delayed for 0.392 ms
21:39:05.950158/SRT:TsbPd!W:SRT.br: @668473456: RCV-DROPPED 1 packet(s). Packet seqno %510039377 delayed for 0.445 ms
[mpegts @ 0x5c2c75f0adc0] Packet corrupt (stream = 0, dts = 840259).
21:39:05.988775/SRT:TsbPd!W:SRT.br: @668473456: RCV-DROPPED 1 packet(s). Packet seqno %510039384 delayed for 0.135 ms
[in#0/mpegts @ 0x5c2c75f0acc0] corrupt input packet in stream 0
size=    1792kB time=00:00:07.89 bitrate=1859.1kbits/s speed= 7.6x    [mpegts @ 0x5c2c75f0adc0] Packet corrupt (stream = 0, dts = 843859).
[in#0/mpegts @ 0x5c2c75f0acc0] corrupt input packet in stream 0
21:39:06.029721/SRT:TsbPd!W:SRT.br: @668473456: RCV-DROPPED 2 packet(s). Packet seqno %510039401 delayed for 0.398 ms
[mpegts @ 0x5c2c75f0adc0] Packet corrupt (stream = 0, dts = 847459).
[in#0/mpegts @ 0x5c2c75f0acc0] corrupt input packet in stream 0
21:39:06.069177/SRT:TsbPd!W:SRT.br: @668473456: RCV-DROPPED 1 packet(s). Packet seqno %510039411 delayed for 0.233 ms
21:39:06.069252/SRT:TsbPd!W:SRT.br: @668473456: RCV-DROPPED 2 packet(s). Packet seqno %510039416 delayed for 0.304 ms
21:39:06.069305/SRT:TsbPd!W:SRT.br: @668473456: RCV-DROPPED 1 packet(s). Packet seqno %510039419 delayed for 0.354 ms
21:39:06.069347/SRT:TsbPd!W:SRT.br: @668473456: RCV-DROPPED 1 packet(s). Packet seqno %510039423 delayed for 0.390 ms
[mpegts @ 0x5c2c75f0adc0] Packet corrupt (stream = 0, dts = 851059).
[in#0/mpegts @ 0x5c2c75f0acc0] corrupt input packet in stream 0
21:39:06.149686/SRT:TsbPd!W:SRT.br: @668473456: RCV-DROPPED 1 packet(s). Packet seqno %510039447 delayed for 0.220 ms
21:39:06.189286/SRT:TsbPd!W:SRT.br: @668473456: RCV-DROPPED 1 packet(s). Packet seqno %510039449 delayed for 0.069 ms
[mpegts @ 0x5c2c75f0adc0] Packet corrupt (stream = 0, dts = 858259).
[in#0/mpegts @ 0x5c2c75f0acc0] corrupt input packet in stream 0
21:39:06.229172/SRT:TsbPd!W:SRT.br: @668473456: RCV-DROPPED 1 packet(s). Packet seqno %510039480 delayed for 0.249 ms
21:39:06.229310/SRT:TsbPd!W:SRT.br: @668473456: RCV-DROPPED 1 packet(s). Packet seqno %510039482 delayed for 0.388 ms
[mpegts @ 0x5c2c75f0adc0] Packet corrupt (stream = 0, dts = 865459).
[in#0/mpegts @ 0x5c2c75f0acc0] corrupt input packet in stream 0
21:39:06.309113/SRT:TsbPd!W:SRT.br: @668473456: RCV-DROPPED 5 packet(s). Packet seqno %510039498 delayed for 0.126 ms
21:39:06.309221/SRT:TsbPd!W:SRT.br: @668473456: RCV-DROPPED 1 packet(s). Packet seqno %510039500 delayed for 0.236 ms
21:39:06.348912/SRT:TsbPd!W:SRT.br: @668473456: RCV-DROPPED 1 packet(s). Packet seqno %510039513 delayed for 0.195 ms
[mpegts @ 0x5c2c75f0adc0] Packet corrupt (stream = 0, dts = 872659).
[in#0/mpegts @ 0x5c2c75f0acc0] corrupt input packet in stream 0
21:39:06.389310/SRT:TsbPd!W:SRT.br: @668473456: RCV-DROPPED 1 packet(s). Packet seqno %510039525 delayed for 0.163 ms
[mpegts @ 0x5c2c75f0adc0] Packet corrupt (stream = 0, dts = 879859).
21:39:06.429419/SRT:TsbPd!W:SRT.br: @668473456: RCV-DROPPED 1 packet(s). Packet seqno %510039532 delayed for 0.124 ms
[in#0/mpegts @ 0x5c2c75f0acc0] corrupt input packet in stream 0
[mpegts @ 0x5c2c75f0adc0] Packet corrupt (stream = 0, dts = 883459).
[in#0/mpegts @ 0x5c2c75f0acc0] corrupt input packet in stream 0
21:39:06.469735/SRT:TsbPd!W:SRT.br: @668473456: RCV-DROPPED 2 packet(s). Packet seqno %510039559 delayed for 0.304 ms
21:39:06.469878/SRT:TsbPd!W:SRT.br: @668473456: RCV-DROPPED 1 packet(s). Packet seqno %510039562 delayed for 0.447 ms
21:39:06.470042/SRT:TsbPd!W:SRT.br: @668473456: RCV-DROPPED 1 packet(s). Packet seqno %510039581 delayed for 0.587 ms
21:39:06.470169/SRT:TsbPd!W:SRT.br: @668473456: RCV-DROPPED 1 packet(s). Packet seqno %510039585 delayed for 0.709 ms
21:39:06.508981/SRT:TsbPd!W:SRT.br: @668473456: RCV-DROPPED 1 packet(s). Packet seqno %510039591 delayed for 0.081 ms
[mpegts @ 0x5c2c75f0adc0] Packet corrupt (stream = 0, dts = 887059).
[in#0/mpegts @ 0x5c2c75f0acc0] corrupt input packet in stream 0
21:39:06.509216/SRT:TsbPd!W:SRT.br: @668473456: RCV-DROPPED 1 packet(s). Packet seqno %510039595 delayed for 0.308 ms
size=    2048kB time=00:00:08.41 bitrate=1993.4kbits/s speed= 5.4x    21:39:06.509295/SRT:TsbPd!W:SRT.br: @668473456: RCV-DROPPED 1 packet(s). Packet seqno %510039608 delayed for 0.373 ms
21:39:06.509358/SRT:TsbPd!W:SRT.br: @668473456: RCV-DROPPED 1 packet(s). Packet seqno %510039620 delayed for 0.419 ms
21:39:06.509412/SRT:TsbPd!W:SRT.br: @668473456: RCV-DROPPED 1 packet(s). Packet seqno %510039631 delayed for 0.454 ms
[mpegts @ 0x5c2c75f0adc0] PES packet size mismatch
[mpegts @ 0x5c2c75f0adc0] Packet corrupt (stream = 1, dts = 861608).
[in#0/mpegts @ 0x5c2c75f0acc0] corrupt input packet in stream 1
    Last message repeated 5 times
[mpegts @ 0x5c2c7603b7c0] AAC bitstream not in ADTS format and extradata missing
[mpegts @ 0x5c2c75f0adc0] Packet corrupt (stream = 0, dts = 890659).
[in#0/mpegts @ 0x5c2c75f0acc0] corrupt input packet in stream 0
21:39:06.549457/SRT:TsbPd!W:SRT.br: @668473456: RCV-DROPPED 1 packet(s). Packet seqno %510039638 delayed for 0.625 ms
21:39:06.549517/SRT:TsbPd!W:SRT.br: @668473456: RCV-DROPPED 1 packet(s). Packet seqno %510039641 delayed for 0.687 ms
21:39:06.549539/SRT:TsbPd!W:SRT.br: @668473456: RCV-DROPPED 1 packet(s). Packet seqno %510039643 delayed for 0.709 ms
21:39:06.549566/SRT:TsbPd!W:SRT.br: @668473456: RCV-DROPPED 1 packet(s). Packet seqno %510039646 delayed for 0.732 ms
21:39:06.549613/SRT:TsbPd!W:SRT.br: @668473456: RCV-DROPPED 1 packet(s). Packet seqno %510039661 delayed for 0.769 ms
[mpegts @ 0x5c2c75f0adc0] Packet corrupt (stream = 0, dts = 894259).
[in#0/mpegts @ 0x5c2c75f0acc0] corrupt input packet in stream 0
21:39:06.629418/SRT:TsbPd!W:SRT.br: @668473456: RCV-DROPPED 1 packet(s). Packet seqno %510039686 delayed for 0.223 ms
21:39:06.629509/SRT:TsbPd!W:SRT.br: @668473456: RCV-DROPPED 1 packet(s). Packet seqno %510039690 delayed for 0.312 ms
[mpegts @ 0x5c2c75f0adc0] Packet corrupt (stream = 0, dts = 901459).
[in#0/mpegts @ 0x5c2c75f0acc0] corrupt input packet in stream 0
21:39:06.669519/SRT:TsbPd!W:SRT.br: @668473456: RCV-DROPPED 1 packet(s). Packet seqno %510039712 delayed for 0.347 ms
21:39:06.669617/SRT:TsbPd!W:SRT.br: @668473456: RCV-DROPPED 1 packet(s). Packet seqno %510039714 delayed for 0.445 ms
[mpegts @ 0x5c2c75f0adc0] Packet corrupt (stream = 0, dts = 905059).
[in#0/mpegts @ 0x5c2c75f0acc0] corrupt input packet in stream 0
21:39:06.709620/SRT:TsbPd!W:SRT.br: @668473456: RCV-DROPPED 1 packet(s). Packet seqno %510039726 delayed for 0.288 ms
21:39:06.709662/SRT:TsbPd!W:SRT.br: @668473456: RCV-DROPPED 1 packet(s). Packet seqno %510039730 delayed for 0.323 ms
[mpegts @ 0x5c2c75f0adc0] Packet corrupt (stream = 0, dts = 908659).
[in#0/mpegts @ 0x5c2c75f0acc0] corrupt input packet in stream 0
21:39:06.749220/SRT:TsbPd!W:SRT.br: @668473456: RCV-DROPPED 1 packet(s). Packet seqno %510039738 delayed for 0.204 ms
21:39:06.749272/SRT:TsbPd!W:SRT.br: @668473456: RCV-DROPPED 1 packet(s). Packet seqno %510039744 delayed for 0.235 ms
21:39:06.749299/SRT:TsbPd!W:SRT.br: @668473456: RCV-DROPPED 1 packet(s). Packet seqno %510039748 delayed for 0.258 ms
21:39:06.749356/SRT:TsbPd!W:SRT.br: @668473456: RCV-DROPPED 2 packet(s). Packet seqno %510039760 delayed for 0.300 ms
21:39:06.749410/SRT:TsbPd!W:SRT.br: @668473456: RCV-DROPPED 1 packet(s). Packet seqno %510039762 delayed for 0.351 ms
[mpegts @ 0x5c2c75f0adc0] Packet corrupt (stream = 0, dts = 912259).
[in#0/mpegts @ 0x5c2c75f0acc0] corrupt input packet in stream 0
21:39:06.789520/SRT:TsbPd!W:SRT.br: @668473456: RCV-DROPPED 1 packet(s). Packet seqno %510039767 delayed for 0.304 ms
[mpegts @ 0x5c2c75f0adc0] Packet corrupt (stream = 0, dts = 915859).
[in#0/mpegts @ 0x5c2c75f0acc0] corrupt input packet in stream 0
21:39:06.829685/SRT:TsbPd!W:SRT.br: @668473456: RCV-DROPPED 1 packet(s). Packet seqno %510039778 delayed for 0.601 ms
21:39:06.869620/SRT:TsbPd!W:SRT.br: @668473456: RCV-DROPPED 1 packet(s). Packet seqno %510039788 delayed for 0.121 ms
21:39:06.869884/SRT:TsbPd!W:SRT.br: @668473456: RCV-DROPPED 1 packet(s). Packet seqno %510039800 delayed for 0.373 ms
[mpegts @ 0x5c2c75f0adc0] Packet corrupt (stream = 0, dts = 919459).
[in#0/mpegts @ 0x5c2c75f0acc0] corrupt input packet in stream 0
21:39:06.948751/SRT:TsbPd!W:SRT.br: @668473456: RCV-DROPPED 1 packet(s). Packet seqno %510039826 delayed for 0.069 ms
21:39:06.949191/SRT:TsbPd!W:SRT.br: @668473456: RCV-DROPPED 2 packet(s). Packet seqno %510039832 delayed for 0.509 ms
[mpegts @ 0x5c2c75f0adc0] Packet corrupt (stream = 0, dts = 926659).
[in#0/mpegts @ 0x5c2c75f0acc0] corrupt input packet in stream 0
21:39:06.994175/SRT:TsbPd!W:SRT.br: @668473456: RCV-DROPPED 1 packet(s). Packet seqno %510039839 delayed for 0.450 ms
21:39:06.994311/SRT:TsbPd!W:SRT.br: @668473456: RCV-DROPPED 1 packet(s). Packet seqno %510039842 delayed for 0.583 ms
21:39:06.994639/SRT:TsbPd!W:SRT.br: @668473456: RCV-DROPPED 1 packet(s). Packet seqno %510039848 delayed for 0.899 ms
21:39:07.029450/SRT:TsbPd!W:SRT.br: @668473456: RCV-DROPPED 1 packet(s). Packet seqno %510039866 delayed for 0.061 ms
[mpegts @ 0x5c2c75f0adc0] Packet corrupt (stream = 0, dts = 933859).
[in#0/mpegts @ 0x5c2c75f0acc0] corrupt input packet in stream 0
size=    2304kB time=00:00:08.89 bitrate=2121.6kbits/s speed=4.27x    21:39:07.109423/SRT:TsbPd!W:SRT.br: @668473456: RCV-DROPPED 1 packet(s). Packet seqno %510039890 delayed for 0.065 ms
[mpegts @ 0x5c2c75f0adc0] Packet corrupt (stream = 0, dts = 941059).
[in#0/mpegts @ 0x5c2c75f0acc0] corrupt input packet in stream 0
21:39:07.109617/SRT:TsbPd!W:SRT.br: @668473456: RCV-DROPPED 1 packet(s). Packet seqno %510039893 delayed for 0.255 ms
21:39:07.109678/SRT:TsbPd!W:SRT.br: @668473456: RCV-DROPPED 1 packet(s). Packet seqno %510039911 delayed for 0.294 ms
21:39:07.109721/SRT:TsbPd!W:SRT.br: @668473456: RCV-DROPPED 1 packet(s). Packet seqno %510039913 delayed for 0.335 ms
21:39:07.109754/SRT:TsbPd!W:SRT.br: @668473456: RCV-DROPPED 1 packet(s). Packet seqno %510039916 delayed for 0.364 ms
[mpegts @ 0x5c2c75f0adc0] Packet corrupt (stream = 0, dts = 944659)21:39:07.149459/SRT:TsbPd!W:SRT.br: @668473456: RCV-DROPPED 2 packet(s). Packet seqno %510039921 delayed for 0.195 ms
.
[in#0/mpegts @ 0x5c2c75f0acc0] corrupt input packet in stream 0
21:39:07.189572/SRT:TsbPd!W:SRT.br: @668473456: RCV-DROPPED 1 packet(s). Packet seqno %510039930 delayed for 0.156 ms
[mpegts @ 0x5c2c75f0adc0] Packet corrupt (stream = 0, dts = 948259).
[in#0/mpegts @ 0x5c2c75f0acc0] corrupt input packet in stream 0
21:39:07.228978/SRT:TsbPd!W:SRT.br: @668473456: RCV-DROPPED 1 packet(s). Packet seqno %510039942 delayed for 0.090 ms
[mpegts @ 0x5c2c75f0adc0] Packet corrupt (stream = 0, dts = 951859).
[in#0/mpegts @ 0x5c2c75f0acc0] corrupt input packet in stream 0
21:39:07.229286/SRT:TsbPd!W:SRT.br: @668473456: RCV-DROPPED 1 packet(s). Packet seqno %510039959 delayed for 0.381 ms
[mpegts @ 0x5c2c75f0adc0] Packet corrupt (stream = 0, dts = 955459).
[in#0/mpegts @ 0x5c2c75f0acc0] corrupt input packet in stream 0
21:39:07.309576/SRT:TsbPd!W:SRT.br: @668473456: RCV-DROPPED 1 packet(s). Packet seqno %510039983 delayed for 0.467 ms
21:39:07.309927/SRT:TsbPd!W:SRT.br: @668473456: RCV-DROPPED 1 packet(s). Packet seqno %510039986 delayed for 0.817 ms
21:39:07.310063/SRT:TsbPd!W:SRT.br: @668473456: RCV-DROPPED 1 packet(s). Packet seqno %510040001 delayed for 0.938 ms
[mpegts @ 0x5c2c75f0adc0] PES packet size mismatch
[mpegts @ 0x5c2c75f0adc0] Packet corrupt (stream = 1, dts = 936841).
[in#0/mpegts @ 0x5c2c75f0acc0] corrupt input packet in stream 1
    Last message repeated 2 times
[mpegts @ 0x5c2c75f0adc0] Packet corrupt (stream = 0, dts = 962659).
[in#0/mpegts @ 0x5c2c75f0acc0] corrupt input packet in stream 0
[mpegts @ 0x5c2c7603b7c0] AAC bitstream not in ADTS format and extradata missing
21:39:07.349888/SRT:TsbPd!W:SRT.br: @668473456: RCV-DROPPED 2 packet(s). Packet seqno %510040013 delayed for 0.548 ms
[mpegts @ 0x5c2c75f0adc0] Packet corrupt (stream = 0, dts = 966259).
[in#0/mpegts @ 0x5c2c75f0acc0] corrupt input packet in stream 0
21:39:07.429695/SRT:TsbPd!W:SRT.br: @668473456: RCV-DROPPED 1 packet(s). Packet seqno %510040033 delayed for 0.282 ms
21:39:07.429849/SRT:TsbPd!W:SRT.br: @668473456: RCV-DROPPED 1 packet(s). Packet seqno %510040035 delayed for 0.437 ms
[mpegts @ 0x5c2c75f0adc0] Packet corrupt (stream = 0, dts = 973459).
[in#0/mpegts @ 0x5c2c75f0acc0] corrupt input packet in stream 0
21:39:07.509199/SRT:TsbPd!W:SRT.br: @668473456: RCV-DROPPED 2 packet(s). Packet seqno %510040067 delayed for 0.094 ms
[mpegts @ 0x5c2c75f0adc0] Packet corrupt (stream = 0, dts = 977059).
[in#0/mpegts @ 0x5c2c75f0acc0] corrupt input packet in stream 0
21:39:07.509458/SRT:TsbPd!W:SRT.br: @668473456: RCV-DROPPED 1 packet(s). Packet seqno %510040077 delayed for 0.338 ms
size=    2560kB time=00:00:09.41 bitrate=2227.2kbits/s speed=3.62x    [mpegts @ 0x5c2c75f0adc0] Packet corrupt (stream = 0, dts = 980659).
[in#0/mpegts @ 0x5c2c75f0acc0] corrupt input packet in stream 0
21:39:07.550805/SRT:TsbPd!W:SRT.br: @668473456: RCV-DROPPED 1 packet(s). Packet seqno %510040104 delayed for 0.390 ms
21:39:07.550888/SRT:TsbPd!W:SRT.br: @668473456: RCV-DROPPED 1 packet(s). Packet seqno %510040107 delayed for 0.475 ms
21:39:07.589379/SRT:TsbPd!W:SRT.br: @668473456: RCV-DROPPED 1 packet(s). Packet seqno %510040110 delayed for 0.084 ms
21:39:07.589738/SRT:TsbPd!W:SRT.br: @668473456: RCV-DROPPED 1 packet(s). Packet seqno %510040112 delayed for 0.447 ms
21:39:07.629985/SRT:TsbPd!W:SRT.br: @668473456: RCV-DROPPED 1 packet(s). Packet seqno %510040118 delayed for 0.094 ms
[mpegts @ 0x5c2c75f0adc0] Packet corrupt (stream = 0, dts = 984259).
[in#0/mpegts @ 0x5c2c75f0acc0] corrupt input packet in stream 0
21:39:07.669359/SRT:TsbPd!W:SRT.br: @668473456: RCV-DROPPED 1 packet(s). Packet seqno %510040144 delayed for 0.264 ms
21:39:07.669489/SRT:TsbPd!W:SRT.br: @668473456: RCV-DROPPED 1 packet(s). Packet seqno %510040154 delayed for 0.388 ms
21:39:07.709588/SRT:TsbPd!W:SRT.br: @668473456: RCV-DROPPED 1 packet(s). Packet seqno %510040157 delayed for 0.072 ms
21:39:07.709751/SRT:TsbPd!W:SRT.br: @668473456: RCV-DROPPED 1 packet(s). Packet seqno %510040160 delayed for 0.226 ms
[mpegts @ 0x5c2c75f0adc0] Packet corrupt (stream = 0, dts = 995059).
[in#0/mpegts @ 0x5c2c75f0acc0] corrupt input packet in stream 0
21:39:07.709903/SRT:TsbPd!W:SRT.br: @668473456: RCV-DROPPED 1 packet(s). Packet seqno %510040165 delayed for 0.373 ms
21:39:07.709953/SRT:TsbPd!W:SRT.br: @668473456: RCV-DROPPED 1 packet(s). Packet seqno %510040170 delayed for 0.419 ms
[mpegts @ 0x5c2c75f0adc0] Packet corrupt (stream = 0, dts = 998659).
21:39:07.749540/SRT:TsbPd!W:SRT.br: @668473456: RCV-DROPPED 1 packet(s). Packet seqno %510040173 delayed for 0.118 ms
[in#0/mpegts @ 0x5c2c75f0acc0] corrupt input packet in stream 0
21:39:07.749676/SRT:TsbPd!W:SRT.br: @668473456: RCV-DROPPED 1 packet(s). Packet seqno %510040176 delayed for 0.252 ms
21:39:07.749746/SRT:TsbPd!W:SRT.br: @668473456: RCV-DROPPED 1 packet(s). Packet seqno %510040181 delayed for 0.319 ms
[mpegts @ 0x5c2c75f0adc0] Packet corrupt (stream = 0, dts = 1002259).
[in#0/mpegts @ 0x5c2c75f0acc0] corrupt input packet in stream 0
21:39:07.793052/SRT:TsbPd!W:SRT.br: @668473456: RCV-DROPPED 1 packet(s). Packet seqno %510040207 delayed for 0.437 ms
21:39:07.829404/SRT:TsbPd!W:SRT.br: @668473456: RCV-DROPPED 1 packet(s). Packet seqno %510040212 delayed for 0.064 ms
21:39:07.829531/SRT:TsbPd!W:SRT.br: @668473456: RCV-DROPPED 1 packet(s). Packet seqno %510040217 delayed for 0.190 ms
[mpegts @ 0x5c2c75f0adc0] PES packet size mismatch
[mpegts @ 0x5c2c75f0adc0] Packet corrupt (stream = 1, dts = 980726).
[in#0/mpegts @ 0x5c2c75f0acc0] corrupt input packet in stream 1
21:39:07.869556/SRT:TsbPd!W:SRT.br: @668473456: RCV-DROPPED 1 packet(s). Packet seqno %510040224 delayed for 0.473 ms
    Last message repeated 5 times
[mpegts @ 0x5c2c75f0adc0] Packet corrupt (stream = 0, dts = 1005859).
[in#0/mpegts @ 0x5c2c75f0acc0] corrupt input packet in stream 0
21:39:07.869717/SRT:TsbPd!W:SRT.br: @668473456: RCV-DROPPED 1 packet(s). Packet seqno %510040227 delayed for 0.631 ms
21:39:07.869750/SRT:TsbPd!W:SRT.br: @668473456: RCV-DROPPED 1 packet(s). Packet seqno %510040229 delayed for 0.663 ms
[mpegts @ 0x5c2c75f0adc0] Packet corrupt (stream = 0, dts = 1013059).
[in#0/mpegts @ 0x5c2c75f0acc0] corrupt input packet in stream 0
21:39:07.909753/SRT:TsbPd!W:SRT.br: @668473456: RCV-DROPPED 1 packet(s). Packet seqno %510040247 delayed for 0.338 ms
21:39:07.909858/SRT:TsbPd!W:SRT.br: @668473456: RCV-DROPPED 1 packet(s). Packet seqno %510040250 delayed for 0.444 ms
21:39:07.909933/SRT:TsbPd!W:SRT.br: @668473456: RCV-DROPPED 1 packet(s). Packet seqno %510040256 delayed for 0.513 ms
[mpegts @ 0x5c2c75f0adc0] Packet corrupt (stream = 0, dts = 1016659).
[in#0/mpegts @ 0x5c2c75f0acc0] corrupt input packet in stream 0
21:39:07.949134/SRT:TsbPd!W:SRT.br: @668473456: RCV-DROPPED 1 packet(s). Packet seqno %510040271 delayed for 0.712 ms
[mpegts @ 0x5c2c75f0adc0] Packet corrupt (stream = 0, dts = 1020259).
[in#0/mpegts @ 0x5c2c75f0acc0] corrupt input packet in stream 0
[mpegts @ 0x5c2c75f0adc0] PES packet size mismatch
[mpegts @ 0x5c2c75f0adc0] Packet corrupt (stream = 1, dts = 995355).
[in#0/mpegts @ 0x5c2c75f0acc0] corrupt input packet in stream 1
    Last message repeated 3 times
size=    2816kB time=00:00:09.89 bitrate=2331.1kbits/s speed=3.17x    [in#0/mpegts @ 0x5c2c75f0acc0] corrupt input packet in stream 1
    Last message repeated 1 times
[mpegts @ 0x5c2c7603b7c0] AAC bitstream not in ADTS format and extradata missing
[in#0/mpegts @ 0x5c2c75f0acc0] corrupt input packet in stream 1
[mpegts @ 0x5c2c7603b7c0] AAC bitstream not in ADTS format and extradata missing
21:39:08.069645/SRT:TsbPd!W:SRT.br: @668473456: RCV-DROPPED 1 packet(s). Packet seqno %510040322 delayed for 0.212 ms
[mpegts @ 0x5c2c75f0adc0] Packet corrupt (stream = 0, dts = 1031059).
[in#0/mpegts @ 0x5c2c75f0acc0] corrupt input packet in stream 0
21:39:08.149873/SRT:TsbPd!W:SRT.br: @668473456: RCV-DROPPED 1 packet(s). Packet seqno %510040340 delayed for 0.191 ms
21:39:08.149960/SRT:TsbPd!W:SRT.br: @668473456: RCV-DROPPED 1 packet(s). Packet seqno %510040342 delayed for 0.277 ms
21:39:08.150043/SRT:TsbPd!W:SRT.br: @668473456: RCV-DROPPED 1 packet(s). Packet seqno %510040357 delayed for 0.336 ms
[mpegts @ 0x5c2c75f0adc0] Packet corrupt (stream = 0, dts = 1038259).
21:39:08.190167/SRT:TsbPd!W:SRT.br: @668473456: RCV-DROPPED 1 packet(s). Packet seqno %510040367 delayed for 0.248 ms
[in#0/mpegts @ 0x5c2c75f0acc0] corrupt input packet in stream 0
21:39:08.190464/SRT:TsbPd!W:SRT.br: @668473456: RCV-DROPPED 1 packet(s). Packet seqno %510040372 delayed for 0.536 ms
21:39:08.230142/SRT:TsbPd!W:SRT.br: @668473456: RCV-DROPPED 2 packet(s). Packet seqno %510040377 delayed for 0.073 ms
21:39:08.230239/SRT:TsbPd!W:SRT.br: @668473456: RCV-DROPPED 1 packet(s). Packet seqno %510040381 delayed for 0.168 ms
[mpegts @ 0x5c2c75f0adc0] Packet corrupt (stream = 0, dts = 1041859).
[in#0/mpegts @ 0x5c2c75f0acc0] corrupt input packet in stream 0
21:39:08.269544/SRT:TsbPd!W:SRT.br: @668473456: RCV-DROPPED 1 packet(s). Packet seqno %510040389 delayed for 0.403 ms
21:39:08.269701/SRT:TsbPd!W:SRT.br: @668473456: RCV-DROPPED 1 packet(s). Packet seqno %510040392 delayed for 0.558 ms
21:39:08.269890/SRT:TsbPd!W:SRT.br: @668473456: RCV-DROPPED 1 packet(s). Packet seqno %510040409 delayed for 0.727 ms
21:39:08.309380/SRT:TsbPd!W:SRT.br: @668473456: RCV-DROPPED 1 packet(s). Packet seqno %510040413 delayed for 0.079 ms
[mpegts @ 0x5c2c75f0adc0] Packet corrupt (stream = 0, dts = 1049059).
[in#0/mpegts @ 0x5c2c75f0acc0] corrupt input packet in stream 0
21:39:08.349232/SRT:TsbPd!W:SRT.br: @668473456: RCV-DROPPED 2 packet(s). Packet seqno %510040426 delayed for 0.141 ms
21:39:08.349396/SRT:TsbPd!W:SRT.br: @668473456: RCV-DROPPED 1 packet(s). Packet seqno %510040435 delayed for 0.292 ms
[mpegts @ 0x5c2c75f0adc0] Packet corrupt (stream = 0, dts = 1056259).
21:39:08.388972/SRT:TsbPd!W:SRT.br: @668473456: RCV-DROPPED 1 packet(s). Packet seqno %510040438 delayed for 0.146 ms
[in#0/mpegts @ 0x5c2c75f0acc0] corrupt input packet in stream 0
21:39:08.389136/SRT:TsbPd!W:SRT.br: @668473456: RCV-DROPPED 1 packet(s). Packet seqno %510040444 delayed for 0.304 ms
21:39:08.389259/SRT:TsbPd!W:SRT.br: @668473456: RCV-DROPPED 2 packet(s). Packet seqno %510040457 delayed for 0.392 ms
[mpegts @ 0x5c2c75f0adc0] Packet corrupt (stream = 0, dts = 1059859).
[in#0/mpegts @ 0x5c2c75f0acc0] corrupt input packet in stream 0
21:39:08.429483/SRT:TsbPd!W:SRT.br: @668473456: RCV-DROPPED 1 packet(s). Packet seqno %510040465 delayed for 0.340 ms
[mpegts @ 0x5c2c75f0adc0] Packet corrupt (stream = 0, dts = 1063459).
[in#0/mpegts @ 0x5c2c75f0acc0] corrupt input packet in stream 0
[mpegts @ 0x5c2c75f0adc0] PES packet size mismatch
[mpegts @ 0x5c2c75f0adc0] Packet corrupt (stream = 1, dts = 1039241).
[in#0/mpegts @ 0x5c2c75f0acc0] corrupt input packet in stream 1
21:39:08.509348/SRT:TsbPd!W:SRT.br: @668473456: RCV-DROPPED 1 packet(s). Packet seqno %510040486 delayed for 0.329 ms
    Last message repeated 2 times
[mpegts @ 0x5c2c7603b7c0] AAC bitstream not in ADTS format and extradata missing
21:39:08.509731/SRT:TsbPd!W:SRT.br: @668473456: RCV-DROPPED 1 packet(s). Packet seqno %510040499 delayed for 0.692 ms
[mpegts @ 0x5c2c75f0adc0] Packet corrupt (stream = 0, dts = 1067059).
[in#0/mpegts @ 0x5c2c75f0acc0] corrupt input packet in stream 0
21:39:08.549456/SRT:TsbPd!W:SRT.br: @668473456: RCV-DROPPED 1 packet(s). Packet seqno %510040519 delayed for 0.320 ms
[mpegts @ 0x5c2c75f0adc0] Packet corrupt (stream = 0, dts = 1074259).
[in#0/mpegts @ 0x5c2c75f0acc0] corrupt input packet in stream 0
size=    3072kB time=00:00:10.45 bitrate=2406.8kbits/s speed=2.87x    21:39:08.589946/SRT:TsbPd!W:SRT.br: @668473456: RCV-DROPPED 2 packet(s). Packet seqno %510040527 delayed for 0.292 ms
[mpegts @ 0x5c2c75f0adc0] Packet corrupt (stream = 0, dts = 1077859).
[in#0/mpegts @ 0x5c2c75f0acc0] corrupt input packet in stream 0
21:39:08.629645/SRT:TsbPd!W:SRT.br: @668473456: RCV-DROPPED 1 packet(s). Packet seqno %510040541 delayed for 0.374 ms
21:39:08.669151/SRT:TsbPd!W:SRT.br: @668473456: RCV-DROPPED 1 packet(s). Packet seqno %510040558 delayed for 0.084 ms
[mpegts @ 0x5c2c75f0adc0] Packet corrupt (stream = 0, dts = 1081459).
[in#0/mpegts @ 0x5c2c75f0acc0] corrupt input packet in stream 0
21:39:08.669461/SRT:TsbPd!W:SRT.br: @668473456: RCV-DROPPED 1 packet(s). Packet seqno %510040566 delayed for 0.352 ms
[mpegts @ 0x5c2c75f0adc0] Packet corrupt (stream = 0, dts = 1085059).
[in#0/mpegts @ 0x5c2c75f0acc0] corrupt input packet in stream 0
21:39:08.749802/SRT:TsbPd!W:SRT.br: @668473456: RCV-DROPPED 1 packet(s). Packet seqno %510040590 delayed for 0.165 ms
21:39:08.749956/SRT:TsbPd!W:SRT.br: @668473456: RCV-DROPPED 1 packet(s). Packet seqno %510040602 delayed for 0.291 ms
[mpegts @ 0x5c2c75f0adc0] Packet corrupt (stream = 0, dts = 1092259).
[in#0/mpegts @ 0x5c2c75f0acc0] corrupt input packet in stream 0
21:39:08.789400/SRT:TsbPd!W:SRT.br: @668473456: RCV-DROPPED 1 packet(s). Packet seqno %510040611 delayed for 0.329 ms
21:39:08.789504/SRT:TsbPd!W:SRT.br: @668473456: RCV-DROPPED 1 packet(s). Packet seqno %510040616 delayed for 0.428 ms
21:39:08.829106/SRT:TsbPd!W:SRT.br: @668473456: RCV-DROPPED 1 packet(s). Packet seqno %510040618 delayed for 0.072 ms
[mpegts @ 0x5c2c75f0adc0] Packet corrupt (stream = 0, dts = 1095859).
[in#0/mpegts @ 0x5c2c75f0acc0] corrupt input packet in stream 0
21:39:08.829361/SRT:TsbPd!W:SRT.br: @668473456: RCV-DROPPED 1 packet(s). Packet seqno %510040623 delayed for 0.314 ms
21:39:08.829678/SRT:TsbPd!W:SRT.br: @668473456: RCV-DROPPED 1 packet(s). Packet seqno %510040627 delayed for 0.624 ms
21:39:08.829713/SRT:TsbPd!W:SRT.br: @668473456: RCV-DROPPED 1 packet(s). Packet seqno %510040629 delayed for 0.654 ms
[mpegts @ 0x5c2c75f0adc0] Packet corrupt (stream = 0, dts = 1099459).
[in#0/mpegts @ 0x5c2c75f0acc0] corrupt input packet in stream 0
21:39:08.869185/SRT:TsbPd!W:SRT.br: @668473456: RCV-DROPPED 1 packet(s). Packet seqno %510040646 delayed for 0.251 ms
[mpegts @ 0x5c2c75f0adc0] Packet corrupt (stream = 0, dts = 1103059).
[in#0/mpegts @ 0x5c2c75f0acc0] corrupt input packet in stream 0
21:39:08.909552/SRT:TsbPd!W:SRT.br: @668473456: RCV-DROPPED 1 packet(s). Packet seqno %510040664 delayed for 0.207 ms
21:39:08.909606/SRT:TsbPd!W:SRT.br: @668473456: RCV-DROPPED 1 packet(s). Packet seqno %510040670 delayed for 0.255 ms
[mpegts @ 0x5c2c75f0adc0] Packet corrupt (stream = 0, dts = 1106659).
[in#0/mpegts @ 0x5c2c75f0acc0] corrupt input packet in stream 0
21:39:08.989819/SRT:TsbPd!W:SRT.br: @668473456: RCV-DROPPED 1 packet(s). Packet seqno %510040729 delayed for 0.090 ms
21:39:08.989930/SRT:TsbPd!W:SRT.br: @668473456: RCV-DROPPED 1 packet(s). Packet seqno %510040732 delayed for 0.192 ms
21:39:08.990231/SRT:TsbPd!W:SRT.br: @668473456: RCV-DROPPED 1 packet(s). Packet seqno %510040736 delayed for 0.485 ms
[mpegts @ 0x5c2c75f0adc0] Packet corrupt (stream = 0, dts = 1113859).
[in#0/mpegts @ 0x5c2c75f0acc0] corrupt input packet in stream 0
21:39:09.029458/SRT:TsbPd!W:SRT.br: @668473456: RCV-DROPPED 1 packet(s). Packet seqno %510040743 delayed for 0.211 ms
[mpegts @ 0x5c2c75f0adc0] Packet corrupt (stream = 0, dts = 1117459).
[in#0/mpegts @ 0x5c2c75f0acc0] corrupt input packet in stream 0
21:39:09.069823/SRT:TsbPd!W:SRT.br: @668473456: RCV-DROPPED 1 packet(s). Packet seqno %510040768 delayed for 0.244 ms
[mpegts @ 0x5c2c75f0adc0] Packet corrupt (stream = 0, dts = 1121059).
[in#0/mpegts @ 0x5c2c75f0acc0] corrupt input packet in stream 0
size=    3072kB time=00:00:11.01 bitrate=2284.4kbits/s speed=2.65x    21:39:09.109293/SRT:TsbPd!W:SRT.br: @668473456: RCV-DROPPED 1 packet(s). Packet seqno %510040774 delayed for 0.230 ms
[mpegts @ 0x5c2c75f0adc0] PES packet size mismatch
[mpegts @ 0x5c2c75f0adc0] Packet corrupt (stream = 1, dts = 1097755).
[in#0/mpegts @ 0x5c2c75f0acc0] corrupt input packet in stream 1
    Last message repeated 2 times
[mpegts @ 0x5c2c75f0adc0] Packet corrupt (stream = 0, dts = 1124659).
[in#0/mpegts @ 0x5c2c75f0acc0] corrupt input packet in stream 0
[mpegts @ 0x5c2c7603b7c0] AAC bitstream not in ADTS format and extradata missing
21:39:09.269184/SRT:TsbPd!W:SRT.br: @668473456: RCV-DROPPED 2 packet(s). Packet seqno %510040838 delayed for 0.169 ms
21:39:09.269289/SRT:TsbPd!W:SRT.br: @668473456: RCV-DROPPED 1 packet(s). Packet seqno %510040844 delayed for 0.250 ms
21:39:09.269336/SRT:TsbPd!W:SRT.br: @668473456: RCV-DROPPED 1 packet(s). Packet seqno %510040847 delayed for 0.291 ms
[mpegts @ 0x5c2c75f0adc0] Packet corrupt (stream = 0, dts = 1139059).
[in#0/mpegts @ 0x5c2c75f0acc0] corrupt input packet in stream 0
21:39:09.309692/SRT:TsbPd!W:SRT.br: @668473456: RCV-DROPPED 1 packet(s). Packet seqno %510040865 delayed for 0.278 ms
[mpegts @ 0x5c2c75f0adc0] Packet corrupt (stream = 0, dts = 1142659).
[in#0/mpegts @ 0x5c2c75f0acc0] corrupt input packet in stream 0
21:39:09.349892/SRT:TsbPd!W:SRT.br: @668473456: RCV-DROPPED 1 packet(s). Packet seqno %510040874 delayed for 0.322 ms
[mpegts @ 0x5c2c75f0adc0] Packet corrupt (stream = 0, dts = 1146259).
[in#0/mpegts @ 0x5c2c75f0acc0] corrupt input packet in stream 0
21:39:09.389508/SRT:TsbPd!W:SRT.br: @668473456: RCV-DROPPED 1 packet(s). Packet seqno %510040883 delayed for 0.358 ms
21:39:09.389665/SRT:TsbPd!W:SRT.br: @668473456: RCV-DROPPED 1 packet(s). Packet seqno %510040887 delayed for 0.515 ms
21:39:09.389809/SRT:TsbPd!W:SRT.br: @668473456: RCV-DROPPED 1 packet(s). Packet seqno %510040891 delayed for 0.653 ms
21:39:09.389926/SRT:TsbPd!W:SRT.br: @668473456: RCV-DROPPED 1 packet(s). Packet seqno %510040894 delayed for 0.768 ms
[mpegts @ 0x5c2c75f0adc0] Packet corrupt (stream = 0, dts = 1149859).
[in#0/mpegts @ 0x5c2c75f0acc0] corrupt input packet in stream 0
21:39:09.429133/SRT:TsbPd!W:SRT.br: @668473456: RCV-DROPPED 1 packet(s). Packet seqno %510040910 delayed for 0.228 ms
[mpegts @ 0x5c2c75f0adc0] Packet corrupt (stream = 0, dts = 1153459).
[in#0/mpegts @ 0x5c2c75f0acc0] corrupt input packet in stream 0
21:39:09.509839/SRT:TsbPd!W:SRT.br: @668473456: RCV-DROPPED 1 packet(s). Packet seqno %510040927 delayed for 0.161 ms
21:39:09.509983/SRT:TsbPd!W:SRT.br: @668473456: RCV-DROPPED 1 packet(s). Packet seqno %510040930 delayed for 0.303 ms
21:39:09.510057/SRT:TsbPd!W:SRT.br: @668473456: RCV-DROPPED 1 packet(s). Packet seqno %510040936 delayed for 0.362 ms
21:39:09.510133/SRT:TsbPd!W:SRT.br: @668473456: RCV-DROPPED 1 packet(s). Packet seqno %510040941 delayed for 0.420 ms
21:39:09.510206/SRT:TsbPd!W:SRT.br: @668473456: RCV-DROPPED 1 packet(s). Packet seqno %510040946 delayed for 0.481 ms
[mpegts @ 0x5c2c75f0adc0] Packet corrupt (stream = 0, dts = 1160659).
[in#0/mpegts @ 0x5c2c75f0acc0] corrupt input packet in stream 0
21:39:09.549932/SRT:TsbPd!W:SRT.br: @668473456: RCV-DROPPED 1 packet(s). Packet seqno %510040960 delayed for 0.356 ms
[mpegts @ 0x5c2c75f0adc0] Packet corrupt (stream = 0, dts = 1164259).
[in#0/mpegts @ 0x5c2c75f0acc0] corrupt input packet in stream 0
21:39:09.629355/SRT:TsbPd!W:SRT.br: @668473456: RCV-DROPPED 1 packet(s). Packet seqno %510040973 delayed for 0.081 ms
21:39:09.629742/SRT:TsbPd!W:SRT.br: @668473456: RCV-DROPPED 1 packet(s). Packet seqno %510040979 delayed for 0.440 ms
size=    3584kB time=00:00:11.53 bitrate=2545.0kbits/s speed=2.47x    21:39:09.629817/SRT:TsbPd!W:SRT.br: @668473456: RCV-DROPPED 1 packet(s). Packet seqno %510040984 delayed for 0.507 ms
21:39:09.669746/SRT:TsbPd!W:SRT.br: @668473456: RCV-DROPPED 1 packet(s). Packet seqno %510041001 delayed for 0.072 ms
[mpegts @ 0x5c2c75f0adc0] Packet corrupt (stream = 0, dts = 1171459).
[in#0/mpegts @ 0x5c2c75f0acc0] corrupt input packet in stream 0
21:39:09.669959/SRT:TsbPd!W:SRT.br: @668473456: RCV-DROPPED 1 packet(s). Packet seqno %510041006 delayed for 0.275 ms
21:39:09.709888/SRT:TsbPd!W:SRT.br: @668473456: RCV-DROPPED 1 packet(s). Packet seqno %510041010 delayed for 0.085 ms
[mpegts @ 0x5c2c75f0adc0] Packet corrupt (stream = 0, dts = 1175059).
[in#0/mpegts @ 0x5c2c75f0acc0] corrupt input packet in stream 0
21:39:09.710076/SRT:TsbPd!W:SRT.br: @668473456: RCV-DROPPED 1 packet(s). Packet seqno %510041017 delayed for 0.259 ms
[mpegts @ 0x5c2c75f0adc0] Packet corrupt (stream = 0, dts = 1178659).
[in#0/mpegts @ 0x5c2c75f0acc0] corrupt input packet in stream 0
21:39:09.750093/SRT:TsbPd!W:SRT.br: @668473456: RCV-DROPPED 1 packet(s). Packet seqno %510041023 delayed for 0.221 ms
21:39:09.750154/SRT:TsbPd!W:SRT.br: @668473456: RCV-DROPPED 1 packet(s). Packet seqno %510041042 delayed for 0.273 ms
21:39:09.750181/SRT:TsbPd!W:SRT.br: @668473456: RCV-DROPPED 1 packet(s). Packet seqno %510041049 delayed for 0.293 ms
[mpegts @ 0x5c2c75f0adc0] Packet corrupt (stream = 0, dts = 1182259).
[in#0/mpegts @ 0x5c2c75f0acc0] corrupt input packet in stream 0
21:39:09.789724/SRT:TsbPd!W:SRT.br: @668473456: RCV-DROPPED 1 packet(s). Packet seqno %510041059 delayed for 0.325 ms
[mpegts @ 0x5c2c75f0adc0] Packet corrupt (stream = 0, dts = 1185859).
[in#0/mpegts @ 0x5c2c75f0acc0] corrupt input packet in stream 0
21:39:09.869618/SRT:TsbPd!W:SRT.br: @668473456: RCV-DROPPED 1 packet(s). Packet seqno %510041084 delayed for 0.090 ms
[mpegts @ 0x5c2c75f0adc0] Packet corrupt (stream = 0, dts = 1189459).
[in#0/mpegts @ 0x5c2c75f0acc0] corrupt input packet in stream 0
21:39:09.869828/SRT:TsbPd!W:SRT.br: @668473456: RCV-DROPPED 1 packet(s). Packet seqno %510041092 delayed for 0.285 ms
[mpegts @ 0x5c2c75f0adc0] Packet corrupt (stream = 0, dts = 1193059).
[in#0/mpegts @ 0x5c2c75f0acc0] corrupt input packet in stream 0
21:39:09.909389/SRT:TsbPd!W:SRT.br: @668473456: RCV-DROPPED 2 packet(s). Packet seqno %510041110 delayed for 0.325 ms
21:39:09.909528/SRT:TsbPd!W:SRT.br: @668473456: RCV-DROPPED 2 packet(s). Packet seqno %510041120 delayed for 0.459 ms
21:39:09.909626/SRT:TsbPd!W:SRT.br: @668473456: RCV-DROPPED 1 packet(s). Packet seqno %510041129 delayed for 0.548 ms
21:39:09.949480/SRT:TsbPd!W:SRT.br: @668473456: RCV-DROPPED 1 packet(s). Packet seqno %510041134 delayed for 0.072 ms
[mpegts @ 0x5c2c75f0adc0] Packet corrupt (stream = 0, dts = 1196659).
[in#0/mpegts @ 0x5c2c75f0acc0] corrupt input packet in stream 0
21:39:09.949764/SRT:TsbPd!W:SRT.br: @668473456: RCV-DROPPED 1 packet(s). Packet seqno %510041147 delayed for 0.323 ms
21:39:09.949814/SRT:TsbPd!W:SRT.br: @668473456: RCV-DROPPED 2 packet(s). Packet seqno %510041153 delayed for 0.365 ms
21:39:09.989190/SRT:TsbPd!W:SRT.br: @668473456: RCV-DROPPED 1 packet(s). Packet seqno %510041160 delayed for 0.073 ms
21:39:09.989317/SRT:TsbPd!W:SRT.br: @668473456: RCV-DROPPED 1 packet(s). Packet seqno %510041163 delayed for 0.205 ms
[mpegts @ 0x5c2c75f0adc0] Packet corrupt (stream = 0, dts = 1200259).
[in#0/mpegts @ 0x5c2c75f0acc0] corrupt input packet in stream 0
21:39:10.029817/SRT:TsbPd!W:SRT.br: @668473456: RCV-DROPPED 1 packet(s). Packet seqno %510041178 delayed for 0.406 ms
21:39:10.029891/SRT:TsbPd!W:SRT.br: @668473456: RCV-DROPPED 1 packet(s). Packet seqno %510041180 delayed for 0.481 ms
21:39:10.069509/SRT:TsbPd!W:SRT.br: @668473456: RCV-DROPPED 1 packet(s). Packet seqno %510041185 delayed for 0.073 ms
[mpegts @ 0x5c2c75f0adc0] Packet corrupt (stream = 0, dts = 1207459).
[in#0/mpegts @ 0x5c2c75f0acc0] corrupt input packet in stream 0
21:39:10.069773/SRT:TsbPd!W:SRT.br: @668473456: RCV-DROPPED 1 packet(s). Packet seqno %510041207 delayed for 0.299 ms
[mpegts @ 0x5c2c75f0adc0] Packet corrupt (stream = 0, dts = 1211059).
[in#0/mpegts @ 0x5c2c75f0acc0] corrupt input packet in stream 0
21:39:10.109700/SRT:TsbPd!W:SRT.br: @668473456: RCV-DROPPED 1 packet(s). Packet seqno %510041228 delayed for 0.297 ms
21:39:10.109773/SRT:TsbPd!W:SRT.br: @668473456: RCV-DROPPED 1 packet(s). Packet seqno %510041230 delayed for 0.373 ms
size=    3840kB time=00:00:12.01 bitrate=2617.9kbits/s speed=2.31x    [mpegts @ 0x5c2c75f0adc0] Packet corrupt (stream = 0, dts = 1214659).
[in#0/mpegts @ 0x5c2c75f0acc0] corrupt input packet in stream 0
21:39:10.149940/SRT:TsbPd!W:SRT.br: @668473456: RCV-DROPPED 1 packet(s). Packet seqno %510041240 delayed for 0.406 ms
21:39:10.150012/SRT:TsbPd!W:SRT.br: @668473456: RCV-DROPPED 1 packet(s). Packet seqno %510041243 delayed for 0.477 ms
21:39:10.150062/SRT:TsbPd!W:SRT.br: @668473456: RCV-DROPPED 1 packet(s). Packet seqno %510041245 delayed for 0.523 ms
[mpegts @ 0x5c2c75f0adc0] Packet corrupt (stream = 0, dts = 1218259).
[in#0/mpegts @ 0x5c2c75f0acc0] corrupt input packet in stream 0
21:39:10.229087/SRT:TsbPd!W:SRT.br: @668473456: RCV-DROPPED 1 packet(s). Packet seqno %510041262 delayed for 0.101 ms
21:39:10.229251/SRT:TsbPd!W:SRT.br: @668473456: RCV-DROPPED 2 packet(s). Packet seqno %510041267 delayed for 0.267 ms
21:39:10.229341/SRT:TsbPd!W:SRT.br: @668473456: RCV-DROPPED 1 packet(s). Packet seqno %510041275 delayed for 0.332 ms
21:39:10.229434/SRT:TsbPd!W:SRT.br: @668473456: RCV-DROPPED 1 packet(s). Packet seqno %510041284 delayed for 0.430 ms
21:39:10.229494/SRT:TsbPd!W:SRT.br: @668473456: RCV-DROPPED 1 packet(s). Packet seqno %510041286 delayed for 0.488 ms
[mpegts @ 0x5c2c75f0adc0] Packet corrupt (stream = 0, dts = 1221859).
[in#0/mpegts @ 0x5c2c75f0acc0] corrupt input packet in stream 0
21:39:10.269353/SRT:TsbPd!W:SRT.br: @668473456: RCV-DROPPED 1 packet(s). Packet seqno %510041295 delayed for 0.319 ms
[mpegts @ 0x5c2c75f0adc0] Packet corrupt (stream = 0, dts = 1229059).
[in#0/mpegts @ 0x5c2c75f0acc0] corrupt input packet in stream 0
21:39:10.349250/SRT:TsbPd!W:SRT.br: @668473456: RCV-DROPPED 1 packet(s). Packet seqno %510041320 delayed for 0.165 ms
21:39:10.349321/SRT:TsbPd!W:SRT.br: @668473456: RCV-DROPPED 1 packet(s). Packet seqno %510041323 delayed for 0.238 ms
21:39:10.349365/SRT:TsbPd!W:SRT.br: @668473456: RCV-DROPPED 1 packet(s). Packet seqno %510041325 delayed for 0.279 ms
[mpegts @ 0x5c2c75f0adc0] Packet corrupt (stream = 0, dts = 1236259).
[in#0/mpegts @ 0x5c2c75f0acc0] corrupt input packet in stream 0
21:39:10.469417/SRT:TsbPd!W:SRT.br: @668473456: RCV-DROPPED 1 packet(s). Packet seqno %510041360 delayed for 0.079 ms
21:39:10.469631/SRT:TsbPd!W:SRT.br: @668473456: RCV-DROPPED 1 packet(s). Packet seqno %510041372 delayed for 0.258 ms
[mpegts @ 0x5c2c75f0adc0] Packet corrupt (stream = 0, dts = 1247059).
[in#0/mpegts @ 0x5c2c75f0acc0] corrupt input packet in stream 0
21:39:10.549008/SRT:TsbPd!W:SRT.br: @668473456: RCV-DROPPED 1 packet(s). Packet seqno %510041413 delayed for 0.158 ms
[mpegts @ 0x5c2c75f0adc0] Packet corrupt (stream = 0, dts = 1254259).
[in#0/mpegts @ 0x5c2c75f0acc0] corrupt input packet in stream 0
size=    4096kB time=00:00:12.49 bitrate=2685.2kbits/s speed=2.19x    21:39:10.629993/SRT:TsbPd!W:SRT.br: @668473456: RCV-DROPPED 1 packet(s). Packet seqno %510041462 delayed for 0.449 ms
[mpegts @ 0x5c2c75f0adc0] Packet corrupt (stream = 0, dts = 1261459).
[in#0/mpegts @ 0x5c2c75f0acc0] corrupt input packet in stream 0
21:39:10.712051/SRT:TsbPd!W:SRT.br: @668473456: RCV-DROPPED 1 packet(s). Packet seqno %510041475 delayed for 0.071 ms
[mpegts @ 0x5c2c75f0adc0] Packet corrupt (stream = 0, dts = 1265059).
[in#0/mpegts @ 0x5c2c75f0acc0] corrupt input packet in stream 0
21:39:10.712244/SRT:TsbPd!W:SRT.br: @668473456: RCV-DROPPED 1 packet(s). Packet seqno %510041482 delayed for 0.240 ms
21:39:10.712308/SRT:TsbPd!W:SRT.br: @668473456: RCV-DROPPED 1 packet(s). Packet seqno %510041489 delayed for 0.274 ms
21:39:10.712342/SRT:TsbPd!W:SRT.br: @668473456: RCV-DROPPED 1 packet(s). Packet seqno %510041492 delayed for 0.303 ms
[mpegts @ 0x5c2c75f0adc0] Packet corrupt (stream = 0, dts = 1268659).
[in#0/mpegts @ 0x5c2c75f0acc0] corrupt input packet in stream 0
21:39:10.789233/SRT:TsbPd!W:SRT.br: @668473456: RCV-DROPPED 1 packet(s). Packet seqno %510041513 delayed for 0.376 ms
21:39:10.829382/SRT:TsbPd!W:SRT.br: @668473456: RCV-DROPPED 1 packet(s). Packet seqno %510041517 delayed for 0.102 ms
21:39:10.829527/SRT:TsbPd!W:SRT.br: @668473456: RCV-DROPPED 1 packet(s). Packet seqno %510041521 delayed for 0.249 ms
[mpegts @ 0x5c2c75f0adc0] Packet corrupt (stream = 0, dts = 1275859).
[in#0/mpegts @ 0x5c2c75f0acc0] corrupt input packet in stream 0
21:39:10.869724/SRT:TsbPd!W:SRT.br: @668473456: RCV-DROPPED 1 packet(s). Packet seqno %510041539 delayed for 0.221 ms
21:39:10.869804/SRT:TsbPd!W:SRT.br: @668473456: RCV-DROPPED 1 packet(s). Packet seqno %510041549 delayed for 0.281 ms
21:39:10.869842/SRT:TsbPd!W:SRT.br: @668473456: RCV-DROPPED 1 packet(s). Packet seqno %510041551 delayed for 0.315 ms
21:39:10.869895/SRT:TsbPd!W:SRT.br: @668473456: RCV-DROPPED 1 packet(s). Packet seqno %510041568 delayed for 0.322 ms
[mpegts @ 0x5c2c75f0adc0] Packet corrupt (stream = 0, dts = 1283059).
[in#0/mpegts @ 0x5c2c75f0acc0] corrupt input packet in stream 0
21:39:10.988877/SRT:TsbPd!W:SRT.br: @668473456: RCV-DROPPED 1 packet(s). Packet seqno %510041604 delayed for 0.084 ms
21:39:10.988968/SRT:TsbPd!W:SRT.br: @668473456: RCV-DROPPED 1 packet(s). Packet seqno %510041608 delayed for 0.171 ms
21:39:10.988994/SRT:TsbPd!W:SRT.br: @668473456: RCV-DROPPED 1 packet(s). Packet seqno %510041611 delayed for 0.189 ms
[mpegts @ 0x5c2c75f0adc0] Packet corrupt (stream = 0, dts = 1290259).
[in#0/mpegts @ 0x5c2c75f0acc0] corrupt input packet in stream 0
21:39:11.069609/SRT:TsbPd!W:SRT.br: @668473456: RCV-DROPPED 1 packet(s). Packet seqno %510041635 delayed for 0.202 ms
21:39:11.109569/SRT:TsbPd!W:SRT.br: @668473456: RCV-DROPPED 2 packet(s). Packet seqno %510041641 delayed for 0.110 ms
21:39:11.109741/SRT:TsbPd!W:SRT.br: @668473456: RCV-DROPPED 3 packet(s). Packet seqno %510041647 delayed for 0.245 ms
[mpegts @ 0x5c2c75f0adc0] Packet corrupt (stream = 0, dts = 1301059).
21:39:11.149420/SRT:TsbPd!W:SRT.br: @668473456: RCV-DROPPED 1 packet(s). Packet seqno %510041664 delayed for 0.124 ms
[in#0/mpegts @ 0x5c2c75f0acc0] corrupt input packet in stream 0
[mpegts @ 0x5c2c75f0adc0] Packet corrupt (stream = 0, dts = 1308259).
[in#0/mpegts @ 0x5c2c75f0acc0] corrupt input packet in stream 0
size=    4352kB time=00:00:13.05 bitrate=2730.6kbits/s speed=2.09x    21:39:11.229245/SRT:TsbPd!W:SRT.br: @668473456: RCV-DROPPED 1 packet(s). Packet seqno %510041698 delayed for 0.154 ms
[mpegts @ 0x5c2c75f0adc0] Packet corrupt (stream = 0, dts = 1315459).
[in#0/mpegts @ 0x5c2c75f0acc0] corrupt input packet in stream 0
21:39:11.269149/SRT:TsbPd!W:SRT.br: @668473456: RCV-DROPPED 1 packet(s). Packet seqno %510041708 delayed for 0.405 ms
[mpegts @ 0x5c2c75f0adc0] Packet corrupt (stream = 0, dts = 1319059).
[in#0/mpegts @ 0x5c2c75f0acc0] corrupt input packet in stream 0
21:39:11.309997/SRT:TsbPd!W:SRT.br: @668473456: RCV-DROPPED 1 packet(s). Packet seqno %510041715 delayed for 0.193 ms
21:39:11.310044/SRT:TsbPd!W:SRT.br: @668473456: RCV-DROPPED 1 packet(s). Packet seqno %510041717 delayed for 0.244 ms
21:39:11.310068/SRT:TsbPd!W:SRT.br: @668473456: RCV-DROPPED 1 packet(s). Packet seqno %510041720 delayed for 0.265 ms
[mpegts @ 0x5c2c75f0adc0] Packet corrupt (stream = 0, dts = 1322659).
21:39:11.349835/SRT:TsbPd!W:SRT.br: @668473456: RCV-DROPPED 1 packet(s). Packet seqno %510041734 delayed for 0.094 ms
[in#0/mpegts @ 0x5c2c75f0acc0] corrupt input packet in stream 0
21:39:11.349937/SRT:TsbPd!W:SRT.br: @668473456: RCV-DROPPED 1 packet(s). Packet seqno %510041741 delayed for 0.188 ms
[mpegts @ 0x5c2c75f0adc0] Packet corrupt (stream = 0, dts = 1326259).
[in#0/mpegts @ 0x5c2c75f0acc0] corrupt input packet in stream 0
21:39:11.430465/SRT:TsbPd!W:SRT.br: @668473456: RCV-DROPPED 1 packet(s). Packet seqno %510041762 delayed for 0.329 ms
21:39:11.430562/SRT:TsbPd!W:SRT.br: @668473456: RCV-DROPPED 1 packet(s). Packet seqno %510041766 delayed for 0.425 ms
[mpegts @ 0x5c2c75f0adc0] Packet corrupt (stream = 0, dts = 1333459).
[in#0/mpegts @ 0x5c2c75f0acc0] corrupt input packet in stream 0
21:39:11.469548/SRT:TsbPd!W:SRT.br: @668473456: RCV-DROPPED 1 packet(s). Packet seqno %510041778 delayed for 0.357 ms
[mpegts @ 0x5c2c75f0adc0] Packet corrupt (stream = 0, dts = 1337059).
[in#0/mpegts @ 0x5c2c75f0acc0] corrupt input packet in stream 0
21:39:11.549831/SRT:TsbPd!W:SRT.br: @668473456: RCV-DROPPED 1 packet(s). Packet seqno %510041797 delayed for 0.133 ms
21:39:11.549944/SRT:TsbPd!W:SRT.br: @668473456: RCV-DROPPED 1 packet(s). Packet seqno %510041806 delayed for 0.236 ms
21:39:11.550009/SRT:TsbPd!W:SRT.br: @668473456: RCV-DROPPED 1 packet(s). Packet seqno %510041808 delayed for 0.303 ms
21:39:11.589976/SRT:TsbPd!W:SRT.br: @668473456: RCV-DROPPED 1 packet(s). Packet seqno %510041813 delayed for 0.171 ms
[mpegts @ 0x5c2c75f0adc0] Packet corrupt (stream = 0, dts = 1344259).
[in#0/mpegts @ 0x5c2c75f0acc0] corrupt input packet in stream 0
21:39:11.628849/SRT:TsbPd!W:SRT.br: @668473456: RCV-DROPPED 1 packet(s). Packet seqno %510041823 delayed for 0.069 ms
[mpegts @ 0x5c2c75f0adc0] Packet corrupt (stream = 0, dts = 1347859).
[in#0/mpegts @ 0x5c2c75f0acc0] corrupt input packet in stream 0
21:39:11.628985/SRT:TsbPd!W:SRT.br: @668473456: RCV-DROPPED 1 packet(s). Packet seqno %510041829 delayed for 0.201 ms
[mpegts @ 0x5c2c75f0adc0] Packet corrupt (stream = 0, dts = 1351459).
[in#0/mpegts @ 0x5c2c75f0acc0] corrupt input packet in stream 0
21:39:11.669486/SRT:TsbPd!W:SRT.br: @668473456: RCV-DROPPED 1 packet(s). Packet seqno %510041858 delayed for 0.255 ms
21:39:11.669583/SRT:TsbPd!W:SRT.br: @668473456: RCV-DROPPED 1 packet(s). Packet seqno %510041865 delayed for 0.344 ms
[mpegts @ 0x5c2c75f0adc0] Packet corrupt (stream = 0, dts = 1355059).
[in#0/mpegts @ 0x5c2c75f0acc0] corrupt input packet in stream 0
size=    4608kB time=00:00:13.61 bitrate=2772.3kbits/s speed=2.01x    [mpegts @ 0x5c2c75f0adc0] PES packet size mismatch
[mpegts @ 0x5c2c75f0adc0] Packet corrupt (stream = 1, dts = 1331812).
[in#0/mpegts @ 0x5c2c75f0acc0] corrupt input packet in stream 1
21:39:11.749859/SRT:TsbPd!W:SRT.br: @668473456: RCV-DROPPED 1 packet(s). Packet seqno %510041881 delayed for 0.222 ms
21:39:11.749906/SRT:TsbPd!W:SRT.br: @668473456: RCV-DROPPED 1 packet(s). Packet seqno %510041883 delayed for 0.270 ms
21:39:11.749939/SRT:TsbPd!W:SRT.br: @668473456: RCV-DROPPED 1 packet(s). Packet seqno %510041886 delayed for 0.298 ms
21:39:11.750013/SRT:TsbPd!W:SRT.br: @668473456: RCV-DROPPED 1 packet(s). Packet seqno %510041892 delayed for 0.364 ms
    Last message repeated 2 times
[mpegts @ 0x5c2c75f0adc0] Packet corrupt (stream = 0, dts = 1362259).
[in#0/mpegts @ 0x5c2c75f0acc0] corrupt input packet in stream 0
21:39:11.869793/SRT:TsbPd!W:SRT.br: @668473456: RCV-DROPPED 1 packet(s). Packet seqno %510041928 delayed for 0.168 ms
21:39:11.869898/SRT:TsbPd!W:SRT.br: @668473456: RCV-DROPPED 1 packet(s). Packet seqno %510041931 delayed for 0.274 ms
[mpegts @ 0x5c2c75f0adc0] PES packet size mismatch
[mpegts @ 0x5c2c75f0adc0] Packet corrupt (stream = 1, dts = 1346441).
[in#0/mpegts @ 0x5c2c75f0acc0] corrupt input packet in stream 1
    Last message repeated 5 times
[mpegts @ 0x5c2c7603b7c0] AAC bitstream not in ADTS format and extradata missing
[in#0/mpegts @ 0x5c2c75f0acc0] corrupt input packet in stream 1
[mpegts @ 0x5c2c7603b7c0] AAC bitstream not in ADTS format and extradata missing
[mpegts @ 0x5c2c75f0adc0] Packet corrupt (stream = 0, dts = 1373059).
21:39:11.910212/SRT:TsbPd!W:SRT.br: @668473456: RCV-DROPPED 1 packet(s). Packet seqno %510041943 delayed for 0.850 ms
[in#0/mpegts @ 0x5c2c75f0acc0] corrupt input packet in stream 0
21:39:11.949981/SRT:TsbPd!W:SRT.br: @668473456: RCV-DROPPED 1 packet(s). Packet seqno %510041948 delayed for 0.070 ms
[mpegts @ 0x5c2c75f0adc0] Packet corrupt (stream = 0, dts = 1376659).
[in#0/mpegts @ 0x5c2c75f0acc0] corrupt input packet in stream 0
21:39:11.988892/SRT:TsbPd!W:SRT.br: @668473456: RCV-DROPPED 1 packet(s). Packet seqno %510041975 delayed for 0.135 ms
[mpegts @ 0x5c2c75f0adc0] Packet corrupt (stream = 0, dts = 1383859).
[in#0/mpegts @ 0x5c2c75f0acc0] corrupt input packet in stream 0
21:39:12.069732/SRT:TsbPd!W:SRT.br: @668473456: RCV-DROPPED 1 packet(s). Packet seqno %510041994 delayed for 0.249 ms
[mpegts @ 0x5c2c75f0adc0] Packet corrupt (stream = 0, dts = 1391059).
[in#0/mpegts @ 0x5c2c75f0acc0] corrupt input packet in stream 0
21:39:12.109709/SRT:TsbPd!W:SRT.br: @668473456: RCV-DROPPED 1 packet(s). Packet seqno %510041999 delayed for 0.272 ms
21:39:12.109784/SRT:TsbPd!W:SRT.br: @668473456: RCV-DROPPED 1 packet(s). Packet seqno %510042001 delayed for 0.347 ms
21:39:12.109841/SRT:TsbPd!W:SRT.br: @668473456: RCV-DROPPED 1 packet(s). Packet seqno %510042004 delayed for 0.401 ms
[mpegts @ 0x5c2c75f0adc0] Packet corrupt (stream = 0, dts = 1394659).
[in#0/mpegts @ 0x5c2c75f0acc0] corrupt input packet in stream 0
21:39:12.192693/SRT:TsbPd!W:SRT.br: @668473456: RCV-DROPPED 1 packet(s). Packet seqno %510042032 delayed for 3.562 ms
[mpegts @ 0x5c2c75f0adc0] Packet corrupt (stream = 0, dts = 1401859).
[in#0/mpegts @ 0x5c2c75f0acc0] corrupt input packet in stream 0
21:39:12.229259/SRT:TsbPd!W:SRT.br: @668473456: RCV-DROPPED 1 packet(s). Packet seqno %510042042 delayed for 0.220 ms
size=    4864kB time=00:00:14.13 bitrate=2818.7kbits/s speed=1.94x    [mpegts @ 0x5c2c75f0adc0] Packet corrupt (stream = 0, dts = 1405459).
[in#0/mpegts @ 0x5c2c75f0acc0] corrupt input packet in stream 0
21:39:12.313018/SRT:TsbPd!W:SRT.br: @668473456: RCV-DROPPED 1 packet(s). Packet seqno %510042069 delayed for 3.638 ms
21:39:12.314804/SRT:TsbPd!W:SRT.br: @668473456: RCV-DROPPED 1 packet(s). Packet seqno %510042071 delayed for 5.421 ms
21:39:12.329818/SRT:TsbPd!W:SRT.br: @668473456: RCV-DROPPED 1 packet(s). Packet seqno %510042079 delayed for 0.077 ms
[mpegts @ 0x5c2c75f0adc0] Packet corrupt (stream = 0, dts = 1412659).
[in#0/mpegts @ 0x5c2c75f0acc0] corrupt input packet in stream 0
21:39:12.330107/SRT:TsbPd!W:SRT.br: @668473456: RCV-DROPPED 1 packet(s). Packet seqno %510042085 delayed for 0.356 ms
[mpegts @ 0x5c2c75f0adc0] Packet corrupt (stream = 0, dts = 1416259).
[in#0/mpegts @ 0x5c2c75f0acc0] corrupt input packet in stream 0
21:39:12.332493/SRT:TsbPd!W:SRT.br: @668473456: RCV-DROPPED 1 packet(s). Packet seqno %510042129 delayed for 1.151 ms
[mpegts @ 0x5c2c75f0adc0] Packet corrupt (stream = 0, dts = 1419859).
[in#0/mpegts @ 0x5c2c75f0acc0] corrupt input packet in stream 0
21:39:12.336970/SRT:TsbPd!W:SRT.br: @668473456: RCV-DROPPED 1 packet(s). Packet seqno %510042143 delayed for 0.608 ms
21:39:12.337157/SRT:TsbPd!W:SRT.br: @668473456: RCV-DROPPED 1 packet(s). Packet seqno %510042146 delayed for 0.792 ms
21:39:12.337342/SRT:TsbPd!W:SRT.br: @668473456: RCV-DROPPED 3 packet(s). Packet seqno %510042156 delayed for 0.967 ms
[mpegts @ 0x5c2c75f0adc0] Packet corrupt (stream = 0, dts = 1423459).
[in#0/mpegts @ 0x5c2c75f0acc0] corrupt input packet in stream 0
21:39:12.340662/SRT:TsbPd!W:SRT.br: @668473456: RCV-DROPPED 1 packet(s). Packet seqno %510042162 delayed for 0.906 ms
[mpegts @ 0x5c2c75f0adc0] Packet corrupt (stream = 0, dts = 1427059).
[in#0/mpegts @ 0x5c2c75f0acc0] corrupt input packet in stream 0
21:39:12.371507/SRT:TsbPd!W:SRT.br: @668473456: RCV-DROPPED 1 packet(s). Packet seqno %510042183 delayed for 1.246 ms
21:39:12.378418/SRT:TsbPd!W:SRT.br: @668473456: RCV-DROPPED 1 packet(s). Packet seqno %510042189 delayed for 8.151 ms
21:39:12.385283/SRT:TsbPd!W:SRT.br: @668473456: RCV-DROPPED 1 packet(s). Packet seqno %510042193 delayed for 15.011 ms
[mpegts @ 0x5c2c75f0adc0] Packet corrupt (stream = 0, dts = 1434259).
[in#0/mpegts @ 0x5c2c75f0acc0] corrupt input packet in stream 0
21:39:12.397053/SRT:TsbPd!W:SRT.br: @668473456: RCV-DROPPED 1 packet(s). Packet seqno %510042200 delayed for 25.428 ms
21:39:12.401316/SRT:TsbPd!W:SRT.br: @668473456: RCV-DROPPED 1 packet(s). Packet seqno %510042203 delayed for 27.574 ms
[mpegts @ 0x5c2c75f0adc0] Packet corrupt (stream = 0, dts = 1437859).
[in#0/mpegts @ 0x5c2c75f0acc0] corrupt input packet in stream 0
21:39:12.410472/SRT:TsbPd!W:SRT.br: @668473456: RCV-DROPPED 1 packet(s). Packet seqno %510042208 delayed for 36.715 ms
[mpegts @ 0x5c2c75f0adc0] Packet corrupt (stream = 0, dts = 1441459).
[in#0/mpegts @ 0x5c2c75f0acc0] corrupt input packet in stream 0
21:39:12.457399/SRT:TsbPd!W:SRT.br: @668473456: RCV-DROPPED 1 packet(s). Packet seqno %510042229 delayed for 53.877 ms
21:39:12.478854/SRT:TsbPd!W:SRT.br: @668473456: RCV-DROPPED 1 packet(s). Packet seqno %510042239 delayed for 73.197 ms
[mpegts @ 0x5c2c75f0adc0] Packet corrupt (stream = 0, dts = 1445059).
[in#0/mpegts @ 0x5c2c75f0acc0] corrupt input packet in stream 0
21:39:12.578779/SRT:TsbPd!W:SRT.br: @668473456: RCV-DROPPED 1 packet(s). Packet seqno %510042294 delayed for 98.698 ms
21:39:12.609392/SRT:TsbPd!W:SRT.br: @668473456: RCV-DROPPED 1 packet(s). Packet seqno %510042306 delayed for 129.286 ms
21:39:12.615808/SRT:TsbPd!W:SRT.br: @668473456: RCV-DROPPED 1 packet(s). Packet seqno %510042308 delayed for 135.697 ms
[mpegts @ 0x5c2c75f0adc0] Packet corrupt (stream = 0, dts = 1470259).
[in#0/mpegts @ 0x5c2c75f0acc0] corrupt input packet in stream 0
21:39:12.621377/SRT:TsbPd!W:SRT.br: @668473456: RCV-DROPPED 1 packet(s). Packet seqno %510042311 delayed for 141.252 ms
21:39:12.675563/SRT:TsbPd!W:SRT.br: @668473456: RCV-DROPPED 1 packet(s). Packet seqno %510042328 delayed for 155.773 ms
[mpegts @ 0x5c2c75f0adc0] Packet corrupt (stream = 0, dts = 1473859).
[in#0/mpegts @ 0x5c2c75f0acc0] corrupt input packet in stream 0
21:39:12.691524/SRT:TsbPd!W:SRT.br: @668473456: RCV-DROPPED 1 packet(s). Packet seqno %510042334 delayed for 171.681 ms
[mpegts @ 0x5c2c75f0adc0] PES packet size mismatch
[mpegts @ 0x5c2c75f0adc0] Packet corrupt (stream = 1, dts = 1450930).
[in#0/mpegts @ 0x5c2c75f0acc0] corrupt input packet in stream 1
21:39:12.706551/SRT:TsbPd!W:SRT.br: @668473456: RCV-DROPPED 3 packet(s). Packet seqno %510042340 delayed for 186.675 ms
21:39:12.708097/SRT:TsbPd!W:SRT.br: @668473456: RCV-DROPPED 1 packet(s). Packet seqno %510042343 delayed for 188.194 ms
21:39:12.715258/SRT:TsbPd!W:SRT.br: @668473456: RCV-DROPPED 1 packet(s). Packet seqno %510042346 delayed for 195.351 ms
21:39:12.733645/SRT:TsbPd!W:SRT.br: @668473456: RCV-DROPPED 1 packet(s). Packet seqno %510042352 delayed for 213.694 ms
    Last message repeated 5 times
[mpegts @ 0x5c2c75f0adc0] Packet corrupt (stream = 0, dts = 1481059).
[in#0/mpegts @ 0x5c2c75f0acc0] corrupt input packet in stream 0
size=    5120kB time=00:00:15.01 bitrate=2793.2kbits/s speed=1.93x    21:39:12.763062/SRT:TsbPd!W:SRT.br: @668473456: RCV-DROPPED 1 packet(s). Packet seqno %510042370 delayed for 240.430 ms
[mpegts @ 0x5c2c7603b7c0] AAC bitstream not in ADTS format and extradata missing
[mpegts @ 0x5c2c75f0adc0] Packet corrupt (stream = 0, dts = 1491859).
[in#0/mpegts @ 0x5c2c75f0acc0] corrupt input packet in stream 0
21:39:12.811588/SRT:TsbPd!W:SRT.br: @668473456: RCV-DROPPED 2 packet(s). Packet seqno %510042391 delayed for 281.415 ms
21:39:12.844823/SRT:TsbPd!W:SRT.br: @668473456: RCV-DROPPED 1 packet(s). Packet seqno %510042396 delayed for 306.015 ms
[mpegts @ 0x5c2c75f0adc0] Packet corrupt (stream = 0, dts = 1495459).
[in#0/mpegts @ 0x5c2c75f0acc0] corrupt input packet in stream 0
21:39:12.866415/SRT:TsbPd!W:SRT.br: @668473456: RCV-DROPPED 1 packet(s). Packet seqno %510042404 delayed for 321.749 ms
[mpegts @ 0x5c2c75f0adc0] Packet corrupt (stream = 0, dts = 1502659).
[in#0/mpegts @ 0x5c2c75f0acc0] corrupt input packet in stream 0
21:39:12.915617/SRT:TsbPd!W:SRT.br: @668473456: RCV-DROPPED 2 packet(s). Packet seqno %510042412 delayed for 233.861 ms
21:39:12.925933/SRT:TsbPd!W:SRT.br: @668473456: RCV-DROPPED 1 packet(s). Packet seqno %510042417 delayed for 244.172 ms
21:39:12.933306/SRT:TsbPd!W:SRT.br: @668473456: RCV-DROPPED 1 packet(s). Packet seqno %510042422 delayed for 251.537 ms
21:39:12.944452/SRT:TsbPd!W:SRT.br: @668473456: RCV-DROPPED 1 packet(s). Packet seqno %510042426 delayed for 262.679 ms
21:39:12.955967/SRT:TsbPd!W:SRT.br: @668473456: RCV-DROPPED 1 packet(s). Packet seqno %510042432 delayed for 269.801 ms
21:39:12.967174/SRT:TsbPd!W:SRT.br: @668473456: RCV-DROPPED 1 packet(s). Packet seqno %510042437 delayed for 276.337 ms
21:39:12.972894/SRT:TsbPd!W:SRT.br: @668473456: RCV-DROPPED 1 packet(s). Packet seqno %510042440 delayed for 282.052 ms
21:39:12.978339/SRT:TsbPd!W:SRT.br: @668473456: RCV-DROPPED 1 packet(s). Packet seqno %510042444 delayed for 281.667 ms
21:39:12.983942/SRT:TsbPd!W:SRT.br: @668473456: RCV-DROPPED 1 packet(s). Packet seqno %510042447 delayed for 287.281 ms
[mpegts @ 0x5c2c75f0adc0] Packet corrupt (stream = 0, dts = 1506259).
[in#0/mpegts @ 0x5c2c75f0acc0] corrupt input packet in stream 0
21:39:13.040795/SRT:TsbPd!W:SRT.br: @668473456: RCV-DROPPED 1 packet(s). Packet seqno %510042483 delayed for 326.728 ms
[mpegts @ 0x5c2c75f0adc0] Packet corrupt (stream = 0, dts = 1524259).
[in#0/mpegts @ 0x5c2c75f0acc0] corrupt input packet in stream 0
21:39:13.045935/SRT:TsbPd!W:SRT.br: @668473456: RCV-DROPPED 1 packet(s). Packet seqno %510042485 delayed for 331.864 ms
21:39:13.065852/SRT:TsbPd!W:SRT.br: @668473456: RCV-DROPPED 1 packet(s). Packet seqno %510042499 delayed for 351.767 ms
21:39:13.074742/SRT:TsbPd!W:SRT.br: @668473456: RCV-DROPPED 1 packet(s). Packet seqno %510042506 delayed for 353.628 ms
[mpegts @ 0x5c2c75f0adc0] Packet corrupt (stream = 0, dts = 1527859).
[in#0/mpegts @ 0x5c2c75f0acc0] corrupt input packet in stream 0
21:39:13.087634/SRT:TsbPd!W:SRT.br: @668473456: RCV-DROPPED 1 packet(s). Packet seqno %510042515 delayed for 362.523 ms
21:39:13.090731/SRT:TsbPd!W:SRT.br: @668473456: RCV-DROPPED 1 packet(s). Packet seqno %510042518 delayed for 365.616 ms
[mpegts @ 0x5c2c75f0adc0] Packet corrupt (stream = 0, dts = 1535059).
[in#0/mpegts @ 0x5c2c75f0acc0] corrupt input packet in stream 0
21:39:13.102517/SRT:TsbPd!W:SRT.br: @668473456: RCV-DROPPED 2 packet(s). Packet seqno %510042527 delayed for 371.582 ms
21:39:13.117846/SRT:TsbPd!W:SRT.br: @668473456: RCV-DROPPED 3 packet(s). Packet seqno %510042539 delayed for 382.178 ms
[mpegts @ 0x5c2c75f0adc0] Packet corrupt (stream = 0, dts = 1538659).
[in#0/mpegts @ 0x5c2c75f0acc0] corrupt input packet in stream 0
21:39:13.123619/SRT:TsbPd!W:SRT.br: @668473456: RCV-DROPPED 2 packet(s). Packet seqno %510042543 delayed for 387.941 ms
[mpegts @ 0x5c2c75f0adc0] Packet corrupt (stream = 0, dts = 1542259).
[in#0/mpegts @ 0x5c2c75f0acc0] corrupt input packet in stream 0
21:39:13.143663/SRT:TsbPd!W:SRT.br: @668473456: RCV-DROPPED 1 packet(s). Packet seqno %510042561 delayed for 394.561 ms
[mpegts @ 0x5c2c75f0adc0] Packet corrupt (stream = 0, dts = 1549459).
[in#0/mpegts @ 0x5c2c75f0acc0] corrupt input packet in stream 0
21:39:13.153771/SRT:TsbPd!W:SRT.br: @668473456: RCV-DROPPED 1 packet(s). Packet seqno %510042574 delayed for 395.437 ms
[mpegts @ 0x5c2c75f0adc0] Packet corrupt (stream = 0, dts = 1553059).
[in#0/mpegts @ 0x5c2c75f0acc0] corrupt input packet in stream 0
21:39:13.168404/SRT:TsbPd!W:SRT.br: @668473456: RCV-DROPPED 1 packet(s). Packet seqno %510042592 delayed for 382.826 ms
21:39:13.172232/SRT:TsbPd!W:SRT.br: @668473456: RCV-DROPPED 1 packet(s). Packet seqno %510042597 delayed for 386.648 ms
21:39:13.173832/SRT:TsbPd!W:SRT.br: @668473456: RCV-DROPPED 1 packet(s). Packet seqno %510042600 delayed for 388.244 ms
21:39:13.175184/SRT:TsbPd!W:SRT.br: @668473456: RCV-DROPPED 1 packet(s). Packet seqno %510042602 delayed for 389.592 ms
[mpegts @ 0x5c2c75f0adc0] Packet corrupt (stream = 0, dts = 1560259).
[in#0/mpegts @ 0x5c2c75f0acc0] corrupt input packet in stream 0
21:39:13.185619/SRT:TsbPd!W:SRT.br: @668473456: RCV-DROPPED 2 packet(s). Packet seqno %510042615 delayed for 382.868 ms
[mpegts @ 0x5c2c75f0adc0] Packet corrupt (stream = 0, dts = 1563859).
[in#0/mpegts @ 0x5c2c75f0acc0] corrupt input packet in stream 0
21:39:13.199209/SRT:TsbPd!W:SRT.br: @668473456: RCV-DROPPED 1 packet(s). Packet seqno %510042630 delayed for 335.323 ms
[mpegts @ 0x5c2c75f0adc0] Packet corrupt (stream = 0, dts = 1571059).
[in#0/mpegts @ 0x5c2c75f0acc0] corrupt input packet in stream 0
size=    5376kB time=00:00:16.05 bitrate=2742.9kbits/s speed=1.93x    21:39:13.212739/SRT:TsbPd!W:SRT.br: @668473456: RCV-DROPPED 1 packet(s). Packet seqno %510042650 delayed for 305.886 ms
21:39:13.217600/SRT:TsbPd!W:SRT.br: @668473456: RCV-DROPPED 1 packet(s). Packet seqno %510042658 delayed for 310.735 ms
[mpegts @ 0x5c2c75f0adc0] Packet corrupt (stream = 0, dts = 1578259).
21:39:13.227021/SRT:TsbPd!W:SRT.br: @668473456: RCV-DROPPED 1 packet(s). Packet seqno %510042671 delayed for 310.809 ms
[in#0/mpegts @ 0x5c2c75f0acc0] corrupt input packet in stream 0
[mpegts @ 0x5c2c75f0adc0] Packet corrupt (stream = 0, dts = 1581859).
[in#0/mpegts @ 0x5c2c75f0acc0] corrupt input packet in stream 0
21:39:13.238428/SRT:TsbPd!W:SRT.br: @668473456: RCV-DROPPED 1 packet(s). Packet seqno %510042688 delayed for 311.599 ms
[mpegts @ 0x5c2c75f0adc0] Packet corrupt (stream = 0, dts = 1585459).
[in#0/mpegts @ 0x5c2c75f0acc0] corrupt input packet in stream 0
21:39:13.243809/SRT:TsbPd!W:SRT.br: @668473456: RCV-DROPPED 1 packet(s). Packet seqno %510042695 delayed for 316.972 ms
21:39:13.245869/SRT:TsbPd!W:SRT.br: @668473456: RCV-DROPPED 1 packet(s). Packet seqno %510042698 delayed for 319.029 ms
21:39:13.248261/SRT:TsbPd!W:SRT.br: @668473456: RCV-DROPPED 1 packet(s). Packet seqno %510042701 delayed for 321.416 ms
[mpegts @ 0x5c2c75f0adc0] Packet corrupt (stream = 0, dts = 1589059).
[in#0/mpegts @ 0x5c2c75f0acc0] corrupt input packet in stream 0
21:39:13.263205/SRT:TsbPd!W:SRT.br: @668473456: RCV-DROPPED 1 packet(s). Packet seqno %510042720 delayed for 311.606 ms
21:39:13.271672/SRT:TsbPd!W:SRT.br: @668473456: RCV-DROPPED 1 packet(s). Packet seqno %510042730 delayed for 320.017 ms
21:39:13.276848/SRT:TsbPd!W:SRT.br: @668473456: RCV-DROPPED 1 packet(s). Packet seqno %510042736 delayed for 292.511 ms
[mpegts @ 0x5c2c75f0adc0] Packet corrupt (stream = 0, dts = 1596259).
[in#0/mpegts @ 0x5c2c75f0acc0] corrupt input packet in stream 0
21:39:13.290127/SRT:TsbPd!W:SRT.br: @668473456: RCV-DROPPED 1 packet(s). Packet seqno %510042752 delayed for 279.550 ms
21:39:13.294954/SRT:TsbPd!W:SRT.br: @668473456: RCV-DROPPED 3 packet(s). Packet seqno %510042756 delayed for 284.370 ms
21:39:13.307823/SRT:TsbPd!W:SRT.br: @668473456: RCV-DROPPED 1 packet(s). Packet seqno %510042771 delayed for 285.476 ms
[mpegts @ 0x5c2c75f0adc0] Packet corrupt (stream = 0, dts = 1603459).
[in#0/mpegts @ 0x5c2c75f0acc0] corrupt input packet in stream 0
21:39:13.312400/SRT:TsbPd!W:SRT.br: @668473456: RCV-DROPPED 1 packet(s). Packet seqno %510042778 delayed for 290.036 ms
21:39:13.317343/SRT:TsbPd!W:SRT.br: @668473456: RCV-DROPPED 1 packet(s). Packet seqno %510042781 delayed for 289.140 ms
[mpegts @ 0x5c2c75f0adc0] Packet corrupt (stream = 0, dts = 1610659).
[in#0/mpegts @ 0x5c2c75f0acc0] corrupt input packet in stream 0
21:39:13.321166/SRT:TsbPd!W:SRT.br: @668473456: RCV-DROPPED 1 packet(s). Packet seqno %510042785 delayed for 292.902 ms
[mpegts @ 0x5c2c75f0adc0] Packet corrupt (stream = 0, dts = 1614259).
[in#0/mpegts @ 0x5c2c75f0acc0] corrupt input packet in stream 0
21:39:13.345926/SRT:TsbPd!W:SRT.br: @668473456: RCV-DROPPED 1 packet(s). Packet seqno %510042810 delayed for 308.176 ms
[mpegts @ 0x5c2c75f0adc0] Packet corrupt (stream = 0, dts = 1621459).
[in#0/mpegts @ 0x5c2c75f0acc0] corrupt input packet in stream 0
21:39:13.352092/SRT:TsbPd!W:SRT.br: @668473456: RCV-DROPPED 1 packet(s). Packet seqno %510042817 delayed for 314.204 ms
21:39:13.353510/SRT:TsbPd!W:SRT.br: @668473456: RCV-DROPPED 1 packet(s). Packet seqno %510042819 delayed for 315.617 ms
[mpegts @ 0x5c2c75f0adc0] PES packet size mismatch
[mpegts @ 0x5c2c75f0adc0] Packet corrupt (stream = 1, dts = 1599306).
[in#0/mpegts @ 0x5c2c75f0acc0] corrupt input packet in stream 1
21:39:13.362355/SRT:TsbPd!W:SRT.br: @668473456: RCV-DROPPED 1 packet(s). Packet seqno %510042829 delayed for 295.357 ms
    Last message repeated 2 times
[mpegts @ 0x5c2c7603b7c0] AAC bitstream not in ADTS format and extradata missing
21:39:13.374655/SRT:TsbPd!W:SRT.br: @668473456: RCV-DROPPED 1 packet(s). Packet seqno %510042845 delayed for 307.610 ms
21:39:13.378473/SRT:TsbPd!W:SRT.br: @668473456: RCV-DROPPED 1 packet(s). Packet seqno %510042849 delayed for 311.419 ms
[mpegts @ 0x5c2c75f0adc0] Packet corrupt (stream = 0, dts = 1625059).
[in#0/mpegts @ 0x5c2c75f0acc0] corrupt input packet in stream 0
21:39:13.385263/SRT:TsbPd!W:SRT.br: @668473456: RCV-DROPPED 1 packet(s). Packet seqno %510042858 delayed for 318.162 ms
21:39:13.389824/SRT:TsbPd!W:SRT.br: @668473456: RCV-DROPPED 1 packet(s). Packet seqno %510042864 delayed for 322.704 ms
21:39:13.399111/SRT:TsbPd!W:SRT.br: @668473456: RCV-DROPPED 1 packet(s). Packet seqno %510042873 delayed for 331.965 ms
21:39:13.402951/SRT:TsbPd!W:SRT.br: @668473456: RCV-DROPPED 1 packet(s). Packet seqno %510042881 delayed for 335.791 ms
21:39:13.406376/SRT:TsbPd!W:SRT.br: @668473456: RCV-DROPPED 1 packet(s). Packet seqno %510042886 delayed for 339.206 ms
21:39:13.412236/SRT:TsbPd!W:SRT.br: @668473456: RCV-DROPPED 1 packet(s). Packet seqno %510042894 delayed for 345.023 ms
21:39:13.418056/SRT:TsbPd!W:SRT.br: @668473456: RCV-DROPPED 1 packet(s). Packet seqno %510042901 delayed for 350.814 ms
21:39:13.419168/SRT:TsbPd!W:SRT.br: @668473456: RCV-DROPPED 1 packet(s). Packet seqno %510042903 delayed for 351.925 ms
21:39:13.421608/SRT:TsbPd!W:SRT.br: @668473456: RCV-DROPPED 1 packet(s). Packet seqno %510042906 delayed for 354.360 ms
21:39:13.423190/SRT:TsbPd!W:SRT.br: @668473456: RCV-DROPPED 1 packet(s). Packet seqno %510042908 delayed for 355.934 ms
21:39:13.429397/SRT:TsbPd!W:SRT.br: @668473456: RCV-DROPPED 2 packet(s). Packet seqno %510042916 delayed for 362.121 ms
[mpegts @ 0x5c2c75f0adc0] Packet corrupt (stream = 0, dts = 1632259).
[in#0/mpegts @ 0x5c2c75f0acc0] corrupt input packet in stream 0
21:39:13.450941/SRT:TsbPd!W:SRT.br: @668473456: RCV-DROPPED 2 packet(s). Packet seqno %510042942 delayed for 383.569 ms
21:39:13.452413/SRT:TsbPd!W:SRT.br: @668473456: RCV-DROPPED 1 packet(s). Packet seqno %510042945 delayed for 385.034 ms
[mpegts @ 0x5c2c75f0adc0] Packet corrupt (stream = 0, dts = 1643059).
[in#0/mpegts @ 0x5c2c75f0acc0] corrupt input packet in stream 0
21:39:13.462544/SRT:TsbPd!W:SRT.br: @668473456: RCV-DROPPED 1 packet(s). Packet seqno %510042957 delayed for 362.292 ms
21:39:13.475902/SRT:TsbPd!W:SRT.br: @668473456: RCV-DROPPED 2 packet(s). Packet seqno %510042969 delayed for 320.333 ms
21:39:13.488816/SRT:TsbPd!W:SRT.br: @668473456: RCV-DROPPED 1 packet(s). Packet seqno %510042985 delayed for 333.239 ms
21:39:13.490101/SRT:TsbPd!W:SRT.br: @668473456: RCV-DROPPED 1 packet(s). Packet seqno %510042987 delayed for 334.521 ms
[mpegts @ 0x5c2c75f0adc0] Packet corrupt (stream = 0, dts = 1646659).
[in#0/mpegts @ 0x5c2c75f0acc0] corrupt input packet in stream 0
21:39:13.502098/SRT:TsbPd!W:SRT.br: @668473456: RCV-DROPPED 1 packet(s). Packet seqno %510042995 delayed for 341.782 ms
[mpegts @ 0x5c2c75f0adc0] Packet corrupt (stream = 0, dts = 1653859).
[in#0/mpegts @ 0x5c2c75f0acc0] corrupt input packet in stream 0
21:39:13.506749/SRT:TsbPd!W:SRT.br: @668473456: RCV-DROPPED 1 packet(s). Packet seqno %510043002 delayed for 336.930 ms
21:39:13.514616/SRT:TsbPd!W:SRT.br: @668473456: RCV-DROPPED 1 packet(s). Packet seqno %510043012 delayed for 344.738 ms
[mpegts @ 0x5c2c75f0adc0] Packet corrupt (stream = 0, dts = 1657459).
[in#0/mpegts @ 0x5c2c75f0acc0] corrupt input packet in stream 0
21:39:13.533282/SRT:TsbPd!W:SRT.br: @668473456: RCV-DROPPED 1 packet(s). Packet seqno %510043034 delayed for 329.907 ms
[mpegts @ 0x5c2c75f0adc0] Packet corrupt (stream = 0, dts = 1664659).
[in#0/mpegts @ 0x5c2c75f0acc0] corrupt input packet in stream 0
21:39:13.565877/SRT:TsbPd!W:SRT.br: @668473456: RCV-DROPPED 1 packet(s). Packet seqno %510043079 delayed for 355.014 ms
21:39:13.569503/SRT:TsbPd!W:SRT.br: @668473456: RCV-DROPPED 1 packet(s). Packet seqno %510043084 delayed for 358.623 ms
[mpegts @ 0x5c2c75f0adc0] Packet corrupt (stream = 0, dts = 1671859).
[in#0/mpegts @ 0x5c2c75f0acc0] corrupt input packet in stream 0
21:39:13.588615/SRT:TsbPd!W:SRT.br: @668473456: RCV-DROPPED 1 packet(s). Packet seqno %510043107 delayed for 344.432 ms
[mpegts @ 0x5c2c75f0adc0] Packet corrupt (stream = 0, dts = 1679059).
[in#0/mpegts @ 0x5c2c75f0acc0] corrupt input packet in stream 0
[in#0/mpegts @ 0x5c2c75f0acc0] Error during demuxing: Input/output error
[in#0/mpegts @ 0x5c2c75f0acc0] Error retrieving a packet from demuxer: Input/output error
[out#0/mpegts @ 0x5c2c75fbfe80] video:5745kB audio:223kB subtitle:0kB other streams:0kB global headers:0kB muxing overhead: 3.694389%
size=    6189kB time=00:00:17.25 bitrate=2938.2kbits/s speed=1.99x    
