ffmpeg version 6.1.1-3ubuntu5 Copyright (c) 2000-2023 the FFmpeg developers
  built with gcc 13 (Ubuntu 13.2.0-23ubuntu3)
  configuration: --prefix=/usr --extra-version=3ubuntu5 --toolchain=hardened --libdir=/usr/lib/x86_64-linux-gnu --incdir=/usr/include/x86_64-linux-gnu --arch=amd64 --enable-gpl --disable-stripping --disable-omx --enable-gnutls --enable-libaom --enable-libass --enable-libbs2b --enable-libcaca --enable-libcdio --enable-libcodec2 --enable-libdav1d --enable-libflite --enable-libfontconfig --enable-libfreetype --enable-libfribidi --enable-libglslang --enable-libgme --enable-libgsm --enable-libharfbuzz --enable-libmp3lame --enable-libmysofa --enable-libopenjpeg --enable-libopenmpt --enable-libopus --enable-librubberband --enable-libshine --enable-libsnappy --enable-libsoxr --enable-libspeex --enable-libtheora --enable-libtwolame --enable-libvidstab --enable-libvorbis --enable-libvpx --enable-libwebp --enable-libx265 --enable-libxml2 --enable-libxvid --enable-libzimg --enable-openal --enable-opencl --enable-opengl --disable-sndio --enable-libvpl --disable-libmfx --enable-libdc1394 --enable-libdrm --enable-libiec61883 --enable-chromaprint --enable-frei0r --enable-ladspa --enable-libbluray --enable-libjack --enable-libpulse --enable-librabbitmq --enable-librist --enable-libsrt --enable-libssh --enable-libsvtav1 --enable-libx264 --enable-libzmq --enable-libzvbi --enable-lv2 --enable-sdl2 --enable-libplacebo --enable-librav1e --enable-pocketsphinx --enable-librsvg --enable-libjxl --enable-shared
  libavutil      58. 29.100 / 58. 29.100
  libavcodec     60. 31.102 / 60. 31.102
  libavformat    60. 16.100 / 60. 16.100
  libavdevice    60.  3.100 / 60.  3.100
  libavfilter     9. 12.100 /  9. 12.100
  libswscale      7.  5.100 /  7.  5.100
  libswresample   4. 12.100 /  4. 12.100
  libpostproc    57.  3.100 / 57.  3.100
21:46:33.621747/SRT:TsbPd!W:SRT.br: @575149429: RCV-DROPPED 1 packet(s). Packet seqno %1181178798 delayed for 0.210 ms
[mpegts @ 0x5606808dadc0] PES packet size mismatch
[mpegts @ 0x5606808dadc0] Packet corrupt (stream = 1, dts = 126000).
21:46:33.624574/SRT:TsbPd!W:SRT.br: @575149429: RCV-DROPPED 1 packet(s). Packet seqno %1181178803 delayed for 3.000 ms
[mpegts @ 0x5606808dadc0] PES packet size mismatch
[mpegts @ 0x5606808dadc0] Packet corrupt (stream = 1, dts = 157347).
21:46:33.624700/SRT:TsbPd!W:SRT.br: @575149429: RCV-DROPPED 1 packet(s). Packet seqno %1181178808 delayed for 3.076 ms
21:46:33.624783/SRT:TsbPd!W:SRT.br: @575149429: RCV-DROPPED 1 packet(s). Packet seqno %1181178823 delayed for 3.073 ms
21:46:33.647392/SRT:TsbPd!W:SRT.br: @575149429: RCV-DROPPED 2 packet(s). Packet seqno %1181178840 delayed for 0.071 ms
[mpegts @ 0x5606808dadc0] Packet corrupt (stream = 0, dts = 213859).
21:46:33.648048/SRT:TsbPd!W:SRT.br: @575149429: RCV-DROPPED 1 packet(s). Packet seqno %1181178851 delayed for 0.696 ms
21:46:33.648128/SRT:TsbPd!W:SRT.br: @575149429: RCV-DROPPED 1 packet(s). Packet seqno %1181178858 delayed for 0.768 ms
21:46:33.690775/SRT:TsbPd!W:SRT.br: @575149429: RCV-DROPPED 1 packet(s). Packet seqno %1181178865 delayed for 0.248 ms
[mpegts @ 0x5606808dadc0] Packet corrupt (stream = 0, dts = 217459).
[h264 @ 0x560680947040] left block unavailable for requested intra4x4 mode -1
[h264 @ 0x560680947040] error while decoding MB 0 27, bytestream 19129
[h264 @ 0x560680947040] concealing 4969 DC, 4969 AC, 4969 MV errors in I frame
21:46:33.740830/SRT:TsbPd!W:SRT.br: @575149429: RCV-DROPPED 1 packet(s). Packet seqno %1181178882 delayed for 13.430 ms
21:46:33.740962/SRT:TsbPd!W:SRT.br: @575149429: RCV-DROPPED 1 packet(s). Packet seqno %1181178889 delayed for 13.556 ms
[mpegts @ 0x5606808dadc0] Packet corrupt (stream = 0, dts = 224659).
21:46:33.766481/SRT:TsbPd!W:SRT.br: @575149429: RCV-DROPPED 1 packet(s). Packet seqno %1181178898 delayed for 0.242 ms
[mpegts @ 0x5606808dadc0] Packet corrupt (stream = 0, dts = 228259).
21:46:33.847110/SRT:TsbPd!W:SRT.br: @575149429: RCV-DROPPED 2 packet(s). Packet seqno %1181178919 delayed for 0.078 ms
21:46:33.847256/SRT:TsbPd!W:SRT.br: @575149429: RCV-DROPPED 1 packet(s). Packet seqno %1181178931 delayed for 0.176 ms
21:46:33.847309/SRT:TsbPd!W:SRT.br: @575149429: RCV-DROPPED 1 packet(s). Packet seqno %1181178935 delayed for 0.219 ms
[mpegts @ 0x5606808dadc0] Packet corrupt (stream = 0, dts = 235459).
21:46:33.887937/SRT:TsbPd!W:SRT.br: @575149429: RCV-DROPPED 1 packet(s). Packet seqno %1181178949 delayed for 0.153 ms
[mpegts @ 0x5606808dadc0] Packet corrupt (stream = 0, dts = 239059)21:46:33.926485/SRT:TsbPd!W:SRT.br: @575149429: RCV-DROPPED 1 packet(s). Packet seqno %1181178956 delayed for 0.123 ms
.
21:46:33.926626/SRT:TsbPd!W:SRT.br: @575149429: RCV-DROPPED 1 packet(s). Packet seqno %1181178959 delayed for 0.100 ms
[mpegts @ 0x5606808dadc0] Packet corrupt (stream = 0, dts = 242659).
21:46:33.968729/SRT:TsbPd!W:SRT.br: @575149429: RCV-DROPPED 1 packet(s). Packet seqno %1181178978 delayed for 0.219 ms
21:46:33.968819/SRT:TsbPd!W:SRT.br: @575149429: RCV-DROPPED 1 packet(s). Packet seqno %1181178981 delayed for 0.294 ms
[mpegts @ 0x5606808dadc0] PES packet size mismatch
[mpegts @ 0x5606808dadc0] Packet corrupt (stream = 1, dts = 217951).
[mpegts @ 0x5606808dadc0] Packet corrupt (stream = 0, dts = 246259).
21:46:34.007804/SRT:TsbPd!W:SRT.br: @575149429: RCV-DROPPED 2 packet(s). Packet seqno %1181178994 delayed for 0.288 ms
21:46:34.047816/SRT:TsbPd!W:SRT.br: @575149429: RCV-DROPPED 1 packet(s). Packet seqno %1181179003 delayed for 0.070 ms
[mpegts @ 0x5606808dadc0] Packet corrupt (stream = 0, dts = 249859).
21:46:34.047991/SRT:TsbPd!W:SRT.br: @575149429: RCV-DROPPED 1 packet(s). Packet seqno %1181179013 delayed for 0.206 ms
[mpegts @ 0x5606808dadc0] Packet corrupt (stream = 0, dts = 253459).
21:46:34.087742/SRT:TsbPd!W:SRT.br: @575149429: RCV-DROPPED 1 packet(s). Packet seqno %1181179025 delayed for 0.340 ms
[mpegts @ 0x5606808dadc0] Packet corrupt (stream = 0, dts = 257059).
21:46:34.167430/SRT:TsbPd!W:SRT.br: @575149429: RCV-DROPPED 1 packet(s). Packet seqno %1181179050 delayed for 0.193 ms
[mpegts @ 0x5606808dadc0] Packet corrupt (stream = 0, dts = 264259).
21:46:34.206796/SRT:TsbPd!W:SRT.br: @575149429: RCV-DROPPED 1 packet(s). Packet seqno %1181179059 delayed for 0.235 ms
21:46:34.206887/SRT:TsbPd!W:SRT.br: @575149429: RCV-DROPPED 1 packet(s). Packet seqno %1181179065 delayed for 0.313 ms
[mpegts @ 0x5606808dadc0] Packet corrupt (stream = 0, dts = 267859).
21:46:34.248495/SRT:TsbPd!W:SRT.br: @575149429: RCV-DROPPED 1 packet(s). Packet seqno %1181179077 delayed for 0.254 ms
21:46:34.248638/SRT:TsbPd!W:SRT.br: @575149429: RCV-DROPPED 1 packet(s). Packet seqno %1181179101 delayed for 0.353 ms
[mpegts @ 0x5606808dadc0] Packet corrupt (stream = 0, dts = 271459).
21:46:34.288144/SRT:TsbPd!W:SRT.br: @575149429: RCV-DROPPED 1 packet(s). Packet seqno %1181179108 delayed for 0.247 ms
21:46:34.288212/SRT:TsbPd!W:SRT.br: @575149429: RCV-DROPPED 1 packet(s). Packet seqno %1181179118 delayed for 0.311 ms
21:46:34.327278/SRT:TsbPd!W:SRT.br: @575149429: RCV-DROPPED 1 packet(s). Packet seqno %1181179122 delayed for 0.088 ms
[mpegts @ 0x5606808dadc0] Packet corrupt (stream = 0, dts = 275059).
21:46:34.327525/SRT:TsbPd!W:SRT.br: @575149429: RCV-DROPPED 1 packet(s). Packet seqno %1181179127 delayed for 0.309 ms
[mpegts @ 0x5606808dadc0] Packet corrupt (stream = 0, dts = 278659).
21:46:34.367570/SRT:TsbPd!W:SRT.br: @575149429: RCV-DROPPED 1 packet(s). Packet seqno %1181179140 delayed for 0.237 ms
21:46:34.407415/SRT:TsbPd!W:SRT.br: @575149429: RCV-DROPPED 1 packet(s). Packet seqno %1181179146 delayed for 0.086 ms
[mpegts @ 0x5606808dadc0] Packet corrupt (stream = 0, dts = 282259).
21:46:34.407599/SRT:TsbPd!W:SRT.br: @575149429: RCV-DROPPED 1 packet(s). Packet seqno %1181179151 delayed for 0.261 ms
[mpegts @ 0x5606808dadc0] Packet corrupt (stream = 0, dts = 285859).
21:46:34.491677/SRT:TsbPd!W:SRT.br: @575149429: RCV-DROPPED 1 packet(s). Packet seqno %1181179162 delayed for 0.155 ms
21:46:34.528060/SRT:TsbPd!W:SRT.br: @575149429: RCV-DROPPED 1 packet(s). Packet seqno %1181179182 delayed for 0.223 ms
[mpegts @ 0x5606808dadc0] Packet corrupt (stream = 0, dts = 296659).
[mpegts @ 0x5606808dadc0] PES packet size mismatch
[mpegts @ 0x5606808dadc0] Packet corrupt (stream = 1, dts = 276465).
21:46:34.687225/SRT:TsbPd!W:SRT.br: @575149429: RCV-DROPPED 1 packet(s). Packet seqno %1181179227 delayed for 0.233 ms
21:46:34.727280/SRT:TsbPd!W:SRT.br: @575149429: RCV-DROPPED 1 packet(s). Packet seqno %1181179229 delayed for 0.084 ms
[mpegts @ 0x5606808dadc0] Packet corrupt (stream = 0, dts = 311059).
21:46:34.727394/SRT:TsbPd!W:SRT.br: @575149429: RCV-DROPPED 1 packet(s). Packet seqno %1181179231 delayed for 0.198 ms
21:46:34.727493/SRT:TsbPd!W:SRT.br: @575149429: RCV-DROPPED 1 packet(s). Packet seqno %1181179241 delayed for 0.284 ms
[mpegts @ 0x5606808dadc0] Packet corrupt (stream = 0, dts = 314659).
21:46:34.766961/SRT:TsbPd!W:SRT.br: @575149429: RCV-DROPPED 1 packet(s). Packet seqno %1181179254 delayed for 0.251 ms
[mpegts @ 0x5606808dadc0] Packet corrupt (stream = 0, dts = 318259).
21:46:34.806846/SRT:TsbPd!W:SRT.br: @575149429: RCV-DROPPED 1 packet(s). Packet seqno %1181179267 delayed for 0.335 ms
[mpegts @ 0x5606808dadc0] Packet corrupt (stream = 0, dts = 321859).
21:46:34.847735/SRT:TsbPd!W:SRT.br: @575149429: RCV-DROPPED 1 packet(s). Packet seqno %1181179283 delayed for 0.345 ms
[mpegts @ 0x5606808dadc0] Packet corrupt (stream = 0, dts = 325459).
21:46:34.927047/SRT:TsbPd!W:SRT.br: @575149429: RCV-DROPPED 1 packet(s). Packet seqno %1181179305 delayed for 0.172 ms
[mpegts @ 0x5606808dadc0] Packet corrupt (stream = 0, dts = 332659).
21:46:34.967467/SRT:TsbPd!W:SRT.br: @575149429: RCV-DROPPED 1 packet(s). Packet seqno %1181179315 delayed for 0.225 ms
21:46:34.967544/SRT:TsbPd!W:SRT.br: @575149429: RCV-DROPPED 1 packet(s). Packet seqno %1181179329 delayed for 0.294 ms
[mpegts @ 0x5606808dadc0] Packet corrupt (stream = 0, dts = 336259).
21:46:35.047337/SRT:TsbPd!W:SRT.br: @575149429: RCV-DROPPED 1 packet(s). Packet seqno %1181179337 delayed for 0.074 ms
21:46:35.047674/SRT:TsbPd!W:SRT.br: @575149429: RCV-DROPPED 1 packet(s). Packet seqno %1181179342 delayed for 0.407 ms
21:46:35.047760/SRT:TsbPd!W:SRT.br: @575149429: RCV-DROPPED 1 packet(s). Packet seqno %1181179355 delayed for 0.468 ms
21:46:35.087224/SRT:TsbPd!W:SRT.br: @575149429: RCV-DROPPED 1 packet(s). Packet seqno %1181179359 delayed for 0.070 ms
21:46:35.087385/SRT:TsbPd!W:SRT.br: @575149429: RCV-DROPPED 1 packet(s). Packet seqno %1181179363 delayed for 0.227 ms
21:46:35.127351/SRT:TsbPd!W:SRT.br: @575149429: RCV-DROPPED 1 packet(s). Packet seqno %1181179365 delayed for 0.079 ms
[mpegts @ 0x5606808dadc0] Packet corrupt (stream = 0, dts = 339859).
21:46:35.127511/SRT:TsbPd!W:SRT.br: @575149429: RCV-DROPPED 1 packet(s). Packet seqno %1181179370 delayed for 0.224 ms
[mpegts @ 0x5606808dadc0] Packet corrupt (stream = 0, dts = 350659).
21:46:35.247169/SRT:TsbPd!W:SRT.br: @575149429: RCV-DROPPED 1 packet(s). Packet seqno %1181179405 delayed for 0.092 ms
21:46:35.286636/SRT:TsbPd!W:SRT.br: @575149429: RCV-DROPPED 3 packet(s). Packet seqno %1181179424 delayed for 0.084 ms
[mpegts @ 0x5606808dadc0] Packet corrupt (stream = 0, dts = 357859).
21:46:35.286828/SRT:TsbPd!W:SRT.br: @575149429: RCV-DROPPED 1 packet(s). Packet seqno %1181179430 delayed for 0.258 ms
[mpegts @ 0x5606808dadc0] Packet corrupt (stream = 0, dts = 365059).
21:46:35.366911/SRT:TsbPd!W:SRT.br: @575149429: RCV-DROPPED 2 packet(s). Packet seqno %1181179444 delayed for 0.150 ms
21:46:35.366997/SRT:TsbPd!W:SRT.br: @575149429: RCV-DROPPED 2 packet(s). Packet seqno %1181179452 delayed for 0.235 ms
21:46:35.367023/SRT:TsbPd!W:SRT.br: @575149429: RCV-DROPPED 1 packet(s). Packet seqno %1181179454 delayed for 0.260 ms
[mpegts @ 0x5606808dadc0] Packet corrupt (stream = 0, dts = 372259).
21:46:35.407287/SRT:TsbPd!W:SRT.br: @575149429: RCV-DROPPED 1 packet(s). Packet seqno %1181179468 delayed for 0.257 ms
[mpegts @ 0x5606808dadc0] Packet corrupt (stream = 0, dts = 375859).
21:46:35.446992/SRT:TsbPd!W:SRT.br: @575149429: RCV-DROPPED 2 packet(s). Packet seqno %1181179480 delayed for 0.295 ms
[mpegts @ 0x5606808dadc0] Packet corrupt (stream = 0, dts = 379459).
21:46:35.487271/SRT:TsbPd!W:SRT.br: @575149429: RCV-DROPPED 1 packet(s). Packet seqno %1181179486 delayed for 0.211 ms
21:46:35.487365/SRT:TsbPd!W:SRT.br: @575149429: RCV-DROPPED 1 packet(s). Packet seqno %1181179494 delayed for 0.288 ms
21:46:35.487425/SRT:TsbPd!W:SRT.br: @575149429: RCV-DROPPED 1 packet(s). Packet seqno %1181179502 delayed for 0.329 ms
[mpegts @ 0x5606808dadc0] Packet corrupt (stream = 0, dts = 383059).
21:46:35.527555/SRT:TsbPd!W:SRT.br: @575149429: RCV-DROPPED 1 packet(s). Packet seqno %1181179508 delayed for 0.283 ms
[mpegts @ 0x5606808dadc0] Packet corrupt (stream = 0, dts = 386659).
21:46:35.606691/SRT:TsbPd!W:SRT.br: @575149429: RCV-DROPPED 1 packet(s). Packet seqno %1181179525 delayed for 0.125 ms
21:46:35.606796/SRT:TsbPd!W:SRT.br: @575149429: RCV-DROPPED 1 packet(s). Packet seqno %1181179536 delayed for 0.224 ms
21:46:35.646116/SRT:TsbPd!W:SRT.br: @575149429: RCV-DROPPED 1 packet(s). Packet seqno %1181179546 delayed for 0.086 ms
21:46:35.646243/SRT:TsbPd!W:SRT.br: @575149429: RCV-DROPPED 1 packet(s). Packet seqno %1181179549 delayed for 0.215 ms
[mpegts @ 0x5606808dadc0] Packet corrupt (stream = 0, dts = 390259).
21:46:35.687146/SRT:TsbPd!W:SRT.br: @575149429: RCV-DROPPED 1 packet(s). Packet seqno %1181179556 delayed for 0.350 ms
21:46:35.727022/SRT:TsbPd!W:SRT.br: @575149429: RCV-DROPPED 1 packet(s). Packet seqno %1181179563 delayed for 0.080 ms
[mpegts @ 0x5606808dadc0] Packet corrupt (stream = 0, dts = 401059).
21:46:35.727120/SRT:TsbPd!W:SRT.br: @575149429: RCV-DROPPED 1 packet(s). Packet seqno %1181179565 delayed for 0.175 ms
21:46:35.727230/SRT:TsbPd!W:SRT.br: @575149429: RCV-DROPPED 1 packet(s). Packet seqno %1181179567 delayed for 0.282 ms
21:46:35.727271/SRT:TsbPd!W:SRT.br: @575149429: RCV-DROPPED 1 packet(s). Packet seqno %1181179569 delayed for 0.320 ms
21:46:35.727341/SRT:TsbPd!W:SRT.br: @575149429: RCV-DROPPED 1 packet(s). Packet seqno %1181179580 delayed for 0.375 ms
[mpegts @ 0x5606808dadc0] Packet corrupt (stream = 0, dts = 404659).
21:46:35.806617/SRT:TsbPd!W:SRT.br: @575149429: RCV-DROPPED 1 packet(s). Packet seqno %1181179598 delayed for 0.095 ms
[mpegts @ 0x5606808dadc0] Packet corrupt (stream = 0, dts = 411859).
21:46:35.847160/SRT:TsbPd!W:SRT.br: @575149429: RCV-DROPPED 2 packet(s). Packet seqno %1181179612 delayed for 0.291 ms
21:46:35.847296/SRT:TsbPd!W:SRT.br: @575149429: RCV-DROPPED 1 packet(s). Packet seqno %1181179626 delayed for 0.411 ms
[mpegts @ 0x5606808dadc0] Packet corrupt (stream = 0, dts = 415459).
21:46:35.926831/SRT:TsbPd!W:SRT.br: @575149429: RCV-DROPPED 2 packet(s). Packet seqno %1181179638 delayed for 0.140 ms
21:46:35.926922/SRT:TsbPd!W:SRT.br: @575149429: RCV-DROPPED 1 packet(s). Packet seqno %1181179647 delayed for 0.230 ms
21:46:35.966544/SRT:TsbPd!W:SRT.br: @575149429: RCV-DROPPED 1 packet(s). Packet seqno %1181179655 delayed for 0.088 ms
[mpegts @ 0x5606808dadc0] Packet corrupt (stream = 0, dts = 422659).
21:46:36.007519/SRT:TsbPd!W:SRT.br: @575149429: RCV-DROPPED 1 packet(s). Packet seqno %1181179669 delayed for 0.198 ms
21:46:36.007612/SRT:TsbPd!W:SRT.br: @575149429: RCV-DROPPED 1 packet(s). Packet seqno %1181179671 delayed for 0.294 ms
21:46:36.047243/SRT:TsbPd!W:SRT.br: @575149429: RCV-DROPPED 1 packet(s). Packet seqno %1181179692 delayed for 0.099 ms
[mpegts @ 0x5606808dadc0] Packet corrupt (stream = 0, dts = 429859).
21:46:36.087548/SRT:TsbPd!W:SRT.br: @575149429: RCV-DROPPED 1 packet(s). Packet seqno %1181179720 delayed for 0.276 ms
[mpegts @ 0x5606808dadc0] Packet corrupt (stream = 0, dts = 437059).
21:46:36.167755/SRT:TsbPd!W:SRT.br: @575149429: RCV-DROPPED 1 packet(s). Packet seqno %1181179747 delayed for 0.207 ms
21:46:36.167870/SRT:TsbPd!W:SRT.br: @575149429: RCV-DROPPED 1 packet(s). Packet seqno %1181179751 delayed for 0.313 ms
[mpegts @ 0x5606808dadc0] Packet corrupt (stream = 0, dts = 444259).
21:46:36.207470/SRT:TsbPd!W:SRT.br: @575149429: RCV-DROPPED 1 packet(s). Packet seqno %1181179772 delayed for 0.358 ms
21:46:36.248353/SRT:TsbPd!W:SRT.br: @575149429: RCV-DROPPED 1 packet(s). Packet seqno %1181179774 delayed for 0.044 ms
21:46:36.248581/SRT:TsbPd!W:SRT.br: @575149429: RCV-DROPPED 1 packet(s). Packet seqno %1181179776 delayed for 0.271 ms
21:46:36.286932/SRT:TsbPd!W:SRT.br: @575149429: RCV-DROPPED 1 packet(s). Packet seqno %1181179786 delayed for 0.180 ms
[mpegts @ 0x5606808dadc0] Packet corrupt (stream = 0, dts = 447859).
21:46:36.367052/SRT:TsbPd!W:SRT.br: @575149429: RCV-DROPPED 2 packet(s). Packet seqno %1181179825 delayed for 0.328 ms
21:46:36.367241/SRT:TsbPd!W:SRT.br: @575149429: RCV-DROPPED 1 packet(s). Packet seqno %1181179828 delayed for 0.508 ms
21:46:36.406825/SRT:TsbPd!W:SRT.br: @575149429: RCV-DROPPED 1 packet(s). Packet seqno %1181179833 delayed for 0.084 ms
21:46:36.406982/SRT:TsbPd!W:SRT.br: @575149429: RCV-DROPPED 1 packet(s). Packet seqno %1181179844 delayed for 0.225 ms
21:46:36.407099/SRT:TsbPd!W:SRT.br: @575149429: RCV-DROPPED 1 packet(s). Packet seqno %1181179851 delayed for 0.332 ms
21:46:36.407171/SRT:TsbPd!W:SRT.br: @575149429: RCV-DROPPED 1 packet(s). Packet seqno %1181179855 delayed for 0.398 ms
21:46:36.446636/SRT:TsbPd!W:SRT.br: @575149429: RCV-DROPPED 1 packet(s). Packet seqno %1181179860 delayed for 0.084 ms
[mpegts @ 0x5606808dadc0] Packet corrupt (stream = 1, dts = 437379).
21:46:36.446773/SRT:TsbPd!W:SRT.br: @575149429: RCV-DROPPED 3 packet(s). Packet seqno %1181179864 delayed for 0.207 ms
[mpegts @ 0x5606808dadc0] Packet corrupt (stream = 0, dts = 462259).
21:46:36.487176/SRT:TsbPd!W:SRT.br: @575149429: RCV-DROPPED 1 packet(s). Packet seqno %1181179879 delayed for 0.374 ms
[mpegts @ 0x5606808dadc0] Packet corrupt (stream = 0, dts = 473059).
21:46:36.526440/SRT:TsbPd!W:SRT.br: @575149429: RCV-DROPPED 1 packet(s). Packet seqno %1181179884 delayed for 0.168 ms
21:46:36.526588/SRT:TsbPd!W:SRT.br: @575149429: RCV-DROPPED 1 packet(s). Packet seqno %1181179894 delayed for 0.299 ms
21:46:36.526658/SRT:TsbPd!W:SRT.br: @575149429: RCV-DROPPED 2 packet(s). Packet seqno %1181179898 delayed for 0.362 ms
21:46:36.566871/SRT:TsbPd!W:SRT.br: @575149429: RCV-DROPPED 1 packet(s). Packet seqno %1181179907 delayed for 0.075 ms
[mpegts @ 0x5606808dadc0] Packet corrupt (stream = 0, dts = 476659).
21:46:36.607709/SRT:TsbPd!W:SRT.br: @575149429: RCV-DROPPED 1 packet(s). Packet seqno %1181179915 delayed for 0.527 ms
21:46:36.607892/SRT:TsbPd!W:SRT.br: @575149429: RCV-DROPPED 1 packet(s). Packet seqno %1181179925 delayed for 0.660 ms
[mpegts @ 0x5606808dadc0] Packet corrupt (stream = 0, dts = 483859).
21:46:36.647052/SRT:TsbPd!W:SRT.br: @575149429: RCV-DROPPED 1 packet(s). Packet seqno %1181179947 delayed for 0.220 ms
[mpegts @ 0x5606808dadc0] Packet corrupt (stream = 0, dts = 487459).
21:46:36.686827/SRT:TsbPd!W:SRT.br: @575149429: RCV-DROPPED 1 packet(s). Packet seqno %1181179954 delayed for 0.240 ms
21:46:36.727448/SRT:TsbPd!W:SRT.br: @575149429: RCV-DROPPED 2 packet(s). Packet seqno %1181179961 delayed for 0.092 ms
21:46:36.767599/SRT:TsbPd!W:SRT.br: @575149429: RCV-DROPPED 1 packet(s). Packet seqno %1181179975 delayed for 0.141 ms
[mpegts @ 0x5606808dadc0] Packet corrupt (stream = 0, dts = 491059).
21:46:36.806381/SRT:TsbPd!W:SRT.br: @575149429: RCV-DROPPED 1 packet(s). Packet seqno %1181179999 delayed for 0.125 ms
[mpegts @ 0x5606808dadc0] Packet corrupt (stream = 0, dts = 501859).
21:46:36.887408/SRT:TsbPd!W:SRT.br: @575149429: RCV-DROPPED 1 packet(s). Packet seqno %1181180019 delayed for 0.146 ms
21:46:36.887506/SRT:TsbPd!W:SRT.br: @575149429: RCV-DROPPED 1 packet(s). Packet seqno %1181180032 delayed for 0.233 ms
[mpegts @ 0x5606808dadc0] Packet corrupt (stream = 0, dts = 509059).
21:46:36.927317/SRT:TsbPd!W:SRT.br: @575149429: RCV-DROPPED 1 packet(s). Packet seqno %1181180048 delayed for 0.286 ms
[mpegts @ 0x5606808dadc0] Packet corrupt (stream = 0, dts = 512659).
21:46:37.006538/SRT:TsbPd!W:SRT.br: @575149429: RCV-DROPPED 1 packet(s). Packet seqno %1181180074 delayed for 0.203 ms
21:46:37.006649/SRT:TsbPd!W:SRT.br: @575149429: RCV-DROPPED 1 packet(s). Packet seqno %1181180080 delayed for 0.305 ms
21:46:37.006689/SRT:TsbPd!W:SRT.br: @575149429: RCV-DROPPED 1 packet(s). Packet seqno %1181180082 delayed for 0.341 ms
[mpegts @ 0x5606808dadc0] Packet corrupt (stream = 0, dts = 519859).
21:46:37.047442/SRT:TsbPd!W:SRT.br: @575149429: RCV-DROPPED 2 packet(s). Packet seqno %1181180094 delayed for 0.298 ms
21:46:37.047591/SRT:TsbPd!W:SRT.br: @575149429: RCV-DROPPED 1 packet(s). Packet seqno %1181180099 delayed for 0.440 ms
21:46:37.047715/SRT:TsbPd!W:SRT.br: @575149429: RCV-DROPPED 1 packet(s). Packet seqno %1181180106 delayed for 0.545 ms
21:46:37.047852/SRT:TsbPd!W:SRT.br: @575149429: RCV-DROPPED 1 packet(s). Packet seqno %1181180118 delayed for 0.657 ms
21:46:37.047991/SRT:TsbPd!W:SRT.br: @575149429: RCV-DROPPED 1 packet(s). Packet seqno %1181180123 delayed for 0.785 ms
[mpegts @ 0x5606808dadc0] Packet corrupt (stream = 0, dts = 523459).
21:46:37.087139/SRT:TsbPd!W:SRT.br: @575149429: RCV-DROPPED 1 packet(s). Packet seqno %1181180143 delayed for 0.306 ms
21:46:37.087216/SRT:TsbPd!W:SRT.br: @575149429: RCV-DROPPED 1 packet(s). Packet seqno %1181180149 delayed for 0.377 ms
21:46:37.087259/SRT:TsbPd!W:SRT.br: @575149429: RCV-DROPPED 1 packet(s). Packet seqno %1181180153 delayed for 0.412 ms
21:46:37.087333/SRT:TsbPd!W:SRT.br: @575149429: RCV-DROPPED 1 packet(s). Packet seqno %1181180158 delayed for 0.466 ms
[mpegts @ 0x5606808dadc0] Packet corrupt (stream = 0, dts = 527059).
21:46:37.127274/SRT:TsbPd!W:SRT.br: @575149429: RCV-DROPPED 1 packet(s). Packet seqno %1181180168 delayed for 0.352 ms
21:46:37.127376/SRT:TsbPd!W:SRT.br: @575149429: RCV-DROPPED 1 packet(s). Packet seqno %1181180176 delayed for 0.430 ms
[mpegts @ 0x5606808dadc0] Packet corrupt (stream = 0, dts = 530659).
21:46:37.166934/SRT:TsbPd!W:SRT.br: @575149429: RCV-DROPPED 1 packet(s). Packet seqno %1181180188 delayed for 0.243 ms
[mpegts @ 0x5606808dadc0] Packet corrupt (stream = 0, dts = 534259).
21:46:37.207114/SRT:TsbPd!W:SRT.br: @575149429: RCV-DROPPED 1 packet(s). Packet seqno %1181180218 delayed for 0.229 ms
[mpegts @ 0x5606808dadc0] Packet corrupt (stream = 0, dts = 537859).
21:46:37.287498/SRT:TsbPd!W:SRT.br: @575149429: RCV-DROPPED 1 packet(s). Packet seqno %1181180254 delayed for 0.187 ms
[mpegts @ 0x5606808dadc0] Packet corrupt (stream = 0, dts = 545059).
21:46:37.327372/SRT:TsbPd!W:SRT.br: @575149429: RCV-DROPPED 1 packet(s). Packet seqno %1181180266 delayed for 0.306 ms
21:46:37.327492/SRT:TsbPd!W:SRT.br: @575149429: RCV-DROPPED 1 packet(s). Packet seqno %1181180278 delayed for 0.408 ms
[mpegts @ 0x5606808dadc0] Packet corrupt (stream = 0, dts = 548659).
21:46:37.406889/SRT:TsbPd!W:SRT.br: @575149429: RCV-DROPPED 2 packet(s). Packet seqno %1181180304 delayed for 0.222 ms
[mpegts @ 0x5606808dadc0] Packet corrupt (stream = 0, dts = 555859).
21:46:37.447361/SRT:TsbPd!W:SRT.br: @575149429: RCV-DROPPED 1 packet(s). Packet seqno %1181180311 delayed for 0.124 ms
21:46:37.447447/SRT:TsbPd!W:SRT.br: @575149429: RCV-DROPPED 2 packet(s). Packet seqno %1181180315 delayed for 0.209 ms
21:46:37.447530/SRT:TsbPd!W:SRT.br: @575149429: RCV-DROPPED 1 packet(s). Packet seqno %1181180321 delayed for 0.265 ms
21:46:37.447576/SRT:TsbPd!W:SRT.br: @575149429: RCV-DROPPED 2 packet(s). Packet seqno %1181180324 delayed for 0.308 ms
21:46:37.487265/SRT:TsbPd!W:SRT.br: @575149429: RCV-DROPPED 1 packet(s). Packet seqno %1181180338 delayed for 0.081 ms
21:46:37.487389/SRT:TsbPd!W:SRT.br: @575149429: RCV-DROPPED 1 packet(s). Packet seqno %1181180341 delayed for 0.207 ms
21:46:37.487465/SRT:TsbPd!W:SRT.br: @575149429: RCV-DROPPED 1 packet(s). Packet seqno %1181180356 delayed for 0.249 ms
[mpegts @ 0x5606808dadc0] Packet corrupt (stream = 0, dts = 559459).
21:46:37.526624/SRT:TsbPd!W:SRT.br: @575149429: RCV-DROPPED 1 packet(s). Packet seqno %1181180373 delayed for 0.368 ms
[mpegts @ 0x5606808dadc0] Packet corrupt (stream = 0, dts = 566659).
21:46:37.566932/SRT:TsbPd!W:SRT.br: @575149429: RCV-DROPPED 1 packet(s). Packet seqno %1181180392 delayed for 0.452 ms
21:46:37.606358/SRT:TsbPd!W:SRT.br: @575149429: RCV-DROPPED 1 packet(s). Packet seqno %1181180397 delayed for 0.028 ms
21:46:37.606528/SRT:TsbPd!W:SRT.br: @575149429: RCV-DROPPED 1 packet(s). Packet seqno %1181180420 delayed for 0.177 ms
21:46:37.606566/SRT:TsbPd!W:SRT.br: @575149429: RCV-DROPPED 1 packet(s). Packet seqno %1181180422 delayed for 0.213 ms
[mpegts @ 0x5606808dadc0] Packet corrupt (stream = 0, dts = 570259).
21:46:37.728555/SRT:TsbPd!W:SRT.br: @575149429: RCV-DROPPED 1 packet(s). Packet seqno %1181180458 delayed for 0.923 ms
21:46:37.728728/SRT:TsbPd!W:SRT.br: @575149429: RCV-DROPPED 2 packet(s). Packet seqno %1181180462 delayed for 1.094 ms
21:46:37.728854/SRT:TsbPd!W:SRT.br: @575149429: RCV-DROPPED 1 packet(s). Packet seqno %1181180473 delayed for 1.212 ms
[mpegts @ 0x5606808dadc0] Packet corrupt (stream = 0, dts = 584659).
21:46:37.767046/SRT:TsbPd!W:SRT.br: @575149429: RCV-DROPPED 1 packet(s). Packet seqno %1181180479 delayed for 0.282 ms
[mpegts @ 0x5606808dadc0] Packet corrupt (stream = 0, dts = 588259).
21:46:37.847174/SRT:TsbPd!W:SRT.br: @575149429: RCV-DROPPED 1 packet(s). Packet seqno %1181180504 delayed for 0.088 ms
[mpegts @ 0x5606808dadc0] Packet corrupt (stream = 0, dts = 595459).
21:46:37.926905/SRT:TsbPd!W:SRT.br: @575149429: RCV-DROPPED 1 packet(s). Packet seqno %1181180543 delayed for 0.103 ms
[mpegts @ 0x5606808dadc0] Packet corrupt (stream = 0, dts = 602659).
21:46:37.967597/SRT:TsbPd!W:SRT.br: @575149429: RCV-DROPPED 1 packet(s). Packet seqno %1181180572 delayed for 0.256 ms
21:46:37.967736/SRT:TsbPd!W:SRT.br: @575149429: RCV-DROPPED 1 packet(s). Packet seqno %1181180579 delayed for 0.389 ms
21:46:37.967884/SRT:TsbPd!W:SRT.br: @575149429: RCV-DROPPED 1 packet(s). Packet seqno %1181180595 delayed for 0.516 ms
21:46:37.968001/SRT:TsbPd!W:SRT.br: @575149429: RCV-DROPPED 1 packet(s). Packet seqno %1181180605 delayed for 0.622 ms
21:46:37.968122/SRT:TsbPd!W:SRT.br: @575149429: RCV-DROPPED 1 packet(s). Packet seqno %1181180622 delayed for 0.724 ms
21:46:37.968214/SRT:TsbPd!W:SRT.br: @575149429: RCV-DROPPED 1 packet(s). Packet seqno %1181180625 delayed for 0.809 ms
[mpegts @ 0x5606808dadc0] Packet corrupt (stream = 0, dts = 606259).
21:46:38.046840/SRT:TsbPd!W:SRT.br: @575149429: RCV-DROPPED 1 packet(s). Packet seqno %1181180670 delayed for 0.265 ms
21:46:38.046909/SRT:TsbPd!W:SRT.br: @575149429: RCV-DROPPED 1 packet(s). Packet seqno %1181180672 delayed for 0.337 ms
[mpegts @ 0x5606808dadc0] Packet corrupt (stream = 0, dts = 613459).
21:46:38.089227/SRT:TsbPd!W:SRT.br: @575149429: RCV-DROPPED 2 packet(s). Packet seqno %1181180680 delayed for 0.215 ms
[mpegts @ 0x5606808dadc0] Packet corrupt (stream = 0, dts = 617059).
21:46:38.126521/SRT:TsbPd!W:SRT.br: @575149429: RCV-DROPPED 1 packet(s). Packet seqno %1181180691 delayed for 0.193 ms
21:46:38.126631/SRT:TsbPd!W:SRT.br: @575149429: RCV-DROPPED 1 packet(s). Packet seqno %1181180716 delayed for 0.291 ms
[mpegts @ 0x5606808dadc0] Packet corrupt (stream = 0, dts = 620659).
21:46:38.167392/SRT:TsbPd!W:SRT.br: @575149429: RCV-DROPPED 1 packet(s). Packet seqno %1181180722 delayed for 0.279 ms
[mpegts @ 0x5606808dadc0] Packet corrupt (stream = 0, dts = 624259).
21:46:38.207242/SRT:TsbPd!W:SRT.br: @575149429: RCV-DROPPED 1 packet(s). Packet seqno %1181180739 delayed for 0.236 ms
21:46:38.207293/SRT:TsbPd!W:SRT.br: @575149429: RCV-DROPPED 1 packet(s). Packet seqno %1181180743 delayed for 0.284 ms
[mpegts @ 0x5606808dadc0] Packet corrupt (stream = 0, dts = 627859).
21:46:38.247173/SRT:TsbPd!W:SRT.br: @575149429: RCV-DROPPED 1 packet(s). Packet seqno %1181180761 delayed for 0.774 ms
21:46:38.247537/SRT:TsbPd!W:SRT.br: @575149429: RCV-DROPPED 1 packet(s). Packet seqno %1181180775 delayed for 1.112 ms
21:46:38.247582/SRT:TsbPd!W:SRT.br: @575149429: RCV-DROPPED 1 packet(s). Packet seqno %1181180778 delayed for 1.151 ms
[mpegts @ 0x5606808dadc0] Packet corrupt (stream = 0, dts = 631459).
21:46:38.287077/SRT:TsbPd!W:SRT.br: @575149429: RCV-DROPPED 1 packet(s). Packet seqno %1181180790 delayed for 0.205 ms
21:46:38.287119/SRT:TsbPd!W:SRT.br: @575149429: RCV-DROPPED 1 packet(s). Packet seqno %1181180794 delayed for 0.239 ms
[mpegts @ 0x5606808dadc0] Packet corrupt (stream = 0, dts = 635059).
21:46:38.367538/SRT:TsbPd!W:SRT.br: @575149429: RCV-DROPPED 1 packet(s). Packet seqno %1181180825 delayed for 0.277 ms
[mpegts @ 0x5606808dadc0] Packet corrupt (stream = 0, dts = 642259).
21:46:38.406600/SRT:TsbPd!W:SRT.br: @575149429: RCV-DROPPED 1 packet(s). Packet seqno %1181180833 delayed for 0.253 ms
21:46:38.406695/SRT:TsbPd!W:SRT.br: @575149429: RCV-DROPPED 1 packet(s). Packet seqno %1181180840 delayed for 0.344 ms
21:46:38.406791/SRT:TsbPd!W:SRT.br: @575149429: RCV-DROPPED 2 packet(s). Packet seqno %1181180854 delayed for 0.417 ms
[mpegts @ 0x5606808dadc0] Packet corrupt (stream = 0, dts = 645859).
21:46:38.487375/SRT:TsbPd!W:SRT.br: @575149429: RCV-DROPPED 1 packet(s). Packet seqno %1181180871 delayed for 0.081 ms
21:46:38.487553/SRT:TsbPd!W:SRT.br: @575149429: RCV-DROPPED 2 packet(s). Packet seqno %1181180874 delayed for 0.258 ms
[mpegts @ 0x5606808dadc0] Packet corrupt (stream = 0, dts = 649459).
21:46:38.526710/SRT:TsbPd!W:SRT.br: @575149429: RCV-DROPPED 1 packet(s). Packet seqno %1181180894 delayed for 0.311 ms
21:46:38.526805/SRT:TsbPd!W:SRT.br: @575149429: RCV-DROPPED 1 packet(s). Packet seqno %1181180900 delayed for 0.401 ms
21:46:38.526845/SRT:TsbPd!W:SRT.br: @575149429: RCV-DROPPED 1 packet(s). Packet seqno %1181180905 delayed for 0.434 ms
21:46:38.526881/SRT:TsbPd!W:SRT.br: @575149429: RCV-DROPPED 1 packet(s). Packet seqno %1181180907 delayed for 0.467 ms
[mpegts @ 0x5606808dadc0] Packet corrupt (stream = 0, dts = 656659).
21:46:38.606613/SRT:TsbPd!W:SRT.br: @575149429: RCV-DROPPED 1 packet(s). Packet seqno %1181180929 delayed for 0.076 ms
21:46:38.606762/SRT:TsbPd!W:SRT.br: @575149429: RCV-DROPPED 1 packet(s). Packet seqno %1181180935 delayed for 0.223 ms
[mpegts @ 0x5606808dadc0] Packet corrupt (stream = 0, dts = 660259).
21:46:38.647479/SRT:TsbPd!W:SRT.br: @575149429: RCV-DROPPED 1 packet(s). Packet seqno %1181180956 delayed for 0.387 ms
[mpegts @ 0x5606808dadc0] Packet corrupt (stream = 0, dts = 667459).
21:46:38.686757/SRT:TsbPd!W:SRT.br: @575149429: RCV-DROPPED 1 packet(s). Packet seqno %1181180978 delayed for 0.318 ms
21:46:38.726817/SRT:TsbPd!W:SRT.br: @575149429: RCV-DROPPED 1 packet(s). Packet seqno %1181180981 delayed for 0.099 ms
[mpegts @ 0x5606808dadc0] Packet corrupt (stream = 0, dts = 671059).
21:46:38.727044/SRT:TsbPd!W:SRT.br: @575149429: RCV-DROPPED 1 packet(s). Packet seqno %1181180987 delayed for 0.312 ms
21:46:38.727095/SRT:TsbPd!W:SRT.br: @575149429: RCV-DROPPED 1 packet(s). Packet seqno %1181180990 delayed for 0.361 ms
[mpegts @ 0x5606808dadc0] Packet corrupt (stream = 0, dts = 674659).
21:46:38.768275/SRT:TsbPd!W:SRT.br: @575149429: RCV-DROPPED 1 packet(s). Packet seqno %1181180998 delayed for 0.127 ms
21:46:38.768491/SRT:TsbPd!W:SRT.br: @575149429: RCV-DROPPED 1 packet(s). Packet seqno %1181181013 delayed for 0.312 ms
21:46:38.768561/SRT:TsbPd!W:SRT.br: @575149429: RCV-DROPPED 1 packet(s). Packet seqno %1181181018 delayed for 0.378 ms
[mpegts @ 0x5606808dadc0] Packet corrupt (stream = 0, dts = 678259).
21:46:38.847152/SRT:TsbPd!W:SRT.br: @575149429: RCV-DROPPED 1 packet(s). Packet seqno %1181181034 delayed for 0.067 ms
21:46:38.847363/SRT:TsbPd!W:SRT.br: @575149429: RCV-DROPPED 1 packet(s). Packet seqno %1181181056 delayed for 0.254 ms
21:46:38.887230/SRT:TsbPd!W:SRT.br: @575149429: RCV-DROPPED 1 packet(s). Packet seqno %1181181065 delayed for 0.317 ms
[mpegts @ 0x5606808dadc0] Packet corrupt (stream = 0, dts = 681859).
21:46:38.887615/SRT:TsbPd!W:SRT.br: @575149429: RCV-DROPPED 1 packet(s). Packet seqno %1181181073 delayed for 0.671 ms
[mpegts @ 0x5606808dadc0] Packet corrupt (stream = 0, dts = 689059).
21:46:38.926822/SRT:TsbPd!W:SRT.br: @575149429: RCV-DROPPED 1 packet(s). Packet seqno %1181181080 delayed for 0.357 ms
21:46:38.926902/SRT:TsbPd!W:SRT.br: @575149429: RCV-DROPPED 1 packet(s). Packet seqno %1181181082 delayed for 0.440 ms
21:46:38.926943/SRT:TsbPd!W:SRT.br: @575149429: RCV-DROPPED 1 packet(s). Packet seqno %1181181084 delayed for 0.479 ms
21:46:38.927025/SRT:TsbPd!W:SRT.br: @575149429: RCV-DROPPED 1 packet(s). Packet seqno %1181181091 delayed for 0.550 ms
[mpegts @ 0x5606808dadc0] Packet corrupt (stream = 0, dts = 692659).
21:46:38.966527/SRT:TsbPd!W:SRT.br: @575149429: RCV-DROPPED 1 packet(s). Packet seqno %1181181108 delayed for 0.119 ms
21:46:38.966632/SRT:TsbPd!W:SRT.br: @575149429: RCV-DROPPED 1 packet(s). Packet seqno %1181181111 delayed for 0.224 ms
[mpegts @ 0x5606808dadc0] Packet corrupt (stream = 0, dts = 696259).
21:46:39.006584/SRT:TsbPd!W:SRT.br: @575149429: RCV-DROPPED 1 packet(s). Packet seqno %1181181122 delayed for 0.231 ms
21:46:39.006635/SRT:TsbPd!W:SRT.br: @575149429: RCV-DROPPED 1 packet(s). Packet seqno %1181181124 delayed for 0.285 ms
[mpegts @ 0x5606808dadc0] PES packet size mismatch
[mpegts @ 0x5606808dadc0] Packet corrupt (stream = 1, dts = 671437).
Input #0, mpegts, from 'srt://192.168.3.99:4004?mode=caller':
  Duration: N/A, start: 1.400000, bitrate: N/A
  Program 1 
    Metadata:
      service_name    : Service01
      service_provider: FFmpeg
  Stream #0:0[0x100]: Video: h264 (High) ([27][0][0][0] / 0x001B), yuv420p(tv, bt709, progressive), 1920x1080 [SAR 1:1 DAR 16:9], 25 fps, 25 tbr, 90k tbn
  Stream #0:1[0x101](eng): Audio: aac (LC) ([15][0][0][0] / 0x000F), 44100 Hz, stereo, fltp, 130 kb/s
Output #0, mpegts, to 'capturas/srt_20250630_21-46-23/recebido_srt.ts':
  Metadata:
    encoder         : Lavf60.16.100
  Stream #0:0: Video: h264 (High) ([27][0][0][0] / 0x001B), yuv420p(tv, bt709, progressive), 1920x1080 [SAR 1:1 DAR 16:9], q=2-31, 25 fps, 25 tbr, 90k tbn
  Stream #0:1(eng): Audio: aac (LC) ([15][0][0][0] / 0x000F), 44100 Hz, stereo, fltp, 130 kb/s
Stream mapping:
  Stream #0:0 -> #0:0 (copy)
  Stream #0:1 -> #0:1 (copy)
Press [q] to stop, [?] for help
[in#0/mpegts @ 0x5606808dacc0] corrupt input packet in stream 1
    Last message repeated 2 times
size=       0kB time=00:00:00.00 bitrate=N/A speed=   0x    [in#0/mpegts @ 0x5606808dacc0] corrupt input packet in stream 1
    Last message repeated 7 times
[in#0/mpegts @ 0x5606808dacc0] corrupt input packet in stream 0
    Last message repeated 2 times
[mpegts @ 0x560680a68740] AAC bitstream not in ADTS format and extradata missing
[in#0/mpegts @ 0x5606808dacc0] corrupt input packet in stream 0
    Last message repeated 2 times
[mpegts @ 0x560680a68740] AAC bitstream not in ADTS format and extradata missing
[in#0/mpegts @ 0x5606808dacc0] corrupt input packet in stream 1
    Last message repeated 2 times
[in#0/mpegts @ 0x5606808dacc0] corrupt input packet in stream 0
    Last message repeated 3 times
[mpegts @ 0x560680a68740] AAC bitstream not in ADTS format and extradata missing
[in#0/mpegts @ 0x5606808dacc0] corrupt input packet in stream 0
    Last message repeated 7 times
[in#0/mpegts @ 0x5606808dacc0] corrupt input packet in stream 1
    Last message repeated 5 times
[mpegts @ 0x560680a68740] AAC bitstream not in ADTS format and extradata missing
[in#0/mpegts @ 0x5606808dacc0] corrupt input packet in stream 0
    Last message repeated 25 times
[in#0/mpegts @ 0x5606808dacc0] corrupt input packet in stream 1
    Last message repeated 6 times
[in#0/mpegts @ 0x5606808dacc0] corrupt input packet in stream 0
    Last message repeated 4 times
[mpegts @ 0x560680a68740] AAC bitstream not in ADTS format and extradata missing
    Last message repeated 1 times
[in#0/mpegts @ 0x5606808dacc0] corrupt input packet in stream 0
    Last message repeated 40 times
[in#0/mpegts @ 0x5606808dacc0] corrupt input packet in stream 1
    Last message repeated 5 times
[mpegts @ 0x560680a68740] AAC bitstream not in ADTS format and extradata missing
[mpegts @ 0x5606808dadc0] Packet corrupt (stream = 0, dts = 699859).
21:46:39.055850/SRT:TsbPd!W:SRT.br: @575149429: RCV-DROPPED 2 packet(s). Packet seqno %1181181138 delayed for 9.008 ms
[in#0/mpegts @ 0x5606808dacc0] corrupt input packet in stream 0
[mpegts @ 0x5606808dadc0] Packet corrupt (stream = 0, dts = 703459).
[in#0/mpegts @ 0x5606808dacc0] corrupt input packet in stream 0
21:46:39.167380/SRT:TsbPd!W:SRT.br: @575149429: RCV-DROPPED 1 packet(s). Packet seqno %1181181203 delayed for 0.183 ms
21:46:39.167469/SRT:TsbPd!W:SRT.br: @575149429: RCV-DROPPED 1 packet(s). Packet seqno %1181181213 delayed for 0.263 ms
21:46:39.206346/SRT:TsbPd!W:SRT.br: @575149429: RCV-DROPPED 1 packet(s). Packet seqno %1181181216 delayed for 0.025 ms
21:46:39.206863/SRT:TsbPd!W:SRT.br: @575149429: RCV-DROPPED 1 packet(s). Packet seqno %1181181218 delayed for 0.530 ms
[mpegts @ 0x5606808dadc0] Packet corrupt (stream = 0, dts = 714259).
[in#0/mpegts @ 0x5606808dacc0] corrupt input packet in stream 0
21:46:39.207105/SRT:TsbPd!W:SRT.br: @575149429: RCV-DROPPED 1 packet(s). Packet seqno %1181181227 delayed for 0.762 ms
[mpegts @ 0x5606808dadc0] Packet corrupt (stream = 0, dts = 717859).
[in#0/mpegts @ 0x5606808dacc0] corrupt input packet in stream 0
21:46:39.247161/SRT:TsbPd!W:SRT.br: @575149429: RCV-DROPPED 1 packet(s). Packet seqno %1181181234 delayed for 0.234 ms
21:46:39.247211/SRT:TsbPd!W:SRT.br: @575149429: RCV-DROPPED 1 packet(s). Packet seqno %1181181237 delayed for 0.283 ms
21:46:39.247237/SRT:TsbPd!W:SRT.br: @575149429: RCV-DROPPED 1 packet(s). Packet seqno %1181181242 delayed for 0.283 ms
21:46:39.287193/SRT:TsbPd!W:SRT.br: @575149429: RCV-DROPPED 1 packet(s). Packet seqno %1181181244 delayed for 0.075 ms
21:46:39.287400/SRT:TsbPd!W:SRT.br: @575149429: RCV-DROPPED 1 packet(s). Packet seqno %1181181261 delayed for 0.274 ms
[mpegts @ 0x5606808dadc0] Packet corrupt (stream = 0, dts = 721459).
[in#0/mpegts @ 0x5606808dacc0] corrupt input packet in stream 0
21:46:39.327597/SRT:TsbPd!W:SRT.br: @575149429: RCV-DROPPED 2 packet(s). Packet seqno %1181181276 delayed for 0.431 ms
21:46:39.366916/SRT:TsbPd!W:SRT.br: @575149429: RCV-DROPPED 1 packet(s). Packet seqno %1181181284 delayed for 0.066 ms
[mpegts @ 0x5606808dadc0] Packet corrupt (stream = 0, dts = 728659).
[in#0/mpegts @ 0x5606808dacc0] corrupt input packet in stream 0
21:46:39.367246/SRT:TsbPd!W:SRT.br: @575149429: RCV-DROPPED 2 packet(s). Packet seqno %1181181293 delayed for 0.372 ms
21:46:39.367311/SRT:TsbPd!W:SRT.br: @575149429: RCV-DROPPED 2 packet(s). Packet seqno %1181181303 delayed for 0.425 ms
21:46:39.367368/SRT:TsbPd!W:SRT.br: @575149429: RCV-DROPPED 1 packet(s). Packet seqno %1181181306 delayed for 0.478 ms
21:46:39.367631/SRT:TsbPd!W:SRT.br: @575149429: RCV-DROPPED 1 packet(s). Packet seqno %1181181313 delayed for 0.733 ms
[mpegts @ 0x5606808dadc0] Packet corrupt (stream = 0, dts = 732259).
[in#0/mpegts @ 0x5606808dacc0] corrupt input packet in stream 0
21:46:39.406824/SRT:TsbPd!W:SRT.br: @575149429: RCV-DROPPED 1 packet(s). Packet seqno %1181181326 delayed for 0.287 ms
[mpegts @ 0x5606808dadc0] Packet corrupt (stream = 0, dts = 735859).
[in#0/mpegts @ 0x5606808dacc0] corrupt input packet in stream 0
21:46:39.487939/SRT:TsbPd!W:SRT.br: @575149429: RCV-DROPPED 1 packet(s). Packet seqno %1181181343 delayed for 0.090 ms
21:46:39.488113/SRT:TsbPd!W:SRT.br: @575149429: RCV-DROPPED 1 packet(s). Packet seqno %1181181349 delayed for 0.263 ms
21:46:39.488246/SRT:TsbPd!W:SRT.br: @575149429: RCV-DROPPED 1 packet(s). Packet seqno %1181181355 delayed for 0.387 ms
21:46:39.488404/SRT:TsbPd!W:SRT.br: @575149429: RCV-DROPPED 2 packet(s). Packet seqno %1181181368 delayed for 0.526 ms
[mpegts @ 0x5606808dadc0] Packet corrupt (stream = 0, dts = 739459).
21:46:39.526865/SRT:TsbPd!W:SRT.br: @575149429: RCV-DROPPED 1 packet(s). Packet seqno %1181181376 delayed for 0.363 ms
[in#0/mpegts @ 0x5606808dacc0] corrupt input packet in stream 0
21:46:39.527016/SRT:TsbPd!W:SRT.br: @575149429: RCV-DROPPED 1 packet(s). Packet seqno %1181181379 delayed for 0.511 ms
21:46:39.527072/SRT:TsbPd!W:SRT.br: @575149429: RCV-DROPPED 1 packet(s). Packet seqno %1181181381 delayed for 0.563 ms
[mpegts @ 0x5606808dadc0] Packet corrupt (stream = 0, dts = 746659).
[in#0/mpegts @ 0x5606808dacc0] corrupt input packet in stream 0
21:46:39.567130/SRT:TsbPd!W:SRT.br: @575149429: RCV-DROPPED 1 packet(s). Packet seqno %1181181396 delayed for 0.281 ms
21:46:39.567239/SRT:TsbPd!W:SRT.br: @575149429: RCV-DROPPED 1 packet(s). Packet seqno %1181181404 delayed for 0.379 ms
21:46:39.567306/SRT:TsbPd!W:SRT.br: @575149429: RCV-DROPPED 1 packet(s). Packet seqno %1181181412 delayed for 0.438 ms
[mpegts @ 0x5606808dadc0] Packet corrupt (stream = 0, dts = 750259).
[in#0/mpegts @ 0x5606808dacc0] corrupt input packet in stream 0
size=    2816kB time=00:00:06.89 bitrate=3345.1kbits/s speed=13.3x    21:46:39.607220/SRT:TsbPd!W:SRT.br: @575149429: RCV-DROPPED 1 packet(s). Packet seqno %1181181427 delayed for 0.261 ms
[mpegts @ 0x5606808dadc0] Packet corrupt (stream = 0, dts = 753859).
[in#0/mpegts @ 0x5606808dacc0] corrupt input packet in stream 0
21:46:39.807362/SRT:TsbPd!W:SRT.br: @575149429: RCV-DROPPED 1 packet(s). Packet seqno %1181181514 delayed for 0.298 ms
21:46:39.807476/SRT:TsbPd!W:SRT.br: @575149429: RCV-DROPPED 1 packet(s). Packet seqno %1181181517 delayed for 0.414 ms
21:46:39.807531/SRT:TsbPd!W:SRT.br: @575149429: RCV-DROPPED 2 packet(s). Packet seqno %1181181524 delayed for 0.461 ms
21:46:39.807592/SRT:TsbPd!W:SRT.br: @575149429: RCV-DROPPED 1 packet(s). Packet seqno %1181181531 delayed for 0.512 ms
[mpegts @ 0x5606808dadc0] Packet corrupt (stream = 0, dts = 771859).
[in#0/mpegts @ 0x5606808dacc0] corrupt input packet in stream 0
21:46:39.886918/SRT:TsbPd!W:SRT.br: @575149429: RCV-DROPPED 2 packet(s). Packet seqno %1181181550 delayed for 0.072 ms
21:46:39.887050/SRT:TsbPd!W:SRT.br: @575149429: RCV-DROPPED 1 packet(s). Packet seqno %1181181556 delayed for 0.205 ms
21:46:39.887097/SRT:TsbPd!W:SRT.br: @575149429: RCV-DROPPED 1 packet(s). Packet seqno %1181181560 delayed for 0.247 ms
[mpegts @ 0x5606808dadc0] Packet corrupt (stream = 0, dts = 775459).
[in#0/mpegts @ 0x5606808dacc0] corrupt input packet in stream 0
21:46:39.927153/SRT:TsbPd!W:SRT.br: @575149429: RCV-DROPPED 1 packet(s). Packet seqno %1181181566 delayed for 0.326 ms
21:46:39.927240/SRT:TsbPd!W:SRT.br: @575149429: RCV-DROPPED 1 packet(s). Packet seqno %1181181577 delayed for 0.404 ms
21:46:39.927291/SRT:TsbPd!W:SRT.br: @575149429: RCV-DROPPED 1 packet(s). Packet seqno %1181181584 delayed for 0.444 ms
[mpegts @ 0x5606808dadc0] Packet corrupt (stream = 0, dts = 782659).
[in#0/mpegts @ 0x5606808dacc0] corrupt input packet in stream 0
21:46:39.967240/SRT:TsbPd!W:SRT.br: @575149429: RCV-DROPPED 1 packet(s). Packet seqno %1181181595 delayed for 0.312 ms
[mpegts @ 0x5606808dadc0] Packet corrupt (stream = 0, dts = 786259).
[in#0/mpegts @ 0x5606808dacc0] corrupt input packet in stream 0
21:46:40.047596/SRT:TsbPd!W:SRT.br: @575149429: RCV-DROPPED 1 packet(s). Packet seqno %1181181624 delayed for 0.193 ms
21:46:40.047762/SRT:TsbPd!W:SRT.br: @575149429: RCV-DROPPED 1 packet(s). Packet seqno %1181181644 delayed for 0.337 ms
21:46:40.086922/SRT:TsbPd!W:SRT.br: @575149429: RCV-DROPPED 1 packet(s). Packet seqno %1181181652 delayed for 0.069 ms
21:46:40.087073/SRT:TsbPd!W:SRT.br: @575149429: RCV-DROPPED 1 packet(s). Packet seqno %1181181658 delayed for 0.222 ms
[mpegts @ 0x5606808dadc0] Packet corrupt (stream = 0, dts = 793459).
[in#0/mpegts @ 0x5606808dacc0] corrupt input packet in stream 0
21:46:40.126597/SRT:TsbPd!W:SRT.br: @575149429: RCV-DROPPED 1 packet(s). Packet seqno %1181181667 delayed for 0.354 ms
21:46:40.126748/SRT:TsbPd!W:SRT.br: @575149429: RCV-DROPPED 1 packet(s). Packet seqno %1181181673 delayed for 0.501 ms
size=    3072kB time=00:00:07.37 bitrate=3411.8kbits/s speed=6.85x    [mpegts @ 0x5606808dadc0] Packet corrupt (stream = 0, dts = 800659).
[in#0/mpegts @ 0x5606808dacc0] corrupt input packet in stream 0
21:46:40.167389/SRT:TsbPd!W:SRT.br: @575149429: RCV-DROPPED 1 packet(s). Packet seqno %1181181687 delayed for 0.558 ms
21:46:40.206882/SRT:TsbPd!W:SRT.br: @575149429: RCV-DROPPED 1 packet(s). Packet seqno %1181181707 delayed for 0.071 ms
[mpegts @ 0x5606808dadc0] Packet corrupt (stream = 0, dts = 804259).
[in#0/mpegts @ 0x5606808dacc0] corrupt input packet in stream 0
21:46:40.207129/SRT:TsbPd!W:SRT.br: @575149429: RCV-DROPPED 1 packet(s). Packet seqno %1181181711 delayed for 0.313 ms
[mpegts @ 0x5606808dadc0] Packet corrupt (stream = 0, dts = 807859).
[in#0/mpegts @ 0x5606808dacc0] corrupt input packet in stream 0
21:46:40.247021/SRT:TsbPd!W:SRT.br: @575149429: RCV-DROPPED 1 packet(s). Packet seqno %1181181726 delayed for 0.268 ms
[mpegts @ 0x5606808dadc0] Packet corrupt (stream = 0, dts = 811459).
21:46:40.287200/SRT:TsbPd!W:SRT.br: @575149429: RCV-DROPPED 1 packet(s). Packet seqno %1181181732 delayed for 0.210 ms
[in#0/mpegts @ 0x5606808dacc0] corrupt input packet in stream 0
21:46:40.287402/SRT:TsbPd!W:SRT.br: @575149429: RCV-DROPPED 1 packet(s). Packet seqno %1181181741 delayed for 0.403 ms
21:46:40.287540/SRT:TsbPd!W:SRT.br: @575149429: RCV-DROPPED 1 packet(s). Packet seqno %1181181746 delayed for 0.533 ms
21:46:40.327118/SRT:TsbPd!W:SRT.br: @575149429: RCV-DROPPED 1 packet(s). Packet seqno %1181181761 delayed for 0.148 ms
[mpegts @ 0x5606808dadc0] Packet corrupt (stream = 0, dts = 815059).
[in#0/mpegts @ 0x5606808dacc0] corrupt input packet in stream 0
21:46:40.327290/SRT:TsbPd!W:SRT.br: @575149429: RCV-DROPPED 1 packet(s). Packet seqno %1181181766 delayed for 0.315 ms
21:46:40.367082/SRT:TsbPd!W:SRT.br: @575149429: RCV-DROPPED 1 packet(s). Packet seqno %1181181772 delayed for 0.070 ms
21:46:40.367228/SRT:TsbPd!W:SRT.br: @575149429: RCV-DROPPED 1 packet(s). Packet seqno %1181181783 delayed for 0.215 ms
21:46:40.367281/SRT:TsbPd!W:SRT.br: @575149429: RCV-DROPPED 1 packet(s). Packet seqno %1181181792 delayed for 0.262 ms
21:46:40.367356/SRT:TsbPd!W:SRT.br: @575149429: RCV-DROPPED 1 packet(s). Packet seqno %1181181798 delayed for 0.330 ms
[mpegts @ 0x5606808dadc0] Packet corrupt (stream = 0, dts = 818659).
[in#0/mpegts @ 0x5606808dacc0] corrupt input packet in stream 0
21:46:40.447257/SRT:TsbPd!W:SRT.br: @575149429: RCV-DROPPED 1 packet(s). Packet seqno %1181181820 delayed for 0.272 ms
[mpegts @ 0x5606808dadc0] PES packet size mismatch
[mpegts @ 0x5606808dadc0] Packet corrupt (stream = 1, dts = 803094).
[in#0/mpegts @ 0x5606808dacc0] corrupt input packet in stream 1
    Last message repeated 5 times
[mpegts @ 0x560680a68740] AAC bitstream not in ADTS format and extradata missing
[mpegts @ 0x5606808dadc0] Packet corrupt (stream = 0, dts = 829459).
[in#0/mpegts @ 0x5606808dacc0] corrupt input packet in stream 0
21:46:40.487671/SRT:TsbPd!W:SRT.br: @575149429: RCV-DROPPED 1 packet(s). Packet seqno %1181181853 delayed for 0.759 ms
[mpegts @ 0x5606808dadc0] Packet corrupt (stream = 0, dts = 833059).
[in#0/mpegts @ 0x5606808dacc0] corrupt input packet in stream 0
21:46:40.567220/SRT:TsbPd!W:SRT.br: @575149429: RCV-DROPPED 1 packet(s). Packet seqno %1181181875 delayed for 0.245 ms
21:46:40.567389/SRT:TsbPd!W:SRT.br: @575149429: RCV-DROPPED 2 packet(s). Packet seqno %1181181880 delayed for 0.396 ms
21:46:40.567458/SRT:TsbPd!W:SRT.br: @575149429: RCV-DROPPED 1 packet(s). Packet seqno %1181181888 delayed for 0.447 ms
21:46:40.567510/SRT:TsbPd!W:SRT.br: @575149429: RCV-DROPPED 1 packet(s). Packet seqno %1181181891 delayed for 0.493 ms
21:46:40.567697/SRT:TsbPd!W:SRT.br: @575149429: RCV-DROPPED 2 packet(s). Packet seqno %1181181896 delayed for 0.673 ms
[mpegts @ 0x5606808dadc0] Packet corrupt (stream = 0, dts = 840259).
[in#0/mpegts @ 0x5606808dacc0] corrupt input packet in stream 0
21:46:40.646820/SRT:TsbPd!W:SRT.br: @575149429: RCV-DROPPED 1 packet(s). Packet seqno %1181181910 delayed for 0.066 ms
size=    3328kB time=00:00:07.89 bitrate=3452.7kbits/s speed=4.94x    [mpegts @ 0x5606808dadc0] Packet corrupt (stream = 0, dts = 843859).
[in#0/mpegts @ 0x5606808dacc0] corrupt input packet in stream 0
21:46:40.648866/SRT:TsbPd!W:SRT.br: @575149429: RCV-DROPPED 1 packet(s). Packet seqno %1181181918 delayed for 2.084 ms
[mpegts @ 0x5606808dadc0] Packet corrupt (stream = 0, dts = 847459).
[in#0/mpegts @ 0x5606808dacc0] corrupt input packet in stream 0
21:46:40.687439/SRT:TsbPd!W:SRT.br: @575149429: RCV-DROPPED 1 packet(s). Packet seqno %1181181926 delayed for 0.314 ms
21:46:40.687535/SRT:TsbPd!W:SRT.br: @575149429: RCV-DROPPED 1 packet(s). Packet seqno %1181181934 delayed for 0.410 ms
21:46:40.687575/SRT:TsbPd!W:SRT.br: @575149429: RCV-DROPPED 1 packet(s). Packet seqno %1181181940 delayed for 0.443 ms
[mpegts @ 0x5606808dadc0] Packet corrupt (stream = 0, dts = 851059).
[in#0/mpegts @ 0x5606808dacc0] corrupt input packet in stream 0
21:46:40.727316/SRT:TsbPd!W:SRT.br: @575149429: RCV-DROPPED 1 packet(s). Packet seqno %1181181952 delayed for 0.236 ms
21:46:40.727414/SRT:TsbPd!W:SRT.br: @575149429: RCV-DROPPED 1 packet(s). Packet seqno %1181181955 delayed for 0.334 ms
21:46:40.766885/SRT:TsbPd!W:SRT.br: @575149429: RCV-DROPPED 1 packet(s). Packet seqno %1181181958 delayed for 0.189 ms
[mpegts @ 0x5606808dadc0] Packet corrupt (stream = 0, dts = 854659).
[in#0/mpegts @ 0x5606808dacc0] corrupt input packet in stream 0
21:46:40.812838/SRT:TsbPd!W:SRT.br: @575149429: RCV-DROPPED 2 packet(s). Packet seqno %1181181977 delayed for 0.507 ms
21:46:40.812892/SRT:TsbPd!W:SRT.br: @575149429: RCV-DROPPED 1 packet(s). Packet seqno %1181181982 delayed for 0.559 ms
21:46:40.812919/SRT:TsbPd!W:SRT.br: @575149429: RCV-DROPPED 2 packet(s). Packet seqno %1181181986 delayed for 0.581 ms
[mpegts @ 0x5606808dadc0] Packet corrupt (stream = 0, dts = 861859).
[in#0/mpegts @ 0x5606808dacc0] corrupt input packet in stream 0
21:46:40.887759/SRT:TsbPd!W:SRT.br: @575149429: RCV-DROPPED 1 packet(s). Packet seqno %1181182006 delayed for 0.213 ms
[mpegts @ 0x5606808dadc0] Packet corrupt (stream = 0, dts = 869059).
[in#0/mpegts @ 0x5606808dacc0] corrupt input packet in stream 0
21:46:40.927468/SRT:TsbPd!W:SRT.br: @575149429: RCV-DROPPED 2 packet(s). Packet seqno %1181182019 delayed for 0.332 ms
21:46:40.968640/SRT:TsbPd!W:SRT.br: @575149429: RCV-DROPPED 1 packet(s). Packet seqno %1181182028 delayed for 0.071 ms
[mpegts @ 0x5606808dadc0] Packet corrupt (stream = 0, dts = 872659).
[in#0/mpegts @ 0x5606808dacc0] corrupt input packet in stream 0
21:46:41.006649/SRT:TsbPd!W:SRT.br: @575149429: RCV-DROPPED 1 packet(s). Packet seqno %1181182045 delayed for 0.173 ms
[mpegts @ 0x5606808dadc0] Packet corrupt (stream = 0, dts = 879859).
[in#0/mpegts @ 0x5606808dacc0] corrupt input packet in stream 0
21:46:41.086654/SRT:TsbPd!W:SRT.br: @575149429: RCV-DROPPED 1 packet(s). Packet seqno %1181182058 delayed for 0.075 ms
21:46:41.086805/SRT:TsbPd!W:SRT.br: @575149429: RCV-DROPPED 1 packet(s). Packet seqno %1181182070 delayed for 0.217 ms
21:46:41.086879/SRT:TsbPd!W:SRT.br: @575149429: RCV-DROPPED 1 packet(s). Packet seqno %1181182090 delayed for 0.269 ms
21:46:41.086923/SRT:TsbPd!W:SRT.br: @575149429: RCV-DROPPED 1 packet(s). Packet seqno %1181182092 delayed for 0.311 ms
21:46:41.086954/SRT:TsbPd!W:SRT.br: @575149429: RCV-DROPPED 3 packet(s). Packet seqno %1181182097 delayed for 0.336 ms
21:46:41.087001/SRT:TsbPd!W:SRT.br: @575149429: RCV-DROPPED 1 packet(s). Packet seqno %1181182103 delayed for 0.376 ms
21:46:41.087031/SRT:TsbPd!W:SRT.br: @575149429: RCV-DROPPED 1 packet(s). Packet seqno %1181182107 delayed for 0.401 ms
[mpegts @ 0x5606808dadc0] Packet corrupt (stream = 0, dts = 883459).
[in#0/mpegts @ 0x5606808dacc0] corrupt input packet in stream 0
21:46:41.126293/SRT:TsbPd!W:SRT.br: @575149429: RCV-DROPPED 1 packet(s). Packet seqno %1181182118 delayed for 0.263 ms
21:46:41.126398/SRT:TsbPd!W:SRT.br: @575149429: RCV-DROPPED 1 packet(s). Packet seqno %1181182142 delayed for 0.345 ms
21:46:41.126436/SRT:TsbPd!W:SRT.br: @575149429: RCV-DROPPED 1 packet(s). Packet seqno %1181182148 delayed for 0.377 ms
size=    3328kB time=00:00:08.37 bitrate=3254.8kbits/s speed=3.95x    [mpegts @ 0x5606808dadc0] Packet corrupt (stream = 0, dts = 890659).
[in#0/mpegts @ 0x5606808dacc0] corrupt input packet in stream 0
21:46:41.167838/SRT:TsbPd!W:SRT.br: @575149429: RCV-DROPPED 1 packet(s). Packet seqno %1181182167 delayed for 0.419 ms
21:46:41.167886/SRT:TsbPd!W:SRT.br: @575149429: RCV-DROPPED 1 packet(s). Packet seqno %1181182169 delayed for 0.471 ms
21:46:41.167941/SRT:TsbPd!W:SRT.br: @575149429: RCV-DROPPED 1 packet(s). Packet seqno %1181182173 delayed for 0.523 ms
21:46:41.167971/SRT:TsbPd!W:SRT.br: @575149429: RCV-DROPPED 1 packet(s). Packet seqno %1181182176 delayed for 0.549 ms
21:46:41.167994/SRT:TsbPd!W:SRT.br: @575149429: RCV-DROPPED 1 packet(s). Packet seqno %1181182178 delayed for 0.571 ms
[mpegts @ 0x5606808dadc0] Packet corrupt (stream = 0, dts = 894259).
[in#0/mpegts @ 0x5606808dacc0] corrupt input packet in stream 0
21:46:41.207065/SRT:TsbPd!W:SRT.br: @575149429: RCV-DROPPED 1 packet(s). Packet seqno %1181182191 delayed for 0.266 ms
21:46:41.247254/SRT:TsbPd!W:SRT.br: @575149429: RCV-DROPPED 1 packet(s). Packet seqno %1181182193 delayed for 0.065 ms
21:46:41.247430/SRT:TsbPd!W:SRT.br: @575149429: RCV-DROPPED 1 packet(s). Packet seqno %1181182196 delayed for 0.245 ms
21:46:41.247504/SRT:TsbPd!W:SRT.br: @575149429: RCV-DROPPED 1 packet(s). Packet seqno %1181182201 delayed for 0.311 ms
21:46:41.247605/SRT:TsbPd!W:SRT.br: @575149429: RCV-DROPPED 1 packet(s). Packet seqno %1181182218 delayed for 0.387 ms
21:46:41.247637/SRT:TsbPd!W:SRT.br: @575149429: RCV-DROPPED 1 packet(s). Packet seqno %1181182220 delayed for 0.417 ms
21:46:41.247671/SRT:TsbPd!W:SRT.br: @575149429: RCV-DROPPED 1 packet(s). Packet seqno %1181182222 delayed for 0.446 ms
[mpegts @ 0x5606808dadc0] Packet corrupt (stream = 0, dts = 897859).
[in#0/mpegts @ 0x5606808dacc0] corrupt input packet in stream 0
21:46:41.287471/SRT:TsbPd!W:SRT.br: @575149429: RCV-DROPPED 1 packet(s). Packet seqno %1181182226 delayed for 0.276 ms
[mpegts @ 0x5606808dadc0] Packet corrupt (stream = 0, dts = 905059).
[in#0/mpegts @ 0x5606808dacc0] corrupt input packet in stream 0
21:46:41.326826/SRT:TsbPd!W:SRT.br: @575149429: RCV-DROPPED 1 packet(s). Packet seqno %1181182245 delayed for 0.332 ms
21:46:41.326865/SRT:TsbPd!W:SRT.br: @575149429: RCV-DROPPED 1 packet(s). Packet seqno %1181182247 delayed for 0.371 ms
[mpegts @ 0x5606808dadc0] Packet corrupt (stream = 0, dts = 908659).
[in#0/mpegts @ 0x5606808dacc0] corrupt input packet in stream 0
21:46:41.447143/SRT:TsbPd!W:SRT.br: @575149429: RCV-DROPPED 1 packet(s). Packet seqno %1181182291 delayed for 0.096 ms
21:46:41.495981/SRT:TsbPd!W:SRT.br: @575149429: RCV-DROPPED 2 packet(s). Packet seqno %1181182305 delayed for 6.507 ms
21:46:41.496231/SRT:TsbPd!W:SRT.br: @575149429: RCV-DROPPED 2 packet(s). Packet seqno %1181182311 delayed for 6.750 ms
21:46:41.496277/SRT:TsbPd!W:SRT.br: @575149429: RCV-DROPPED 1 packet(s). Packet seqno %1181182318 delayed for 6.781 ms
21:46:41.496301/SRT:TsbPd!W:SRT.br: @575149429: RCV-DROPPED 1 packet(s). Packet seqno %1181182320 delayed for 6.802 ms
21:46:41.496350/SRT:TsbPd!W:SRT.br: @575149429: RCV-DROPPED 1 packet(s). Packet seqno %1181182327 delayed for 6.837 ms
[mpegts @ 0x5606808dadc0] Packet corrupt (stream = 0, dts = 915859).
[in#0/mpegts @ 0x5606808dacc0] corrupt input packet in stream 0
21:46:41.528300/SRT:TsbPd!W:SRT.br: @575149429: RCV-DROPPED 1 packet(s). Packet seqno %1181182339 delayed for 0.274 ms
21:46:41.566835/SRT:TsbPd!W:SRT.br: @575149429: RCV-DROPPED 1 packet(s). Packet seqno %1181182343 delayed for 0.077 ms
21:46:41.567057/SRT:TsbPd!W:SRT.br: @575149429: RCV-DROPPED 1 packet(s). Packet seqno %1181182345 delayed for 0.309 ms
21:46:41.567133/SRT:TsbPd!W:SRT.br: @575149429: RCV-DROPPED 1 packet(s). Packet seqno %1181182349 delayed for 0.380 ms
21:46:41.567162/SRT:TsbPd!W:SRT.br: @575149429: RCV-DROPPED 1 packet(s). Packet seqno %1181182352 delayed for 0.405 ms
[mpegts @ 0x5606808dadc0] Packet corrupt (stream = 0, dts = 926659).
21:46:41.607198/SRT:TsbPd!W:SRT.br: @575149429: RCV-DROPPED 1 packet(s). Packet seqno %1181182355 delayed for 0.137 ms
[in#0/mpegts @ 0x5606808dacc0] corrupt input packet in stream 0
21:46:41.607405/SRT:TsbPd!W:SRT.br: @575149429: RCV-DROPPED 1 packet(s). Packet seqno %1181182359 delayed for 0.340 ms
21:46:41.607484/SRT:TsbPd!W:SRT.br: @575149429: RCV-DROPPED 1 packet(s). Packet seqno %1181182373 delayed for 0.404 ms
[mpegts @ 0x5606808dadc0] PES packet size mismatch
[mpegts @ 0x5606808dadc0] Packet corrupt (stream = 1, dts = 905494).
[in#0/mpegts @ 0x5606808dacc0] corrupt input packet in stream 1
    Last message repeated 6 times
[mpegts @ 0x5606808dadc0] Packet corrupt (stream = 0, dts = 933859).
[in#0/mpegts @ 0x5606808dacc0] corrupt input packet in stream 0
[mpegts @ 0x560680a68740] AAC bitstream not in ADTS format and extradata missing
21:46:41.651785/SRT:TsbPd!W:SRT.br: @575149429: RCV-DROPPED 1 packet(s). Packet seqno %1181182388 delayed for 0.668 ms
21:46:41.688401/SRT:TsbPd!W:SRT.br: @575149429: RCV-DROPPED 1 packet(s). Packet seqno %1181182397 delayed for 0.060 ms
[mpegts @ 0x5606808dadc0] Packet corrupt (stream = 0, dts = 937459).
[in#0/mpegts @ 0x5606808dacc0] corrupt input packet in stream 0
21:46:41.733787/SRT:TsbPd!W:SRT.br: @575149429: RCV-DROPPED 1 packet(s). Packet seqno %1181182416 delayed for 0.094 ms
21:46:41.733841/SRT:TsbPd!W:SRT.br: @575149429: RCV-DROPPED 1 packet(s). Packet seqno %1181182420 delayed for 0.144 ms
21:46:41.733889/SRT:TsbPd!W:SRT.br: @575149429: RCV-DROPPED 1 packet(s). Packet seqno %1181182432 delayed for 0.170 ms
21:46:41.733914/SRT:TsbPd!W:SRT.br: @575149429: RCV-DROPPED 1 packet(s). Packet seqno %1181182434 delayed for 0.189 ms
[mpegts @ 0x5606808dadc0] Packet corrupt (stream = 0, dts = 944659).
[in#0/mpegts @ 0x5606808dacc0] corrupt input packet in stream 0
size=    3840kB time=00:00:09.01 bitrate=3489.0kbits/s speed=3.36x    21:46:41.772863/SRT:TsbPd!W:SRT.br: @575149429: RCV-DROPPED 1 packet(s). Packet seqno %1181182442 delayed for 0.386 ms
[mpegts @ 0x5606808dadc0] Packet corrupt (stream = 0, dts = 948259).
[in#0/mpegts @ 0x5606808dacc0] corrupt input packet in stream 0
21:46:41.807072/SRT:TsbPd!W:SRT.br: @575149429: RCV-DROPPED 1 packet(s). Packet seqno %1181182456 delayed for 0.382 ms
[mpegts @ 0x5606808dadc0] Packet corrupt (stream = 0, dts = 951859).
[in#0/mpegts @ 0x5606808dacc0] corrupt input packet in stream 0
21:46:41.847657/SRT:TsbPd!W:SRT.br: @575149429: RCV-DROPPED 1 packet(s). Packet seqno %1181182463 delayed for 0.405 ms
21:46:41.847734/SRT:TsbPd!W:SRT.br: @575149429: RCV-DROPPED 1 packet(s). Packet seqno %1181182483 delayed for 0.469 ms
[mpegts @ 0x5606808dadc0] Packet corrupt (stream = 0, dts = 955459).
[in#0/mpegts @ 0x5606808dacc0] corrupt input packet in stream 0
21:46:41.887736/SRT:TsbPd!W:SRT.br: @575149429: RCV-DROPPED 1 packet(s). Packet seqno %1181182491 delayed for 0.342 ms
[mpegts @ 0x5606808dadc0] Packet corrupt (stream = 0, dts = 959059).
[in#0/mpegts @ 0x5606808dacc0] corrupt input packet in stream 0
21:46:41.927054/SRT:TsbPd!W:SRT.br: @575149429: RCV-DROPPED 1 packet(s). Packet seqno %1181182505 delayed for 0.532 ms
21:46:41.967227/SRT:TsbPd!W:SRT.br: @575149429: RCV-DROPPED 2 packet(s). Packet seqno %1181182526 delayed for 0.167 ms
21:46:41.967392/SRT:TsbPd!W:SRT.br: @575149429: RCV-DROPPED 2 packet(s). Packet seqno %1181182530 delayed for 0.328 ms
[mpegts @ 0x5606808dadc0] Packet corrupt (stream = 0, dts = 962659).
[in#0/mpegts @ 0x5606808dacc0] corrupt input packet in stream 0
21:46:42.046546/SRT:TsbPd!W:SRT.br: @575149429: RCV-DROPPED 1 packet(s). Packet seqno %1181182562 delayed for 0.156 ms
[mpegts @ 0x5606808dadc0] Packet corrupt (stream = 0, dts = 973459).
[in#0/mpegts @ 0x5606808dacc0] corrupt input packet in stream 0
21:46:42.126833/SRT:TsbPd!W:SRT.br: @575149429: RCV-DROPPED 1 packet(s). Packet seqno %1181182585 delayed for 0.090 ms
[mpegts @ 0x5606808dadc0] PES packet size mismatch
[mpegts @ 0x5606808dadc0] Packet corrupt (stream = 1, dts = 951469).
[in#0/mpegts @ 0x5606808dacc0] corrupt input packet in stream 1
    Last message repeated 5 times
[mpegts @ 0x560680a68740] AAC bitstream not in ADTS format and extradata missing
[mpegts @ 0x5606808dadc0] Packet corrupt (stream = 0, dts = 977059).
[in#0/mpegts @ 0x5606808dacc0] corrupt input packet in stream 0
21:46:42.167718/SRT:TsbPd!W:SRT.br: @575149429: RCV-DROPPED 1 packet(s). Packet seqno %1181182606 delayed for 0.634 ms
21:46:42.167791/SRT:TsbPd!W:SRT.br: @575149429: RCV-DROPPED 1 packet(s). Packet seqno %1181182611 delayed for 0.707 ms
[mpegts @ 0x5606808dadc0] Packet corrupt (stream = 0, dts = 984259).
[in#0/mpegts @ 0x5606808dacc0] corrupt input packet in stream 0
21:46:42.206938/SRT:TsbPd!W:SRT.br: @575149429: RCV-DROPPED 1 packet(s). Packet seqno %1181182634 delayed for 0.324 ms
[mpegts @ 0x5606808dadc0] Packet corrupt (stream = 0, dts = 987859).
[in#0/mpegts @ 0x5606808dacc0] corrupt input packet in stream 0
21:46:42.246650/SRT:TsbPd!W:SRT.br: @575149429: RCV-DROPPED 1 packet(s). Packet seqno %1181182639 delayed for 0.197 ms
21:46:42.246703/SRT:TsbPd!W:SRT.br: @575149429: RCV-DROPPED 1 packet(s). Packet seqno %1181182642 delayed for 0.250 ms
[mpegts @ 0x5606808dadc0] Packet corrupt (stream = 0, dts = 991459).
[in#0/mpegts @ 0x5606808dacc0] corrupt input packet in stream 0
size=    4096kB time=00:00:09.57 bitrate=3503.9kbits/s speed=   3x    21:46:42.287593/SRT:TsbPd!W:SRT.br: @575149429: RCV-DROPPED 1 packet(s). Packet seqno %1181182653 delayed for 0.211 ms
21:46:42.287665/SRT:TsbPd!W:SRT.br: @575149429: RCV-DROPPED 1 packet(s). Packet seqno %1181182662 delayed for 0.269 ms
21:46:42.287696/SRT:TsbPd!W:SRT.br: @575149429: RCV-DROPPED 1 packet(s). Packet seqno %1181182665 delayed for 0.296 ms
21:46:42.287725/SRT:TsbPd!W:SRT.br: @575149429: RCV-DROPPED 1 packet(s). Packet seqno %1181182670 delayed for 0.317 ms
21:46:42.326904/SRT:TsbPd!W:SRT.br: @575149429: RCV-DROPPED 1 packet(s). Packet seqno %1181182678 delayed for 0.078 ms
21:46:42.327059/SRT:TsbPd!W:SRT.br: @575149429: RCV-DROPPED 1 packet(s). Packet seqno %1181182687 delayed for 0.228 ms
21:46:42.473068/SRT:TsbPd!W:SRT.br: @575149429: RCV-DROPPED 1 packet(s). Packet seqno %1181182689 delayed for 106.487 ms
21:46:42.473224/SRT:TsbPd!W:SRT.br: @575149429: RCV-DROPPED 1 packet(s). Packet seqno %1181182691 delayed for 106.649 ms
21:46:42.475802/SRT:TsbPd!W:SRT.br: @575149429: RCV-DROPPED 3 packet(s). Packet seqno %1181182700 delayed for 68.877 ms
[mpegts @ 0x5606808dadc0] Packet corrupt (stream = 0, dts = 995059).
[in#0/mpegts @ 0x5606808dacc0] corrupt input packet in stream 0
21:46:42.476602/SRT:TsbPd!W:SRT.br: @575149429: RCV-DROPPED 1 packet(s). Packet seqno %1181182702 delayed for 69.653 ms
21:46:42.477703/SRT:TsbPd!W:SRT.br: @575149429: RCV-DROPPED 1 packet(s). Packet seqno %1181182706 delayed for 70.745 ms
[mpegts @ 0x5606808dadc0] Packet corrupt (stream = 0, dts = 1005859).
[in#0/mpegts @ 0x5606808dacc0] corrupt input packet in stream 0
21:46:42.590430/SRT:TsbPd!W:SRT.br: @575149429: RCV-DROPPED 1 packet(s). Packet seqno %1181182735 delayed for 143.623 ms
[mpegts @ 0x5606808dadc0] Packet corrupt (stream = 0, dts = 1009459).
[in#0/mpegts @ 0x5606808dacc0] corrupt input packet in stream 0
21:46:42.611419/SRT:TsbPd!W:SRT.br: @575149429: RCV-DROPPED 1 packet(s). Packet seqno %1181182767 delayed for 84.659 ms
21:46:42.618657/SRT:TsbPd!W:SRT.br: @575149429: RCV-DROPPED 1 packet(s). Packet seqno %1181182775 delayed for 91.888 ms
[mpegts @ 0x5606808dadc0] Packet corrupt (stream = 0, dts = 1016659).
[in#0/mpegts @ 0x5606808dacc0] corrupt input packet in stream 0
21:46:42.626195/SRT:TsbPd!W:SRT.br: @575149429: RCV-DROPPED 1 packet(s). Packet seqno %1181182787 delayed for 60.032 ms
[mpegts @ 0x5606808dadc0] Packet corrupt (stream = 0, dts = 1020259).
[in#0/mpegts @ 0x5606808dacc0] corrupt input packet in stream 0
21:46:42.631957/SRT:TsbPd!W:SRT.br: @575149429: RCV-DROPPED 1 packet(s). Packet seqno %1181182797 delayed for 25.189 ms
[mpegts @ 0x5606808dadc0] Packet corrupt (stream = 0, dts = 1023859).
[in#0/mpegts @ 0x5606808dacc0] corrupt input packet in stream 0
21:46:42.647385/SRT:TsbPd!W:SRT.br: @575149429: RCV-DROPPED 1 packet(s). Packet seqno %1181182814 delayed for 0.358 ms
21:46:42.647467/SRT:TsbPd!W:SRT.br: @575149429: RCV-DROPPED 1 packet(s). Packet seqno %1181182816 delayed for 0.444 ms
21:46:42.647496/SRT:TsbPd!W:SRT.br: @575149429: RCV-DROPPED 1 packet(s). Packet seqno %1181182818 delayed for 0.470 ms
21:46:42.647531/SRT:TsbPd!W:SRT.br: @575149429: RCV-DROPPED 1 packet(s). Packet seqno %1181182822 delayed for 0.501 ms
[mpegts @ 0x5606808dadc0] Packet corrupt (stream = 0, dts = 1027459)21:46:42.686973/SRT:TsbPd!W:SRT.br: @575149429: RCV-DROPPED 1 packet(s). Packet seqno %1181182832 delayed for 0.105 ms
.
[in#0/mpegts @ 0x5606808dacc0] corrupt input packet in stream 0
21:46:42.687143/SRT:TsbPd!W:SRT.br: @575149429: RCV-DROPPED 1 packet(s). Packet seqno %1181182837 delayed for 0.272 ms
21:46:42.687179/SRT:TsbPd!W:SRT.br: @575149429: RCV-DROPPED 1 packet(s). Packet seqno %1181182839 delayed for 0.304 ms
[mpegts @ 0x5606808dadc0] Packet corrupt (stream = 0, dts = 1031059).
[in#0/mpegts @ 0x5606808dacc0] corrupt input packet in stream 0
21:46:42.767506/SRT:TsbPd!W:SRT.br: @575149429: RCV-DROPPED 1 packet(s). Packet seqno %1181182864 delayed for 0.325 ms
21:46:42.767681/SRT:TsbPd!W:SRT.br: @575149429: RCV-DROPPED 1 packet(s). Packet seqno %1181182873 delayed for 0.491 ms
21:46:42.808110/SRT:TsbPd!W:SRT.br: @575149429: RCV-DROPPED 1 packet(s). Packet seqno %1181182880 delayed for 0.092 ms
21:46:42.808270/SRT:TsbPd!W:SRT.br: @575149429: RCV-DROPPED 1 packet(s). Packet seqno %1181182883 delayed for 0.231 ms
21:46:42.847680/SRT:TsbPd!W:SRT.br: @575149429: RCV-DROPPED 1 packet(s). Packet seqno %1181182892 delayed for 0.070 ms
[mpegts @ 0x5606808dadc0] Packet corrupt (stream = 0, dts = 1038259).
[in#0/mpegts @ 0x5606808dacc0] corrupt input packet in stream 0
size=    4352kB time=00:00:10.09 bitrate=3531.2kbits/s speed=2.72x    21:46:42.889121/SRT:TsbPd!W:SRT.br: @575149429: RCV-DROPPED 1 packet(s). Packet seqno %1181182907 delayed for 0.311 ms
21:46:42.889401/SRT:TsbPd!W:SRT.br: @575149429: RCV-DROPPED 1 packet(s). Packet seqno %1181182928 delayed for 0.567 ms
[mpegts @ 0x5606808dadc0] Packet corrupt (stream = 0, dts = 1049059).
[in#0/mpegts @ 0x5606808dacc0] corrupt input packet in stream 0
21:46:42.967234/SRT:TsbPd!W:SRT.br: @575149429: RCV-DROPPED 1 packet(s). Packet seqno %1181182946 delayed for 0.446 ms
21:46:43.006742/SRT:TsbPd!W:SRT.br: @575149429: RCV-DROPPED 2 packet(s). Packet seqno %1181182954 delayed for 0.058 ms
21:46:43.006939/SRT:TsbPd!W:SRT.br: @575149429: RCV-DROPPED 1 packet(s). Packet seqno %1181182968 delayed for 0.241 ms
21:46:43.006987/SRT:TsbPd!W:SRT.br: @575149429: RCV-DROPPED 1 packet(s). Packet seqno %1181182971 delayed for 0.287 ms
[mpegts @ 0x5606808dadc0] Packet corrupt (stream = 0, dts = 1056259).
[in#0/mpegts @ 0x5606808dacc0] corrupt input packet in stream 0
21:46:43.047686/SRT:TsbPd!W:SRT.br: @575149429: RCV-DROPPED 1 packet(s). Packet seqno %1181182983 delayed for 0.290 ms
21:46:43.047760/SRT:TsbPd!W:SRT.br: @575149429: RCV-DROPPED 1 packet(s). Packet seqno %1181182987 delayed for 0.363 ms
[mpegts @ 0x5606808dadc0] Packet corrupt (stream = 0, dts = 1063459).
[in#0/mpegts @ 0x5606808dacc0] corrupt input packet in stream 0
21:46:43.126340/SRT:TsbPd!W:SRT.br: @575149429: RCV-DROPPED 1 packet(s). Packet seqno %1181182999 delayed for 0.067 ms
21:46:43.126625/SRT:TsbPd!W:SRT.br: @575149429: RCV-DROPPED 1 packet(s). Packet seqno %1181183002 delayed for 0.346 ms
[mpegts @ 0x5606808dadc0] Packet corrupt (stream = 0, dts = 1067059).
[in#0/mpegts @ 0x5606808dacc0] corrupt input packet in stream 0
21:46:43.126812/SRT:TsbPd!W:SRT.br: @575149429: RCV-DROPPED 1 packet(s). Packet seqno %1181183008 delayed for 0.526 ms
21:46:43.126925/SRT:TsbPd!W:SRT.br: @575149429: RCV-DROPPED 1 packet(s). Packet seqno %1181183010 delayed for 0.637 ms
21:46:43.127000/SRT:TsbPd!W:SRT.br: @575149429: RCV-DROPPED 1 packet(s). Packet seqno %1181183018 delayed for 0.703 ms
21:46:43.127058/SRT:TsbPd!W:SRT.br: @575149429: RCV-DROPPED 1 packet(s). Packet seqno %1181183022 delayed for 0.757 ms
[mpegts @ 0x5606808dadc0] Packet corrupt (stream = 0, dts = 1070659).
[in#0/mpegts @ 0x5606808dacc0] corrupt input packet in stream 0
21:46:43.247168/SRT:TsbPd!W:SRT.br: @575149429: RCV-DROPPED 1 packet(s). Packet seqno %1181183055 delayed for 0.237 ms
21:46:43.247292/SRT:TsbPd!W:SRT.br: @575149429: RCV-DROPPED 1 packet(s). Packet seqno %1181183064 delayed for 0.345 ms
[mpegts @ 0x5606808dadc0] PES packet size mismatch
[mpegts @ 0x5606808dadc0] Packet corrupt (stream = 1, dts = 1053869).
[in#0/mpegts @ 0x5606808dacc0] corrupt input packet in stream 1
    Last message repeated 3 times
size=    4352kB time=00:00:10.53 bitrate=3383.7kbits/s speed=2.49x    [in#0/mpegts @ 0x5606808dacc0] corrupt input packet in stream 1
    Last message repeated 1 times
[mpegts @ 0x560680a68740] AAC bitstream not in ADTS format and extradata missing
[mpegts @ 0x5606808dadc0] Packet corrupt (stream = 0, dts = 1081459).
[in#0/mpegts @ 0x5606808dacc0] corrupt input packet in stream 0
21:46:43.328784/SRT:TsbPd!W:SRT.br: @575149429: RCV-DROPPED 1 packet(s). Packet seqno %1181183093 delayed for 0.249 ms
21:46:43.328901/SRT:TsbPd!W:SRT.br: @575149429: RCV-DROPPED 1 packet(s). Packet seqno %1181183098 delayed for 0.364 ms
[mpegts @ 0x5606808dadc0] Packet corrupt (stream = 0, dts = 1088659).
[in#0/mpegts @ 0x5606808dacc0] corrupt input packet in stream 0
21:46:43.367922/SRT:TsbPd!W:SRT.br: @575149429: RCV-DROPPED 1 packet(s). Packet seqno %1181183102 delayed for 0.310 ms
21:46:43.368026/SRT:TsbPd!W:SRT.br: @575149429: RCV-DROPPED 1 packet(s). Packet seqno %1181183105 delayed for 0.412 ms
21:46:43.368091/SRT:TsbPd!W:SRT.br: @575149429: RCV-DROPPED 1 packet(s). Packet seqno %1181183109 delayed for 0.474 ms
21:46:43.368155/SRT:TsbPd!W:SRT.br: @575149429: RCV-DROPPED 1 packet(s). Packet seqno %1181183113 delayed for 0.534 ms
21:46:43.368209/SRT:TsbPd!W:SRT.br: @575149429: RCV-DROPPED 3 packet(s). Packet seqno %1181183121 delayed for 0.579 ms
21:46:43.407501/SRT:TsbPd!W:SRT.br: @575149429: RCV-DROPPED 1 packet(s). Packet seqno %1181183124 delayed for 0.079 ms
21:46:43.407697/SRT:TsbPd!W:SRT.br: @575149429: RCV-DROPPED 1 packet(s). Packet seqno %1181183131 delayed for 0.275 ms
[mpegts @ 0x5606808dadc0] Packet corrupt (stream = 0, dts = 1092259).
21:46:43.446465/SRT:TsbPd!W:SRT.br: @575149429: RCV-DROPPED 1 packet(s). Packet seqno %1181183139 delayed for 0.277 ms
[in#0/mpegts @ 0x5606808dacc0] corrupt input packet in stream 0
21:46:43.446569/SRT:TsbPd!W:SRT.br: @575149429: RCV-DROPPED 1 packet(s). Packet seqno %1181183146 delayed for 0.373 ms
[mpegts @ 0x5606808dadc0] Packet corrupt (stream = 0, dts = 1099459).
[in#0/mpegts @ 0x5606808dacc0] corrupt input packet in stream 0
21:46:43.487029/SRT:TsbPd!W:SRT.br: @575149429: RCV-DROPPED 1 packet(s). Packet seqno %1181183163 delayed for 0.225 ms
[mpegts @ 0x5606808dadc0] Packet corrupt (stream = 0, dts = 1103059).
21:46:43.527706/SRT:TsbPd!W:SRT.br: @575149429: RCV-DROPPED 1 packet(s). Packet seqno %1181183170 delayed for 0.188 ms
[in#0/mpegts @ 0x5606808dacc0] corrupt input packet in stream 0
21:46:43.527870/SRT:TsbPd!W:SRT.br: @575149429: RCV-DROPPED 1 packet(s). Packet seqno %1181183173 delayed for 0.354 ms
21:46:43.528024/SRT:TsbPd!W:SRT.br: @575149429: RCV-DROPPED 1 packet(s). Packet seqno %1181183188 delayed for 0.486 ms
21:46:43.528858/SRT:TsbPd!W:SRT.br: @575149429: RCV-DROPPED 1 packet(s). Packet seqno %1181183210 delayed for 1.298 ms
[mpegts @ 0x5606808dadc0] Packet corrupt (stream = 0, dts = 1106659).
[in#0/mpegts @ 0x5606808dacc0] corrupt input packet in stream 0
21:46:43.567486/SRT:TsbPd!W:SRT.br: @575149429: RCV-DROPPED 1 packet(s). Packet seqno %1181183225 delayed for 0.306 ms
[mpegts @ 0x5606808dadc0] Packet corrupt (stream = 0, dts = 1110259).
[in#0/mpegts @ 0x5606808dacc0] corrupt input packet in stream 0
21:46:43.647053/SRT:TsbPd!W:SRT.br: @575149429: RCV-DROPPED 1 packet(s). Packet seqno %1181183260 delayed for 0.213 ms
21:46:43.647199/SRT:TsbPd!W:SRT.br: @575149429: RCV-DROPPED 1 packet(s). Packet seqno %1181183263 delayed for 0.361 ms
21:46:43.647305/SRT:TsbPd!W:SRT.br: @575149429: RCV-DROPPED 1 packet(s). Packet seqno %1181183271 delayed for 0.458 ms
21:46:43.647376/SRT:TsbPd!W:SRT.br: @575149429: RCV-DROPPED 1 packet(s). Packet seqno %1181183279 delayed for 0.507 ms
[mpegts @ 0x5606808dadc0] Packet corrupt (stream = 0, dts = 1117459).
[in#0/mpegts @ 0x5606808dacc0] corrupt input packet in stream 0
21:46:43.766646/SRT:TsbPd!W:SRT.br: @575149429: RCV-DROPPED 1 packet(s). Packet seqno %1181183298 delayed for 0.059 ms
[mpegts @ 0x5606808dadc0] Packet corrupt (stream = 0, dts = 1124659).
[in#0/mpegts @ 0x5606808dacc0] corrupt input packet in stream 0
21:46:43.767005/SRT:TsbPd!W:SRT.br: @575149429: RCV-DROPPED 1 packet(s). Packet seqno %1181183309 delayed for 0.392 ms
21:46:43.767039/SRT:TsbPd!W:SRT.br: @575149429: RCV-DROPPED 1 packet(s). Packet seqno %1181183315 delayed for 0.420 ms
21:46:43.767068/SRT:TsbPd!W:SRT.br: @575149429: RCV-DROPPED 1 packet(s). Packet seqno %1181183322 delayed for 0.442 ms
[mpegts @ 0x5606808dadc0] Packet corrupt (stream = 0, dts = 1128259).
[in#0/mpegts @ 0x5606808dacc0] corrupt input packet in stream 0
21:46:43.807320/SRT:TsbPd!W:SRT.br: @575149429: RCV-DROPPED 1 packet(s). Packet seqno %1181183333 delayed for 0.260 ms
[mpegts @ 0x5606808dadc0] Packet corrupt (stream = 0, dts = 1131859).
21:46:43.847075/SRT:TsbPd!W:SRT.br: @575149429: RCV-DROPPED 1 packet(s). Packet seqno %1181183338 delayed for 0.167 ms
[in#0/mpegts @ 0x5606808dacc0] corrupt input packet in stream 0
21:46:43.847222/SRT:TsbPd!W:SRT.br: @575149429: RCV-DROPPED 1 packet(s). Packet seqno %1181183344 delayed for 0.302 ms
size=    4864kB time=00:00:11.13 bitrate=3578.0kbits/s speed=2.34x    [mpegts @ 0x5606808dadc0] Packet corrupt (stream = 0, dts = 1135459).
[in#0/mpegts @ 0x5606808dacc0] corrupt input packet in stream 0
21:46:43.887358/SRT:TsbPd!W:SRT.br: @575149429: RCV-DROPPED 1 packet(s). Packet seqno %1181183366 delayed for 0.287 ms
[mpegts @ 0x5606808dadc0] Packet corrupt (stream = 0, dts = 1139059).
[in#0/mpegts @ 0x5606808dacc0] corrupt input packet in stream 0
21:46:43.928161/SRT:TsbPd!W:SRT.br: @575149429: RCV-DROPPED 1 packet(s). Packet seqno %1181183380 delayed for 0.767 ms
21:46:43.928222/SRT:TsbPd!W:SRT.br: @575149429: RCV-DROPPED 1 packet(s). Packet seqno %1181183382 delayed for 0.833 ms
[mpegts @ 0x5606808dadc0] Packet corrupt (stream = 0, dts = 1142659).
[in#0/mpegts @ 0x5606808dacc0] corrupt input packet in stream 0
21:46:43.966674/SRT:TsbPd!W:SRT.br: @575149429: RCV-DROPPED 3 packet(s). Packet seqno %1181183391 delayed for 0.275 ms
[mpegts @ 0x5606808dadc0] Packet corrupt (stream = 0, dts = 1146259).
[in#0/mpegts @ 0x5606808dacc0] corrupt input packet in stream 0
21:46:44.006655/SRT:TsbPd!W:SRT.br: @575149429: RCV-DROPPED 1 packet(s). Packet seqno %1181183398 delayed for 0.209 ms
21:46:44.006739/SRT:TsbPd!W:SRT.br: @575149429: RCV-DROPPED 1 packet(s). Packet seqno %1181183416 delayed for 0.278 ms
21:46:44.006773/SRT:TsbPd!W:SRT.br: @575149429: RCV-DROPPED 1 packet(s). Packet seqno %1181183420 delayed for 0.308 ms
[mpegts @ 0x5606808dadc0] Packet corrupt (stream = 0, dts = 1149859).
[in#0/mpegts @ 0x5606808dacc0] corrupt input packet in stream 0
21:46:44.087026/SRT:TsbPd!W:SRT.br: @575149429: RCV-DROPPED 1 packet(s). Packet seqno %1181183434 delayed for 0.096 ms
21:46:44.087238/SRT:TsbPd!W:SRT.br: @575149429: RCV-DROPPED 1 packet(s). Packet seqno %1181183436 delayed for 0.310 ms
[mpegts @ 0x5606808dadc0] Packet corrupt (stream = 0, dts = 1153459).
[in#0/mpegts @ 0x5606808dacc0] corrupt input packet in stream 0
21:46:44.126763/SRT:TsbPd!W:SRT.br: @575149429: RCV-DROPPED 1 packet(s). Packet seqno %1181183446 delayed for 0.183 ms
21:46:44.126812/SRT:TsbPd!W:SRT.br: @575149429: RCV-DROPPED 3 packet(s). Packet seqno %1181183451 delayed for 0.227 ms
21:46:44.126850/SRT:TsbPd!W:SRT.br: @575149429: RCV-DROPPED 1 packet(s). Packet seqno %1181183465 delayed for 0.246 ms
[mpegts @ 0x5606808dadc0] Packet corrupt (stream = 0, dts = 1160659).
[in#0/mpegts @ 0x5606808dacc0] corrupt input packet in stream 0
21:46:44.207430/SRT:TsbPd!W:SRT.br: @575149429: RCV-DROPPED 1 packet(s). Packet seqno %1181183480 delayed for 0.083 ms
21:46:44.207584/SRT:TsbPd!W:SRT.br: @575149429: RCV-DROPPED 1 packet(s). Packet seqno %1181183488 delayed for 0.233 ms
[mpegts @ 0x5606808dadc0] Packet corrupt (stream = 0, dts = 1167859).
[in#0/mpegts @ 0x5606808dacc0] corrupt input packet in stream 0
21:46:44.247466/SRT:TsbPd!W:SRT.br: @575149429: RCV-DROPPED 1 packet(s). Packet seqno %1181183505 delayed for 0.547 ms
21:46:44.247551/SRT:TsbPd!W:SRT.br: @575149429: RCV-DROPPED 1 packet(s). Packet seqno %1181183513 delayed for 0.623 ms
21:46:44.247599/SRT:TsbPd!W:SRT.br: @575149429: RCV-DROPPED 1 packet(s). Packet seqno %1181183515 delayed for 0.659 ms
[mpegts @ 0x5606808dadc0] Packet corrupt (stream = 0, dts = 1171459).
21:46:44.287667/SRT:TsbPd!W:SRT.br: @575149429: RCV-DROPPED 1 packet(s). Packet seqno %1181183520 delayed for 0.138 ms
[in#0/mpegts @ 0x5606808dacc0] corrupt input packet in stream 0
[mpegts @ 0x5606808dadc0] Packet corrupt (stream = 0, dts = 1175059).
[in#0/mpegts @ 0x5606808dacc0] corrupt input packet in stream 0
size=    5120kB time=00:00:11.65 bitrate=3598.3kbits/s speed=2.21x    21:46:44.367111/SRT:TsbPd!W:SRT.br: @575149429: RCV-DROPPED 1 packet(s). Packet seqno %1181183541 delayed for 0.135 ms
21:46:44.367235/SRT:TsbPd!W:SRT.br: @575149429: RCV-DROPPED 1 packet(s). Packet seqno %1181183544 delayed for 0.260 ms
21:46:44.367316/SRT:TsbPd!W:SRT.br: @575149429: RCV-DROPPED 1 packet(s). Packet seqno %1181183566 delayed for 0.320 ms
[mpegts @ 0x5606808dadc0] Packet corrupt (stream = 0, dts = 1182259).
[in#0/mpegts @ 0x5606808dacc0] corrupt input packet in stream 0
21:46:44.407157/SRT:TsbPd!W:SRT.br: @575149429: RCV-DROPPED 1 packet(s). Packet seqno %1181183587 delayed for 0.315 ms
[mpegts @ 0x5606808dadc0] Packet corrupt (stream = 0, dts = 1185859).
[in#0/mpegts @ 0x5606808dacc0] corrupt input packet in stream 0
21:46:44.527291/SRT:TsbPd!W:SRT.br: @575149429: RCV-DROPPED 1 packet(s). Packet seqno %1181183631 delayed for 0.188 ms
21:46:44.527415/SRT:TsbPd!W:SRT.br: @575149429: RCV-DROPPED 1 packet(s). Packet seqno %1181183635 delayed for 0.315 ms
[mpegts @ 0x5606808dadc0] Packet corrupt (stream = 0, dts = 1196659).
[in#0/mpegts @ 0x5606808dacc0] corrupt input packet in stream 0
21:46:44.567691/SRT:TsbPd!W:SRT.br: @575149429: RCV-DROPPED 2 packet(s). Packet seqno %1181183658 delayed for 0.372 ms
[mpegts @ 0x5606808dadc0] Packet corrupt (stream = 0, dts = 1200259).
[in#0/mpegts @ 0x5606808dacc0] corrupt input packet in stream 0
21:46:44.606937/SRT:TsbPd!W:SRT.br: @575149429: RCV-DROPPED 1 packet(s). Packet seqno %1181183683 delayed for 0.315 ms
[mpegts @ 0x5606808dadc0] Packet corrupt (stream = 0, dts = 1203859).
[in#0/mpegts @ 0x5606808dacc0] corrupt input packet in stream 0
21:46:44.647289/SRT:TsbPd!W:SRT.br: @575149429: RCV-DROPPED 1 packet(s). Packet seqno %1181183700 delayed for 0.288 ms
[mpegts @ 0x5606808dadc0] Packet corrupt (stream = 0, dts = 1207459).
[in#0/mpegts @ 0x5606808dacc0] corrupt input packet in stream 0
21:46:44.687813/SRT:TsbPd!W:SRT.br: @575149429: RCV-DROPPED 1 packet(s). Packet seqno %1181183716 delayed for 0.235 ms
21:46:44.687860/SRT:TsbPd!W:SRT.br: @575149429: RCV-DROPPED 1 packet(s). Packet seqno %1181183721 delayed for 0.280 ms
[mpegts @ 0x5606808dadc0] Packet corrupt (stream = 0, dts = 1211059).
[in#0/mpegts @ 0x5606808dacc0] corrupt input packet in stream 0
21:46:44.727799/SRT:TsbPd!W:SRT.br: @575149429: RCV-DROPPED 1 packet(s). Packet seqno %1181183738 delayed for 0.219 ms
[mpegts @ 0x5606808dadc0] Packet corrupt (stream = 0, dts = 1214659).
[in#0/mpegts @ 0x5606808dacc0] corrupt input packet in stream 0
21:46:44.767388/SRT:TsbPd!W:SRT.br: @575149429: RCV-DROPPED 1 packet(s). Packet seqno %1181183759 delayed for 0.507 ms
21:46:44.767461/SRT:TsbPd!W:SRT.br: @575149429: RCV-DROPPED 1 packet(s). Packet seqno %1181183764 delayed for 0.578 ms
21:46:44.810811/SRT:TsbPd!W:SRT.br: @575149429: RCV-DROPPED 1 packet(s). Packet seqno %1181183768 delayed for 0.088 ms
[mpegts @ 0x5606808dadc0] Packet corrupt (stream = 0, dts = 1218259).
[in#0/mpegts @ 0x5606808dacc0] corrupt input packet in stream 0
21:46:44.847387/SRT:TsbPd!W:SRT.br: @575149429: RCV-DROPPED 1 packet(s). Packet seqno %1181183785 delayed for 0.267 ms
21:46:44.847453/SRT:TsbPd!W:SRT.br: @575149429: RCV-DROPPED 1 packet(s). Packet seqno %1181183797 delayed for 0.324 ms
21:46:44.847526/SRT:TsbPd!W:SRT.br: @575149429: RCV-DROPPED 1 packet(s). Packet seqno %1181183803 delayed for 0.395 ms
[mpegts @ 0x5606808dadc0] Packet corrupt (stream = 0, dts = 1225459).
[in#0/mpegts @ 0x5606808dacc0] corrupt input packet in stream 0
size=    5376kB time=00:00:12.13 bitrate=3628.8kbits/s speed=2.09x    21:46:44.926838/SRT:TsbPd!W:SRT.br: @575149429: RCV-DROPPED 1 packet(s). Packet seqno %1181183822 delayed for 0.230 ms
[mpegts @ 0x5606808dadc0] Packet corrupt (stream = 0, dts = 1232659).
[in#0/mpegts @ 0x5606808dacc0] corrupt input packet in stream 0
21:46:44.967462/SRT:TsbPd!W:SRT.br: @575149429: RCV-DROPPED 1 packet(s). Packet seqno %1181183833 delayed for 0.302 ms
21:46:44.967525/SRT:TsbPd!W:SRT.br: @575149429: RCV-DROPPED 1 packet(s). Packet seqno %1181183842 delayed for 0.361 ms
[mpegts @ 0x5606808dadc0] Packet corrupt (stream = 0, dts = 1236259).
[in#0/mpegts @ 0x5606808dacc0] corrupt input packet in stream 0
21:46:45.007196/SRT:TsbPd!W:SRT.br: @575149429: RCV-DROPPED 1 packet(s). Packet seqno %1181183865 delayed for 0.263 ms
[mpegts @ 0x5606808dadc0] Packet corrupt (stream = 0, dts = 1239859).
[in#0/mpegts @ 0x5606808dacc0] corrupt input packet in stream 0
21:46:45.086998/SRT:TsbPd!W:SRT.br: @575149429: RCV-DROPPED 1 packet(s). Packet seqno %1181183877 delayed for 0.098 ms
21:46:45.087230/SRT:TsbPd!W:SRT.br: @575149429: RCV-DROPPED 1 packet(s). Packet seqno %1181183883 delayed for 0.315 ms
21:46:45.087381/SRT:TsbPd!W:SRT.br: @575149429: RCV-DROPPED 1 packet(s). Packet seqno %1181183892 delayed for 0.460 ms
[mpegts @ 0x5606808dadc0] Packet corrupt (stream = 0, dts = 1247059).
[in#0/mpegts @ 0x5606808dacc0] corrupt input packet in stream 0
21:46:45.127023/SRT:TsbPd!W:SRT.br: @575149429: RCV-DROPPED 1 packet(s). Packet seqno %1181183914 delayed for 0.196 ms
[mpegts @ 0x5606808dadc0] Packet corrupt (stream = 0, dts = 1250659).
[in#0/mpegts @ 0x5606808dacc0] corrupt input packet in stream 0
21:46:45.210490/SRT:TsbPd!W:SRT.br: @575149429: RCV-DROPPED 1 packet(s). Packet seqno %1181183941 delayed for 0.078 ms
21:46:45.210595/SRT:TsbPd!W:SRT.br: @575149429: RCV-DROPPED 1 packet(s). Packet seqno %1181183949 delayed for 0.175 ms
21:46:45.210754/SRT:TsbPd!W:SRT.br: @575149429: RCV-DROPPED 1 packet(s). Packet seqno %1181183952 delayed for 0.330 ms
21:46:45.247396/SRT:TsbPd!W:SRT.br: @575149429: RCV-DROPPED 1 packet(s). Packet seqno %1181183958 delayed for 0.187 ms
21:46:45.247928/SRT:TsbPd!W:SRT.br: @575149429: RCV-DROPPED 1 packet(s). Packet seqno %1181183960 delayed for 0.718 ms
21:46:45.248016/SRT:TsbPd!W:SRT.br: @575149429: RCV-DROPPED 1 packet(s). Packet seqno %1181183964 delayed for 0.801 ms
[mpegts @ 0x5606808dadc0] Packet corrupt (stream = 0, dts = 1254259).
[in#0/mpegts @ 0x5606808dacc0] corrupt input packet in stream 0
21:46:45.287047/SRT:TsbPd!W:SRT.br: @575149429: RCV-DROPPED 2 packet(s). Packet seqno %1181183987 delayed for 0.266 ms
[mpegts @ 0x5606808dadc0] Packet corrupt (stream = 0, dts = 1265059).
[in#0/mpegts @ 0x5606808dacc0] corrupt input packet in stream 0
21:46:45.327591/SRT:TsbPd!W:SRT.br: @575149429: RCV-DROPPED 1 packet(s). Packet seqno %1181183995 delayed for 0.625 ms
21:46:45.327727/SRT:TsbPd!W:SRT.br: @575149429: RCV-DROPPED 1 packet(s). Packet seqno %1181183997 delayed for 0.765 ms
21:46:45.327790/SRT:TsbPd!W:SRT.br: @575149429: RCV-DROPPED 1 packet(s). Packet seqno %1181184007 delayed for 0.816 ms
21:46:45.327835/SRT:TsbPd!W:SRT.br: @575149429: RCV-DROPPED 1 packet(s). Packet seqno %1181184009 delayed for 0.860 ms
[mpegts @ 0x5606808dadc0] Packet corrupt (stream = 0, dts = 1268659).
[in#0/mpegts @ 0x5606808dacc0] corrupt input packet in stream 0
21:46:45.367468/SRT:TsbPd!W:SRT.br: @575149429: RCV-DROPPED 1 packet(s). Packet seqno %1181184017 delayed for 0.429 ms
21:46:45.407852/SRT:TsbPd!W:SRT.br: @575149429: RCV-DROPPED 1 packet(s). Packet seqno %1181184023 delayed for 0.163 ms
[mpegts @ 0x5606808dadc0] Packet corrupt (stream = 0, dts = 1272259).
[in#0/mpegts @ 0x5606808dacc0] corrupt input packet in stream 0
size=    5632kB time=00:00:12.69 bitrate=3633.9kbits/s speed=2.01x    21:46:45.447169/SRT:TsbPd!W:SRT.br: @575149429: RCV-DROPPED 1 packet(s). Packet seqno %1181184040 delayed for 0.160 ms
21:46:45.447291/SRT:TsbPd!W:SRT.br: @575149429: RCV-DROPPED 1 packet(s). Packet seqno %1181184042 delayed for 0.286 ms
[mpegts @ 0x5606808dadc0] Packet corrupt (stream = 0, dts = 1279459).
[in#0/mpegts @ 0x5606808dacc0] corrupt input packet in stream 0
21:46:45.487682/SRT:TsbPd!W:SRT.br: @575149429: RCV-DROPPED 2 packet(s). Packet seqno %1181184053 delayed for 0.318 ms
21:46:45.487792/SRT:TsbPd!W:SRT.br: @575149429: RCV-DROPPED 1 packet(s). Packet seqno %1181184080 delayed for 0.415 ms
[mpegts @ 0x5606808dadc0] Packet corrupt (stream = 0, dts = 1283059).
[in#0/mpegts @ 0x5606808dacc0] corrupt input packet in stream 0
21:46:45.527943/SRT:TsbPd!W:SRT.br: @575149429: RCV-DROPPED 1 packet(s). Packet seqno %1181184104 delayed for 0.269 ms
21:46:45.567824/SRT:TsbPd!W:SRT.br: @575149429: RCV-DROPPED 1 packet(s). Packet seqno %1181184110 delayed for 0.076 ms
[mpegts @ 0x5606808dadc0] Packet corrupt (stream = 1, dts = 1258669).
[in#0/mpegts @ 0x5606808dacc0] corrupt input packet in stream 1
    Last message repeated 6 times
[mpegts @ 0x560680a68740] AAC bitstream not in ADTS format and extradata missing
[mpegts @ 0x5606808dadc0] Packet corrupt (stream = 0, dts = 1286659).
[in#0/mpegts @ 0x5606808dacc0] corrupt input packet in stream 0
21:46:45.609457/SRT:TsbPd!W:SRT.br: @575149429: RCV-DROPPED 1 packet(s). Packet seqno %1181184120 delayed for 0.063 ms
[mpegts @ 0x5606808dadc0] Packet corrupt (stream = 0, dts = 1290259).
[in#0/mpegts @ 0x5606808dacc0] corrupt input packet in stream 0
21:46:45.647737/SRT:TsbPd!W:SRT.br: @575149429: RCV-DROPPED 1 packet(s). Packet seqno %1181184141 delayed for 0.083 ms
21:46:45.687276/SRT:TsbPd!W:SRT.br: @575149429: RCV-DROPPED 1 packet(s). Packet seqno %1181184149 delayed for 0.097 ms
21:46:45.687443/SRT:TsbPd!W:SRT.br: @575149429: RCV-DROPPED 1 packet(s). Packet seqno %1181184151 delayed for 0.261 ms
[mpegts @ 0x5606808dadc0] Packet corrupt (stream = 0, dts = 1293859).
[in#0/mpegts @ 0x5606808dacc0] corrupt input packet in stream 0
21:46:45.687682/SRT:TsbPd!W:SRT.br: @575149429: RCV-DROPPED 1 packet(s). Packet seqno %1181184155 delayed for 0.493 ms
[mpegts @ 0x5606808dadc0] Packet corrupt (stream = 0, dts = 1301059).
[in#0/mpegts @ 0x5606808dacc0] corrupt input packet in stream 0
[mpegts @ 0x560680a68740] AAC bitstream not in ADTS format and extradata missing
21:46:45.807236/SRT:TsbPd!W:SRT.br: @575149429: RCV-DROPPED 2 packet(s). Packet seqno %1181184197 delayed for 0.228 ms
[mpegts @ 0x5606808dadc0] Packet corrupt (stream = 0, dts = 1311859).
[in#0/mpegts @ 0x5606808dacc0] corrupt input packet in stream 0
size=    5888kB time=00:00:13.13 bitrate=3671.9kbits/s speed=1.92x    21:46:45.887217/SRT:TsbPd!W:SRT.br: @575149429: RCV-DROPPED 1 packet(s). Packet seqno %1181184224 delayed for 0.495 ms
[mpegts @ 0x5606808dadc0] Packet corrupt (stream = 0, dts = 1319059).
[in#0/mpegts @ 0x5606808dacc0] corrupt input packet in stream 0
21:46:45.927148/SRT:TsbPd!W:SRT.br: @575149429: RCV-DROPPED 1 packet(s). Packet seqno %1181184247 delayed for 0.255 ms
[mpegts @ 0x5606808dadc0] Packet corrupt (stream = 0, dts = 1322659).
[in#0/mpegts @ 0x5606808dacc0] corrupt input packet in stream 0
21:46:45.967171/SRT:TsbPd!W:SRT.br: @575149429: RCV-DROPPED 1 packet(s). Packet seqno %1181184253 delayed for 0.250 ms
[mpegts @ 0x5606808dadc0] Packet corrupt (stream = 0, dts = 1326259).
[in#0/mpegts @ 0x5606808dacc0] corrupt input packet in stream 0
21:46:46.007450/SRT:TsbPd!W:SRT.br: @575149429: RCV-DROPPED 1 packet(s). Packet seqno %1181184264 delayed for 0.332 ms
21:46:46.046573/SRT:TsbPd!W:SRT.br: @575149429: RCV-DROPPED 1 packet(s). Packet seqno %1181184269 delayed for 0.079 ms
[mpegts @ 0x5606808dadc0] Packet corrupt (stream = 0, dts = 1329859).
[in#0/mpegts @ 0x5606808dacc0] corrupt input packet in stream 0
21:46:46.047093/SRT:TsbPd!W:SRT.br: @575149429: RCV-DROPPED 1 packet(s). Packet seqno %1181184277 delayed for 0.579 ms
21:46:46.047152/SRT:TsbPd!W:SRT.br: @575149429: RCV-DROPPED 1 packet(s). Packet seqno %1181184279 delayed for 0.641 ms
[mpegts @ 0x5606808dadc0] Packet corrupt (stream = 0, dts = 1333459).
[in#0/mpegts @ 0x5606808dacc0] corrupt input packet in stream 0
21:46:46.127027/SRT:TsbPd!W:SRT.br: @575149429: RCV-DROPPED 1 packet(s). Packet seqno %1181184302 delayed for 0.067 ms
[mpegts @ 0x5606808dadc0] Packet corrupt (stream = 0, dts = 1337059).
[in#0/mpegts @ 0x5606808dacc0] corrupt input packet in stream 0
21:46:46.247344/SRT:TsbPd!W:SRT.br: @575149429: RCV-DROPPED 1 packet(s). Packet seqno %1181184359 delayed for 0.215 ms
21:46:46.247455/SRT:TsbPd!W:SRT.br: @575149429: RCV-DROPPED 1 packet(s). Packet seqno %1181184362 delayed for 0.326 ms
21:46:46.247501/SRT:TsbPd!W:SRT.br: @575149429: RCV-DROPPED 1 packet(s). Packet seqno %1181184366 delayed for 0.367 ms
[mpegts @ 0x5606808dadc0] Packet corrupt (stream = 0, dts = 1351459).
[in#0/mpegts @ 0x5606808dacc0] corrupt input packet in stream 0
21:46:46.287212/SRT:TsbPd!W:SRT.br: @575149429: RCV-DROPPED 1 packet(s). Packet seqno %1181184370 delayed for 0.463 ms
21:46:46.287426/SRT:TsbPd!W:SRT.br: @575149429: RCV-DROPPED 1 packet(s). Packet seqno %1181184372 delayed for 0.676 ms
21:46:46.287626/SRT:TsbPd!W:SRT.br: @575149429: RCV-DROPPED 1 packet(s). Packet seqno %1181184377 delayed for 0.873 ms
[mpegts @ 0x5606808dadc0] Packet corrupt (stream = 0, dts = 1355059).
[in#0/mpegts @ 0x5606808dacc0] corrupt input packet in stream 0
21:46:46.326965/SRT:TsbPd!W:SRT.br: @575149429: RCV-DROPPED 1 packet(s). Packet seqno %1181184391 delayed for 0.262 ms
[mpegts @ 0x5606808dadc0] Packet corrupt (stream = 0, dts = 1358659).
[in#0/mpegts @ 0x5606808dacc0] corrupt input packet in stream 0
21:46:46.407320/SRT:TsbPd!W:SRT.br: @575149429: RCV-DROPPED 1 packet(s). Packet seqno %1181184420 delayed for 0.105 ms
21:46:46.447260/SRT:TsbPd!W:SRT.br: @575149429: RCV-DROPPED 1 packet(s). Packet seqno %1181184426 delayed for 0.093 ms
[mpegts @ 0x5606808dadc0] Packet corrupt (stream = 0, dts = 1365859).
[in#0/mpegts @ 0x5606808dacc0] corrupt input packet in stream 0
21:46:46.447552/SRT:TsbPd!W:SRT.br: @575149429: RCV-DROPPED 1 packet(s). Packet seqno %1181184430 delayed for 0.378 ms
size=    6144kB time=00:00:13.73 bitrate=3664.2kbits/s speed=1.87x    21:46:46.447624/SRT:TsbPd!W:SRT.br: @575149429: RCV-DROPPED 1 packet(s). Packet seqno %1181184432 delayed for 0.448 ms
21:46:46.487479/SRT:TsbPd!W:SRT.br: @575149429: RCV-DROPPED 2 packet(s). Packet seqno %1181184437 delayed for 0.088 ms
21:46:46.487632/SRT:TsbPd!W:SRT.br: @575149429: RCV-DROPPED 1 packet(s). Packet seqno %1181184453 delayed for 0.232 ms
21:46:46.526839/SRT:TsbPd!W:SRT.br: @575149429: RCV-DROPPED 1 packet(s). Packet seqno %1181184459 delayed for 0.156 ms
[mpegts @ 0x5606808dadc0] Packet corrupt (stream = 0, dts = 1369459).
[in#0/mpegts @ 0x5606808dacc0] corrupt input packet in stream 0
21:46:46.606584/SRT:TsbPd!W:SRT.br: @575149429: RCV-DROPPED 1 packet(s). Packet seqno %1181184484 delayed for 0.145 ms
21:46:46.606660/SRT:TsbPd!W:SRT.br: @575149429: RCV-DROPPED 1 packet(s). Packet seqno %1181184487 delayed for 0.191 ms
[mpegts @ 0x5606808dadc0] Packet corrupt (stream = 0, dts = 1383859).
[in#0/mpegts @ 0x5606808dacc0] corrupt input packet in stream 0
21:46:46.647181/SRT:TsbPd!W:SRT.br: @575149429: RCV-DROPPED 1 packet(s). Packet seqno %1181184498 delayed for 0.315 ms
21:46:46.686953/SRT:TsbPd!W:SRT.br: @575149429: RCV-DROPPED 1 packet(s). Packet seqno %1181184502 delayed for 0.070 ms
[mpegts @ 0x5606808dadc0] Packet corrupt (stream = 0, dts = 1387459).
[in#0/mpegts @ 0x5606808dacc0] corrupt input packet in stream 0
21:46:46.727518/SRT:TsbPd!W:SRT.br: @575149429: RCV-DROPPED 1 packet(s). Packet seqno %1181184515 delayed for 0.094 ms
21:46:46.727646/SRT:TsbPd!W:SRT.br: @575149429: RCV-DROPPED 1 packet(s). Packet seqno %1181184524 delayed for 0.222 ms
21:46:46.767039/SRT:TsbPd!W:SRT.br: @575149429: RCV-DROPPED 2 packet(s). Packet seqno %1181184533 delayed for 0.078 ms
[mpegts @ 0x5606808dadc0] Packet corrupt (stream = 0, dts = 1394659).
[in#0/mpegts @ 0x5606808dacc0] corrupt input packet in stream 0
21:46:46.807257/SRT:TsbPd!W:SRT.br: @575149429: RCV-DROPPED 1 packet(s). Packet seqno %1181184549 delayed for 0.779 ms
21:46:46.846702/SRT:TsbPd!W:SRT.br: @575149429: RCV-DROPPED 1 packet(s). Packet seqno %1181184553 delayed for 0.066 ms
21:46:46.849506/SRT:TsbPd!W:SRT.br: @575149429: RCV-DROPPED 1 packet(s). Packet seqno %1181184558 delayed for 2.861 ms
[mpegts @ 0x5606808dadc0] Packet corrupt (stream = 0, dts = 1401859).
[in#0/mpegts @ 0x5606808dacc0] corrupt input packet in stream 0
21:46:46.888403/SRT:TsbPd!W:SRT.br: @575149429: RCV-DROPPED 1 packet(s). Packet seqno %1181184579 delayed for 0.799 ms
21:46:46.927175/SRT:TsbPd!W:SRT.br: @575149429: RCV-DROPPED 1 packet(s). Packet seqno %1181184585 delayed for 0.080 ms
21:46:46.927351/SRT:TsbPd!W:SRT.br: @575149429: RCV-DROPPED 1 packet(s). Packet seqno %1181184591 delayed for 0.253 ms
[mpegts @ 0x5606808dadc0] Packet corrupt (stream = 0, dts = 1409059).
[in#0/mpegts @ 0x5606808dacc0] corrupt input packet in stream 0
21:46:46.947768/SRT:TsbPd!W:SRT.br: @575149429: RCV-DROPPED 2 packet(s). Packet seqno %1181184601 delayed for 0.293 ms
21:46:46.947822/SRT:TsbPd!W:SRT.br: @575149429: RCV-DROPPED 1 packet(s). Packet seqno %1181184603 delayed for 0.349 ms
[mpegts @ 0x5606808dadc0] Packet corrupt (stream = 0, dts = 1416259).
[in#0/mpegts @ 0x5606808dacc0] corrupt input packet in stream 0
21:46:46.949153/SRT:TsbPd!W:SRT.br: @575149429: RCV-DROPPED 1 packet(s). Packet seqno %1181184618 delayed for 0.242 ms
21:46:46.949210/SRT:TsbPd!W:SRT.br: @575149429: RCV-DROPPED 1 packet(s). Packet seqno %1181184622 delayed for 0.297 ms
size=    6144kB time=00:00:14.25 bitrate=3530.5kbits/s speed= 1.8x    21:46:46.950600/SRT:TsbPd!W:SRT.br: @575149429: RCV-DROPPED 1 packet(s). Packet seqno %1181184651 delayed for 0.112 ms
[mpegts @ 0x5606808dadc0] Packet corrupt (stream = 0, dts = 1419859).
[in#0/mpegts @ 0x5606808dacc0] corrupt input packet in stream 0
21:46:46.951479/SRT:TsbPd!W:SRT.br: @575149429: RCV-DROPPED 1 packet(s). Packet seqno %1181184661 delayed for 0.957 ms
21:46:46.951588/SRT:TsbPd!W:SRT.br: @575149429: RCV-DROPPED 1 packet(s). Packet seqno %1181184667 delayed for 1.062 ms
21:46:46.951731/SRT:TsbPd!W:SRT.br: @575149429: RCV-DROPPED 1 packet(s). Packet seqno %1181184669 delayed for 1.202 ms
21:46:46.951797/SRT:TsbPd!W:SRT.br: @575149429: RCV-DROPPED 1 packet(s). Packet seqno %1181184672 delayed for 1.264 ms
[mpegts @ 0x5606808dadc0] Packet corrupt (stream = 0, dts = 1423459).
[in#0/mpegts @ 0x5606808dacc0] corrupt input packet in stream 0
21:46:46.952795/SRT:TsbPd!W:SRT.br: @575149429: RCV-DROPPED 1 packet(s). Packet seqno %1181184680 delayed for 0.565 ms
[mpegts @ 0x5606808dadc0] Packet corrupt (stream = 0, dts = 1427059).
[in#0/mpegts @ 0x5606808dacc0] corrupt input packet in stream 0
21:46:46.985858/SRT:TsbPd!W:SRT.br: @575149429: RCV-DROPPED 1 packet(s). Packet seqno %1181184693 delayed for 2.309 ms
21:46:47.009259/SRT:TsbPd!W:SRT.br: @575149429: RCV-DROPPED 1 packet(s). Packet seqno %1181184707 delayed for 25.693 ms
[mpegts @ 0x5606808dadc0] PES packet size mismatch
[mpegts @ 0x5606808dadc0] Packet corrupt (stream = 1, dts = 1407045).
[in#0/mpegts @ 0x5606808dacc0] corrupt input packet in stream 1
    Last message repeated 2 times
[mpegts @ 0x560680a68740] AAC bitstream not in ADTS format and extradata missing
[mpegts @ 0x5606808dadc0] Packet corrupt (stream = 0, dts = 1430659).
[in#0/mpegts @ 0x5606808dacc0] corrupt input packet in stream 0
21:46:47.076359/SRT:TsbPd!W:SRT.br: @575149429: RCV-DROPPED 2 packet(s). Packet seqno %1181184739 delayed for 56.577 ms
[mpegts @ 0x5606808dadc0] Packet corrupt (stream = 0, dts = 1441459).
[in#0/mpegts @ 0x5606808dacc0] corrupt input packet in stream 0
21:46:47.106626/SRT:TsbPd!W:SRT.br: @575149429: RCV-DROPPED 1 packet(s). Packet seqno %1181184754 delayed for 82.894 ms
21:46:47.154426/SRT:TsbPd!W:SRT.br: @575149429: RCV-DROPPED 1 packet(s). Packet seqno %1181184775 delayed for 98.875 ms
[mpegts @ 0x5606808dadc0] Packet corrupt (stream = 0, dts = 1452259).
[in#0/mpegts @ 0x5606808dacc0] corrupt input packet in stream 0
21:46:47.176452/SRT:TsbPd!W:SRT.br: @575149429: RCV-DROPPED 2 packet(s). Packet seqno %1181184784 delayed for 118.036 ms
[mpegts @ 0x5606808dadc0] Packet corrupt (stream = 0, dts = 1459459).
[in#0/mpegts @ 0x5606808dacc0] corrupt input packet in stream 0
21:46:47.188781/SRT:TsbPd!W:SRT.br: @575149429: RCV-DROPPED 1 packet(s). Packet seqno %1181184790 delayed for 130.225 ms
21:46:47.223118/SRT:TsbPd!W:SRT.br: @575149429: RCV-DROPPED 1 packet(s). Packet seqno %1181184805 delayed for 164.541 ms
[mpegts @ 0x5606808dadc0] PES packet size mismatch
[mpegts @ 0x5606808dadc0] Packet corrupt (stream = 1, dts = 1436302).
[in#0/mpegts @ 0x5606808dacc0] corrupt input packet in stream 1
    Last message repeated 2 times
[mpegts @ 0x560680a68740] AAC bitstream not in ADTS format and extradata missing
[mpegts @ 0x5606808dadc0] Packet corrupt (stream = 0, dts = 1463059).
[in#0/mpegts @ 0x5606808dacc0] corrupt input packet in stream 0
21:46:47.284767/SRT:TsbPd!W:SRT.br: @575149429: RCV-DROPPED 1 packet(s). Packet seqno %1181184831 delayed for 173.549 ms
21:46:47.299690/SRT:TsbPd!W:SRT.br: @575149429: RCV-DROPPED 1 packet(s). Packet seqno %1181184836 delayed for 188.469 ms
[mpegts @ 0x5606808dadc0] Packet corrupt (stream = 0, dts = 1473859).
[in#0/mpegts @ 0x5606808dacc0] corrupt input packet in stream 0
21:46:47.338708/SRT:TsbPd!W:SRT.br: @575149429: RCV-DROPPED 1 packet(s). Packet seqno %1181184854 delayed for 189.293 ms
[mpegts @ 0x5606808dadc0] Packet corrupt (stream = 0, dts = 1477459).
[in#0/mpegts @ 0x5606808dacc0] corrupt input packet in stream 0
21:46:47.359692/SRT:TsbPd!W:SRT.br: @575149429: RCV-DROPPED 1 packet(s). Packet seqno %1181184864 delayed for 209.143 ms
21:46:47.375612/SRT:TsbPd!W:SRT.br: @575149429: RCV-DROPPED 1 packet(s). Packet seqno %1181184871 delayed for 225.053 ms
21:46:47.381727/SRT:TsbPd!W:SRT.br: @575149429: RCV-DROPPED 1 packet(s). Packet seqno %1181184873 delayed for 231.127 ms
[mpegts @ 0x5606808dadc0] Packet corrupt (stream = 0, dts = 1484659).
[in#0/mpegts @ 0x5606808dacc0] corrupt input packet in stream 0
21:46:47.416267/SRT:TsbPd!W:SRT.br: @575149429: RCV-DROPPED 1 packet(s). Packet seqno %1181184887 delayed for 264.038 ms
[mpegts @ 0x5606808dadc0] Packet corrupt (stream = 0, dts = 1491859).
[in#0/mpegts @ 0x5606808dacc0] corrupt input packet in stream 0
size=    6656kB time=00:00:15.21 bitrate=3583.4kbits/s speed=1.81x    21:46:47.551437/SRT:TsbPd!W:SRT.br: @575149429: RCV-DROPPED 1 packet(s). Packet seqno %1181184931 delayed for 237.309 ms
21:46:47.575709/SRT:TsbPd!W:SRT.br: @575149429: RCV-DROPPED 1 packet(s). Packet seqno %1181184942 delayed for 261.564 ms
[mpegts @ 0x5606808dadc0] Packet corrupt (stream = 0, dts = 1506259).
[in#0/mpegts @ 0x5606808dacc0] corrupt input packet in stream 0
21:46:47.596525/SRT:TsbPd!W:SRT.br: @575149429: RCV-DROPPED 1 packet(s). Packet seqno %1181184952 delayed for 277.377 ms
[mpegts @ 0x5606808dadc0] Packet corrupt (stream = 0, dts = 1509859).
[in#0/mpegts @ 0x5606808dacc0] corrupt input packet in stream 0
21:46:47.637796/SRT:TsbPd!W:SRT.br: @575149429: RCV-DROPPED 1 packet(s). Packet seqno %1181184970 delayed for 305.344 ms
21:46:47.650969/SRT:TsbPd!W:SRT.br: @575149429: RCV-DROPPED 1 packet(s). Packet seqno %1181184977 delayed for 318.505 ms
[mpegts @ 0x5606808dadc0] Packet corrupt (stream = 0, dts = 1517059)21:46:47.665550/SRT:TsbPd!W:SRT.br: @575149429: RCV-DROPPED 1 packet(s). Packet seqno %1181184983 delayed for 323.934 ms
.
[in#0/mpegts @ 0x5606808dacc0] corrupt input packet in stream 0
[mpegts @ 0x5606808dadc0] Packet corrupt (stream = 0, dts = 1520659).
21:46:47.686695/SRT:TsbPd!W:SRT.br: @575149429: RCV-DROPPED 2 packet(s). Packet seqno %1181184994 delayed for 340.505 ms
[in#0/mpegts @ 0x5606808dacc0] corrupt input packet in stream 0
[mpegts @ 0x5606808dadc0] Packet corrupt (stream = 0, dts = 1524259).
[in#0/mpegts @ 0x5606808dacc0] corrupt input packet in stream 0
21:46:47.737132/SRT:TsbPd!W:SRT.br: @575149429: RCV-DROPPED 2 packet(s). Packet seqno %1181185024 delayed for 372.310 ms
[mpegts @ 0x5606808dadc0] Packet corrupt (stream = 0, dts = 1527859).
[in#0/mpegts @ 0x5606808dacc0] corrupt input packet in stream 0
21:46:47.759760/SRT:TsbPd!W:SRT.br: @575149429: RCV-DROPPED 1 packet(s). Packet seqno %1181185039 delayed for 382.915 ms
21:46:47.765153/SRT:TsbPd!W:SRT.br: @575149429: RCV-DROPPED 1 packet(s). Packet seqno %1181185043 delayed for 388.301 ms
[mpegts @ 0x5606808dadc0] Packet corrupt (stream = 0, dts = 1538659).
[in#0/mpegts @ 0x5606808dacc0] corrupt input packet in stream 0
21:46:47.787868/SRT:TsbPd!W:SRT.br: @575149429: RCV-DROPPED 1 packet(s). Packet seqno %1181185063 delayed for 389.883 ms
[mpegts @ 0x5606808dadc0] Packet corrupt (stream = 0, dts = 1542259).
[in#0/mpegts @ 0x5606808dacc0] corrupt input packet in stream 0
21:46:47.794874/SRT:TsbPd!W:SRT.br: @575149429: RCV-DROPPED 1 packet(s). Packet seqno %1181185072 delayed for 386.774 ms
21:46:47.804128/SRT:TsbPd!W:SRT.br: @575149429: RCV-DROPPED 1 packet(s). Packet seqno %1181185083 delayed for 394.481 ms
[mpegts @ 0x5606808dadc0] Packet corrupt (stream = 0, dts = 1549459).
[in#0/mpegts @ 0x5606808dacc0] corrupt input packet in stream 0
21:46:47.823696/SRT:TsbPd!W:SRT.br: @575149429: RCV-DROPPED 1 packet(s). Packet seqno %1181185107 delayed for 393.373 ms
21:46:47.832297/SRT:TsbPd!W:SRT.br: @575149429: RCV-DROPPED 1 packet(s). Packet seqno %1181185119 delayed for 401.807 ms
[mpegts @ 0x5606808dadc0] Packet corrupt (stream = 0, dts = 1560259).
[in#0/mpegts @ 0x5606808dacc0] corrupt input packet in stream 0
21:46:47.839528/SRT:TsbPd!W:SRT.br: @575149429: RCV-DROPPED 1 packet(s). Packet seqno %1181185127 delayed for 397.430 ms
[mpegts @ 0x5606808dadc0] Packet corrupt (stream = 0, dts = 1563859).
[in#0/mpegts @ 0x5606808dacc0] corrupt input packet in stream 0
21:46:47.858405/SRT:TsbPd!W:SRT.br: @575149429: RCV-DROPPED 1 packet(s). Packet seqno %1181185145 delayed for 329.233 ms
21:46:47.868349/SRT:TsbPd!W:SRT.br: @575149429: RCV-DROPPED 1 packet(s). Packet seqno %1181185159 delayed for 326.080 ms
[mpegts @ 0x5606808dadc0] Packet corrupt (stream = 0, dts = 1571059).
[in#0/mpegts @ 0x5606808dacc0] corrupt input packet in stream 0
21:46:47.873138/SRT:TsbPd!W:SRT.br: @575149429: RCV-DROPPED 1 packet(s). Packet seqno %1181185165 delayed for 320.600 ms
21:46:47.882696/SRT:TsbPd!W:SRT.br: @575149429: RCV-DROPPED 1 packet(s). Packet seqno %1181185178 delayed for 330.141 ms
[mpegts @ 0x5606808dadc0] Packet corrupt (stream = 0, dts = 1574659).
[in#0/mpegts @ 0x5606808dacc0] corrupt input packet in stream 0
21:46:47.904443/SRT:TsbPd!W:SRT.br: @575149429: RCV-DROPPED 1 packet(s). Packet seqno %1181185200 delayed for 325.181 ms
[mpegts @ 0x5606808dadc0] Packet corrupt (stream = 0, dts = 1585459).
[in#0/mpegts @ 0x5606808dacc0] corrupt input packet in stream 0
21:46:47.916556/SRT:TsbPd!W:SRT.br: @575149429: RCV-DROPPED 1 packet(s). Packet seqno %1181185216 delayed for 311.528 ms
[mpegts @ 0x5606808dadc0] Packet corrupt (stream = 0, dts = 1589059).
[in#0/mpegts @ 0x5606808dacc0] corrupt input packet in stream 0
21:46:47.931230/SRT:TsbPd!W:SRT.br: @575149429: RCV-DROPPED 1 packet(s). Packet seqno %1181185234 delayed for 312.243 ms
21:46:47.939172/SRT:TsbPd!W:SRT.br: @575149429: RCV-DROPPED 1 packet(s). Packet seqno %1181185244 delayed for 320.170 ms
21:46:47.949066/SRT:TsbPd!W:SRT.br: @575149429: RCV-DROPPED 2 packet(s). Packet seqno %1181185254 delayed for 304.815 ms
21:46:47.952915/SRT:TsbPd!W:SRT.br: @575149429: RCV-DROPPED 1 packet(s). Packet seqno %1181185259 delayed for 303.836 ms
[mpegts @ 0x5606808dadc0] Packet corrupt (stream = 0, dts = 1596259).
[in#0/mpegts @ 0x5606808dacc0] corrupt input packet in stream 0
21:46:47.956787/SRT:TsbPd!W:SRT.br: @575149429: RCV-DROPPED 1 packet(s). Packet seqno %1181185265 delayed for 307.652 ms
[mpegts @ 0x5606808dadc0] Packet corrupt (stream = 0, dts = 1603459).
[in#0/mpegts @ 0x5606808dacc0] corrupt input packet in stream 0
21:46:47.969974/SRT:TsbPd!W:SRT.br: @575149429: RCV-DROPPED 1 packet(s). Packet seqno %1181185281 delayed for 315.216 ms
21:46:47.975732/SRT:TsbPd!W:SRT.br: @575149429: RCV-DROPPED 2 packet(s). Packet seqno %1181185289 delayed for 314.990 ms
size=    6912kB time=00:00:16.39 bitrate=3454.0kbits/s speed=1.83x    [mpegts @ 0x5606808dadc0] Packet corrupt (stream = 0, dts = 1607059).
[in#0/mpegts @ 0x5606808dacc0] corrupt input packet in stream 0
21:46:47.991439/SRT:TsbPd!W:SRT.br: @575149429: RCV-DROPPED 1 packet(s). Packet seqno %1181185303 delayed for 323.685 ms
[mpegts @ 0x5606808dadc0] Packet corrupt (stream = 0, dts = 1614259).
21:46:47.999615/SRT:TsbPd!W:SRT.br: @575149429: RCV-DROPPED 1 packet(s). Packet seqno %1181185310 delayed for 322.992 ms
[in#0/mpegts @ 0x5606808dacc0] corrupt input packet in stream 0
21:46:48.003447/SRT:TsbPd!W:SRT.br: @575149429: RCV-DROPPED 1 packet(s). Packet seqno %1181185315 delayed for 326.813 ms
[mpegts @ 0x5606808dadc0] Packet corrupt (stream = 0, dts = 1617859).
[in#0/mpegts @ 0x5606808dacc0] corrupt input packet in stream 0
21:46:48.023564/SRT:TsbPd!W:SRT.br: @575149429: RCV-DROPPED 1 packet(s). Packet seqno %1181185340 delayed for 339.009 ms
21:46:48.026474/SRT:TsbPd!W:SRT.br: @575149429: RCV-DROPPED 1 packet(s). Packet seqno %1181185342 delayed for 305.372 ms
[mpegts @ 0x5606808dadc0] Packet corrupt (stream = 0, dts = 1625059).
[in#0/mpegts @ 0x5606808dacc0] corrupt input packet in stream 0
21:46:48.032271/SRT:TsbPd!W:SRT.br: @575149429: RCV-DROPPED 1 packet(s). Packet seqno %1181185349 delayed for 311.069 ms
21:46:48.036671/SRT:TsbPd!W:SRT.br: @575149429: RCV-DROPPED 1 packet(s). Packet seqno %1181185355 delayed for 315.447 ms
21:46:48.038410/SRT:TsbPd!W:SRT.br: @575149429: RCV-DROPPED 1 packet(s). Packet seqno %1181185357 delayed for 317.181 ms
21:46:48.040307/SRT:TsbPd!W:SRT.br: @575149429: RCV-DROPPED 2 packet(s). Packet seqno %1181185360 delayed for 319.071 ms
21:46:48.043763/SRT:TsbPd!W:SRT.br: @575149429: RCV-DROPPED 1 packet(s). Packet seqno %1181185364 delayed for 322.517 ms
21:46:48.051841/SRT:TsbPd!W:SRT.br: @575149429: RCV-DROPPED 1 packet(s). Packet seqno %1181185368 delayed for 330.588 ms
[mpegts @ 0x5606808dadc0] Packet corrupt (stream = 0, dts = 1628659).
21:46:48.056642/SRT:TsbPd!W:SRT.br: @575149429: RCV-DROPPED 1 packet(s). Packet seqno %1181185375 delayed for 335.344 ms
[in#0/mpegts @ 0x5606808dacc0] corrupt input packet in stream 0
21:46:48.065689/SRT:TsbPd!W:SRT.br: @575149429: RCV-DROPPED 1 packet(s). Packet seqno %1181185387 delayed for 344.373 ms
21:46:48.067396/SRT:TsbPd!W:SRT.br: @575149429: RCV-DROPPED 2 packet(s). Packet seqno %1181185390 delayed for 346.076 ms
21:46:48.073177/SRT:TsbPd!W:SRT.br: @575149429: RCV-DROPPED 1 packet(s). Packet seqno %1181185397 delayed for 351.835 ms
21:46:48.077585/SRT:TsbPd!W:SRT.br: @575149429: RCV-DROPPED 1 packet(s). Packet seqno %1181185403 delayed for 356.219 ms
[mpegts @ 0x5606808dadc0] Packet corrupt (stream = 0, dts = 1632259).
[in#0/mpegts @ 0x5606808dacc0] corrupt input packet in stream 0
21:46:48.102600/SRT:TsbPd!W:SRT.br: @575149429: RCV-DROPPED 1 packet(s). Packet seqno %1181185438 delayed for 381.110 ms
21:46:48.109870/SRT:TsbPd!W:SRT.br: @575149429: RCV-DROPPED 1 packet(s). Packet seqno %1181185448 delayed for 388.360 ms
[mpegts @ 0x5606808dadc0] Packet corrupt (stream = 0, dts = 1639459).
[in#0/mpegts @ 0x5606808dacc0] corrupt input packet in stream 0
21:46:48.135224/SRT:TsbPd!W:SRT.br: @575149429: RCV-DROPPED 1 packet(s). Packet seqno %1181185483 delayed for 386.031 ms
[mpegts @ 0x5606808dadc0] Packet corrupt (stream = 0, dts = 1646659).
[in#0/mpegts @ 0x5606808dacc0] corrupt input packet in stream 0
21:46:48.160466/SRT:TsbPd!W:SRT.br: @575149429: RCV-DROPPED 1 packet(s). Packet seqno %1181185513 delayed for 339.512 ms
21:46:48.163242/SRT:TsbPd!W:SRT.br: @575149429: RCV-DROPPED 1 packet(s). Packet seqno %1181185516 delayed for 323.866 ms
21:46:48.173784/SRT:TsbPd!W:SRT.br: @575149429: RCV-DROPPED 1 packet(s). Packet seqno %1181185530 delayed for 334.395 ms
[mpegts @ 0x5606808dadc0] Packet corrupt (stream = 0, dts = 1653859).
[in#0/mpegts @ 0x5606808dacc0] corrupt input packet in stream 0
21:46:48.184012/SRT:TsbPd!W:SRT.br: @575149429: RCV-DROPPED 1 packet(s). Packet seqno %1181185544 delayed for 340.449 ms
21:46:48.185314/SRT:TsbPd!W:SRT.br: @575149429: RCV-DROPPED 1 packet(s). Packet seqno %1181185546 delayed for 341.748 ms
[mpegts @ 0x5606808dadc0] Packet corrupt (stream = 0, dts = 1661059).
[in#0/mpegts @ 0x5606808dacc0] corrupt input packet in stream 0
21:46:48.199722/SRT:TsbPd!W:SRT.br: @575149429: RCV-DROPPED 1 packet(s). Packet seqno %1181185565 delayed for 325.582 ms
21:46:48.202568/SRT:TsbPd!W:SRT.br: @575149429: RCV-DROPPED 1 packet(s). Packet seqno %1181185569 delayed for 328.422 ms
[mpegts @ 0x5606808dadc0] Packet corrupt (stream = 0, dts = 1664659).
[in#0/mpegts @ 0x5606808dacc0] corrupt input packet in stream 0
21:46:48.211969/SRT:TsbPd!W:SRT.br: @575149429: RCV-DROPPED 1 packet(s). Packet seqno %1181185579 delayed for 328.672 ms
21:46:48.217950/SRT:TsbPd!W:SRT.br: @575149429: RCV-DROPPED 1 packet(s). Packet seqno %1181185581 delayed for 334.644 ms
21:46:48.224368/SRT:TsbPd!W:SRT.br: @575149429: RCV-DROPPED 2 packet(s). Packet seqno %1181185587 delayed for 341.042 ms
21:46:48.230239/SRT:TsbPd!W:SRT.br: @575149429: RCV-DROPPED 1 packet(s). Packet seqno %1181185592 delayed for 344.066 ms
[mpegts @ 0x5606808dadc0] Packet corrupt (stream = 0, dts = 1668259).
[in#0/mpegts @ 0x5606808dacc0] corrupt input packet in stream 0
21:46:48.235600/SRT:TsbPd!W:SRT.br: @575149429: RCV-DROPPED 2 packet(s). Packet seqno %1181185598 delayed for 349.399 ms
[mpegts @ 0x5606808dadc0] Packet corrupt (stream = 0, dts = 1671859).
[in#0/mpegts @ 0x5606808dacc0] corrupt input packet in stream 0
21:46:48.251812/SRT:TsbPd!W:SRT.br: @575149429: RCV-DROPPED 1 packet(s). Packet seqno %1181185616 delayed for 364.518 ms
[mpegts @ 0x5606808dadc0] Packet corrupt (stream = 0, dts = 1675459).
[in#0/mpegts @ 0x5606808dacc0] corrupt input packet in stream 0
21:46:48.258684/SRT:TsbPd!W:SRT.br: @575149429: RCV-DROPPED 1 packet(s). Packet seqno %1181185622 delayed for 352.395 ms
21:46:48.262449/SRT:TsbPd!W:SRT.br: @575149429: RCV-DROPPED 1 packet(s). Packet seqno %1181185627 delayed for 356.141 ms
[mpegts @ 0x5606808dadc0] Packet corrupt (stream = 0, dts = 1679059).
[in#0/mpegts @ 0x5606808dacc0] corrupt input packet in stream 0
[in#0/mpegts @ 0x5606808dacc0] Error during demuxing: Input/output error
[in#0/mpegts @ 0x5606808dacc0] Error retrieving a packet from demuxer: Input/output error
[out#0/mpegts @ 0x560680990000] video:7096kB audio:234kB subtitle:0kB other streams:0kB global headers:0kB muxing overhead: 3.600035%
size=    7594kB time=00:00:17.25 bitrate=3605.0kbits/s speed=1.87x    
